ticker,entry_date,exit_date,entry_price,exit_price,shares,cost,proceeds,profit,return,holding_days
ACAD,2023-03-15 13:30:00+00:00,2023-03-16 13:30:00+00:00,19.850000381469727,20.6200008392334,50,993.4925190925597,1029.9690419197082,36.476522827148415,0.03671544790338783,1
ATEC,2023-03-15 13:30:00+00:00,2023-03-16 13:30:00+00:00,15.100000381469728,15.460000038146973,66,997.596625202179,1019.3396425151825,21.74301731300352,0.021795399827657744,1
AVGO,2023-03-15 13:30:00+00:00,2023-03-16 13:30:00+00:00,62.604000091552734,63.650001525878906,15,939.9990613746642,953.7952728652954,13.796211490631208,0.014676835390085909,1
BGC,2023-03-15 13:30:00+00:00,2023-03-16 13:30:00+00:00,5.070000171661377,5.400000095367432,197,999.7888238511084,1062.7362187685967,62.94739491748828,0.06296069071368475,1
ANDE,2023-03-15 13:30:00+00:00,2023-03-17 13:30:00+00:00,39.59000015258789,38.150001525878906,25,990.7397538185119,952.7962881088257,-37.943465709686166,-0.038298115689255785,2
ARDX,2023-03-15 13:30:00+00:00,2023-03-17 13:30:00+00:00,3.990000009536743,4.050000190734863,250,998.4975023865699,1011.4875476360321,12.990045249462241,0.013009592130590152,2
AVDL,2023-03-15 13:30:00+00:00,2023-03-20 13:30:00+00:00,9.18000030517578,8.180000305175781,108,992.431472991943,882.5565929260254,-109.87488006591764,-0.11071281298110308,5
AXON,2023-03-15 13:30:00+00:00,2023-03-21 13:30:00+00:00,211.2100067138672,219.67999267578125,4,845.6848668823242,877.8412507324218,32.156383850097654,0.03802407387120972,6
ASTH,2023-03-17 13:30:00+00:00,2023-03-21 13:30:00+00:00,36.93000030517578,39.65999984741211,27,998.1071182479857,1069.7491758842468,71.64205763626114,0.07177792476023725,4
AMD,2023-03-17 13:30:00+00:00,2023-03-23 13:30:00+00:00,97.83999633789062,100.27999877929688,10,979.3783633422851,1001.7971878051758,22.41882446289071,0.02289087170190578,6
ACLS,2023-03-20 13:30:00+00:00,2023-03-23 13:30:00+00:00,131.50999450683594,131.3800048828125,7,921.4905315093993,918.7403741455078,-2.7501573638915033,-0.002984466220598873,3
AAPL,2023-03-21 13:30:00+00:00,2023-03-23 13:30:00+00:00,159.27999877929688,158.92999267578125,6,956.6356726684569,952.6263760986328,-4.009296569824073,-0.004191038118660648,2
ASO,2023-03-17 13:30:00+00:00,2023-03-24 13:30:00+00:00,63.310001373291016,64.94999694824219,15,950.5996706199645,973.2757042694092,22.676033649444662,0.023854451406085327,7
AMZN,2023-03-22 13:30:00+00:00,2023-03-24 13:30:00+00:00,98.6999969482422,98.12999725341795,10,987.9869694519043,980.3186725616454,-7.668296890258944,-0.007761536464912091,2
ACIC,2023-03-15 13:30:00+00:00,2023-03-27 13:30:00+00:00,2.509999990463257,2.4800000190734863,398,999.9789762005805,986.0529675836563,-13.926008616924264,-0.013926301400691567,12
ASTH,2023-03-24 13:30:00+00:00,2023-03-27 13:30:00+00:00,38.18999862670898,39.04999923706055,26,993.9329042587277,1014.2846801834106,20.351775924682897,0.020476005812345245,3
AAON,2023-03-17 13:30:00+00:00,2023-03-28 13:30:00+00:00,59.5533332824707,63.31999969482422,16,953.8061858520507,1012.1068751220703,58.300689270019575,0.06112425158779885,11
ALGM,2023-03-20 13:30:00+00:00,2023-03-28 13:30:00+00:00,46.560001373291016,45.08000183105469,21,978.7377888679504,945.7333584136962,-33.004430454254134,-0.033721422458234146,8
ACLS,2023-03-24 13:30:00+00:00,2023-03-28 13:30:00+00:00,128.69000244140625,124.7300033569336,7,901.7308471069335,872.2369134750367,-29.49393363189688,-0.032708134280338405,4
AMZN,2023-03-27 13:30:00+00:00,2023-03-28 13:30:00+00:00,98.04000091552734,97.23999786376952,10,981.3804091644286,971.4275786590575,-9.952830505371026,-0.0101416641420885,1
AMPH,2023-03-15 13:30:00+00:00,2023-03-29 13:30:00+00:00,36.84000015258789,37.54999923706055,27,995.6746841239928,1012.8361294212341,17.161445297241244,0.017235996426222387,14
ACLX,2023-03-28 13:30:00+00:00,2023-03-29 13:30:00+00:00,30.25,31.09000015258789,33,999.2482499999999,1024.944035030365,25.695785030365187,0.025715116369095656,1
AAON,2023-03-29 13:30:00+00:00,2023-03-30 13:30:00+00:00,63.186668395996094,63.26666641235352,16,1011.9976810302733,1011.2543959350587,-0.74328509521456,-0.0007344731209836884,1
ADBE,2023-03-22 13:30:00+00:00,2023-03-31 13:30:00+00:00,361.7099914550781,385.3699951171875,2,724.1434028930663,769.9692502441407,45.825847351074344,0.06328283481972342,9
AMD,2023-03-24 13:30:00+00:00,2023-03-31 13:30:00+00:00,97.9499969482422,98.01000213623048,10,980.4794694519043,979.1199213409425,-1.3595481109617822,-0.0013866155828043806,7
ARDX,2023-03-27 13:30:00+00:00,2023-03-31 13:30:00+00:00,4.320000171661377,4.789999961853027,236,1020.539560552597,1129.3095510063172,108.7699904537202,0.10658086629667148,4
AAPL,2023-03-28 13:30:00+00:00,2023-03-31 13:30:00+00:00,157.64999389648438,164.89999389648438,6,946.845863342285,988.4105634155273,41.56470007324231,0.04389806375297714,3
ALGM,2023-03-29 13:30:00+00:00,2023-03-31 13:30:00+00:00,46.65999984741211,47.9900016784668,22,1027.5465166397094,1054.7242568893432,27.17774024963387,0.0264491580765713,2
AMZN,2023-03-29 13:30:00+00:00,2023-03-31 13:30:00+00:00,100.25,103.29000091552734,10,1003.5024999999999,1031.867109146118,28.36460914611814,0.028265608851117105,2
ACLX,2023-03-30 13:30:00+00:00,2023-04-03 13:30:00+00:00,30.530000686645508,29.3700008392334,33,1008.497512681961,968.2408176670075,-40.25669501495349,-0.039917495589945805,4
ACLS,2023-03-31 13:30:00+00:00,2023-04-03 13:30:00+00:00,133.25,132.4199981689453,7,933.6827499999999,926.0130471954345,-7.669702804565418,-0.008214463429430842,3
ALKS,2023-04-03 13:30:00+00:00,2023-04-04 13:30:00+00:00,28.670000076293945,29.100000381469727,36,1033.1521227493286,1046.5524137191771,13.400290969848584,0.012970298056581418,1
AMZN,2023-04-03 13:30:00+00:00,2023-04-04 13:30:00+00:00,102.41000366210938,103.9499969482422,10,1025.1241366577146,1038.4604695129397,13.33633285522501,0.013009480879756091,1
APLS,2023-04-03 13:30:00+00:00,2023-04-04 13:30:00+00:00,76.68000030517578,78.04000091552734,13,997.8368439712523,1013.5054918899536,15.668647918701367,0.015702615125276716,1
APP,2023-03-29 13:30:00+00:00,2023-04-05 13:30:00+00:00,14.979999542236328,15.699999809265137,68,1019.6586088409423,1066.5323870429993,46.873778202057,0.045970070566401594,7
ADBE,2023-04-03 13:30:00+00:00,2023-04-05 13:30:00+00:00,380.0799865722656,382.0199890136719,2,760.9201331176757,763.2759380493164,2.355804931640705,0.0030959950054001025,2
AMGN,2023-04-03 13:30:00+00:00,2023-04-05 13:30:00+00:00,244.44000244140625,253.3699951171875,4,978.7377697753905,1012.4665004882812,33.72873071289075,0.034461458170385234,2
AEP,2023-04-05 13:30:00+00:00,2023-04-06 13:30:00+00:00,94.54000091552734,94.88999938964844,11,1040.9799500808715,1042.7462032928468,1.766253211975254,0.0016967216437146918,1
AMZN,2023-04-05 13:30:00+00:00,2023-04-06 13:30:00+00:00,101.0999984741211,102.05999755859376,10,1012.0109847259521,1019.5793756103517,7.568390884399605,0.007478565943085183,1
ARDX,2023-04-04 13:30:00+00:00,2023-04-10 13:30:00+00:00,4.510000228881836,4.260000228881836,235,1060.9099038410186,1000.0989537334442,-60.8109501075744,-0.05731961770496126,6
APLS,2023-04-06 13:30:00+00:00,2023-04-10 13:30:00+00:00,78.77999877929688,78.88999938964844,13,1025.16412411499,1024.5444220733643,-0.6197020416257146,-0.0006044905659966347,4
AAPL,2023-04-04 13:30:00+00:00,2023-04-12 13:30:00+00:00,165.6300048828125,160.10000610351562,6,994.7738093261718,959.6394365844726,-35.13437274169917,-0.03531895634194277,8
ALNY,2023-04-10 13:30:00+00:00,2023-04-12 13:30:00+00:00,205.44000244140625,202.88999938964844,5,1028.2272122192383,1013.435546951294,-14.791665267944268,-0.014385599887031966,2
ADBE,2023-04-06 13:30:00+00:00,2023-04-13 13:30:00+00:00,380.6000061035156,378.7999877929688,2,761.9612122192382,756.8423756103517,-5.118836608886454,-0.006717975307401366,7
ADUS,2023-04-05 13:30:00+00:00,2023-04-14 13:30:00+00:00,108.19000244140624,111.16999816894533,9,974.6837319946287,999.5294535369874,24.84572154235866,0.025491060050333927,9
AEP,2023-04-10 13:30:00+00:00,2023-04-14 13:30:00+00:00,94.44000244140624,92.5,11,1039.8788668823238,1016.4825,-23.396366882323832,-0.022499127184369874,4
AAON,2023-04-11 13:30:00+00:00,2023-04-14 13:30:00+00:00,63.119998931884766,63.63999938964844,16,1010.9299028930662,1017.2217502441406,6.2918473510743524,0.00622382158552084,3
APPF,2023-04-13 13:30:00+00:00,2023-04-17 13:30:00+00:00,128.67999267578125,129.6300048828125,8,1030.469381347656,1036.0029990234375,5.533617675781443,0.005369997183753809,4
ALGT,2023-04-13 13:30:00+00:00,2023-04-18 13:30:00+00:00,95.7300033569336,98.54000091552734,11,1054.0830669631957,1082.85607006073,28.77300309753423,0.027296713133272317,5
AAON,2023-04-17 13:30:00+00:00,2023-04-18 13:30:00+00:00,63.98666763305664,64.83333587646484,16,1024.810468811035,1036.296040649414,11.485571838378974,0.011207508303173668,1
ACT,2023-04-11 13:30:00+00:00,2023-04-20 13:30:00+00:00,23.90999984741211,24.25,43,1029.1581234321593,1041.70725,12.54912656784063,0.012193584525175107,9
AFYA,2023-04-17 13:30:00+00:00,2023-04-20 13:30:00+00:00,12.649999618530272,12.050000190734863,83,1050.9999183063503,999.1498658151627,-51.850052491187625,-0.04933402142860503,3
ALNY,2023-04-18 13:30:00+00:00,2023-04-20 13:30:00+00:00,201.6699981689453,202.8600006103516,5,1009.3583408355712,1013.2857030487062,3.927362213134984,0.0038909493826382994,2
ADMA,2023-04-19 13:30:00+00:00,2023-04-20 13:30:00+00:00,3.4600000381469727,3.440000057220459,307,1063.2822317228315,1055.0239375491142,-8.258294173717331,-0.007766794109158068,1
AMRK,2023-03-30 13:30:00+00:00,2023-04-21 13:30:00+00:00,34.77000045776367,35.91999816894531,29,1009.3383432884215,1040.6382669525146,31.29992366409317,0.03101033847789643,22
AAPL,2023-04-14 13:30:00+00:00,2023-04-21 13:30:00+00:00,165.2100067138672,165.02000427246094,6,992.2513003234862,989.1299056091309,-3.121394714355347,-0.003145770344002304,7
ARDX,2023-04-17 13:30:00+00:00,2023-04-21 13:30:00+00:00,4.920000076293945,4.949999809265137,215,1058.8578164196012,1063.1857090330125,4.3278926134112226,0.004087321778523074,4
ARCT,2023-04-03 13:30:00+00:00,2023-04-24 13:30:00+00:00,25.700000762939453,28.5,40,1029.0280305480956,1138.86,109.83196945190434,0.10673370033798212,21
APP,2023-04-06 13:30:00+00:00,2023-04-24 13:30:00+00:00,15.720000267028809,15.859999656677246,66,1038.5575376415252,1045.7132173633574,7.155679721832257,0.006890017608540197,18
ACAD,2023-04-21 13:30:00+00:00,2023-04-24 13:30:00+00:00,20.09000015258789,20.13999938964844,53,1065.8347780952452,1066.352547683716,0.5177695884708555,0.0004857878529692588,3
ARGX,2023-04-21 13:30:00+00:00,2023-04-24 13:30:00+00:00,389.3699951171875,391.1199951171875,2,779.5187302246093,781.4577502441406,1.9390200195313128,0.0024874578946584218,3
ARQT,2023-04-21 13:30:00+00:00,2023-04-24 13:30:00+00:00,13.800000190734863,13.279999732971191,77,1063.662614701271,1021.5374194593429,-42.125195241928054,-0.039603906971722315,3
AAON,2023-04-24 13:30:00+00:00,2023-04-25 13:30:00+00:00,65.74666595458984,65.086669921875,15,987.1861893081664,975.3237487792969,-11.862440528869456,-0.012016416616588626,1
ADUS,2023-04-24 13:30:00+00:00,2023-04-25 13:30:00+00:00,113.38999938964844,113.29000091552734,9,1021.5305045013426,1018.5903982315064,-2.940106269836292,-0.0028781384959928307,1
ACLX,2023-04-24 13:30:00+00:00,2023-04-26 13:30:00+00:00,40.220001220703125,44.4900016784668,26,1046.7657517700195,1155.5833035964965,108.81755182647703,0.10395597261610148,2
AKAM,2023-04-25 13:30:00+00:00,2023-04-26 13:30:00+00:00,79.47000122070312,78.69999694824219,13,1034.1431258850096,1022.0768603668213,-12.066265518188288,-0.011667887370872477,1
ARGX,2023-04-25 13:30:00+00:00,2023-04-26 13:30:00+00:00,390.510009765625,382.8349914550781,2,781.8010395507812,764.9043129272461,-16.896726623535073,-0.0216125660733885,1
ARQT,2023-04-25 13:30:00+00:00,2023-04-26 13:30:00+00:00,13.369999885559082,13.899999618530272,78,1043.902851064682,1083.1157702751157,39.21291921043371,0.03756376292146367,1
AKRO,2023-04-19 13:30:00+00:00,2023-04-27 13:30:00+00:00,42.310001373291016,43.630001068115234,25,1058.8077843666076,1089.659276676178,30.851492309570403,0.02913795380530392,8
AMRK,2023-04-25 13:30:00+00:00,2023-04-27 13:30:00+00:00,35.66999816894531,35.48500061035156,29,1035.4643768463134,1028.035952682495,-7.428424163818363,-0.007174002631015583,2
ADUS,2023-04-26 13:30:00+00:00,2023-04-27 13:30:00+00:00,112.54000091552734,114.0199966430664,9,1013.8728682479857,1025.15378981781,11.280921569824386,0.01112656421047965,1
ARCT,2023-04-26 13:30:00+00:00,2023-04-27 13:30:00+00:00,26.649999618530277,25.93000030517578,40,1067.0659847259521,1036.1628121948243,-30.903172531127893,-0.02896088243227485,1
AMRX,2023-04-25 13:30:00+00:00,2023-04-28 13:30:00+00:00,1.7100000381469729,1.9299999475479128,616,1054.4133835220339,1187.691087721825,133.27770419979106,0.12639986013323018,3
AAPL,2023-04-27 13:30:00+00:00,2023-04-28 13:30:00+00:00,168.41000366210938,169.67999267578125,6,1011.4704819946288,1017.0618760986329,5.591394104004053,0.005527985446473706,1
ARDX,2023-04-27 13:30:00+00:00,2023-04-28 13:30:00+00:00,4.519999980926514,4.460000038146973,236,1067.7867154941557,1051.5074489936828,-16.279266500472886,-0.015245803552574716,1
ACAD,2023-04-27 13:30:00+00:00,2023-05-01 13:30:00+00:00,20.5,21.75,52,1067.0659999999998,1129.869,62.80300000000011,0.05885577836797361,4
AMRK,2023-04-28 13:30:00+00:00,2023-05-01 13:30:00+00:00,35.79999923706055,35.7400016784668,30,1075.0739770889281,1071.12785030365,-3.9461267852782385,-0.0036705630211267054,3
APLD,2023-04-21 13:30:00+00:00,2023-05-02 13:30:00+00:00,3.190000057220459,3.1700000762939453,334,1066.5254791307448,1057.7212454566954,-8.804233674049328,-0.008255061736757647,11
AKRO,2023-04-28 13:30:00+00:00,2023-05-02 13:30:00+00:00,44.7400016784668,43.93000030517578,24,1074.8338003234862,1053.2656873168946,-21.568113006591602,-0.020066463298884327,4
AAPL,2023-05-01 13:30:00+00:00,2023-05-02 13:30:00+00:00,169.58999633789062,168.5399932861328,6,1018.557518005371,1010.2287197570801,-8.328798248290923,-0.008177052450215192,1
AFYA,2023-05-01 13:30:00+00:00,2023-05-02 13:30:00+00:00,11.720000267028809,11.59000015258789,93,1091.0499848585127,1076.7921441764831,-14.25784068202961,-0.013067999523301918,1
ALNY,2023-05-01 13:30:00+00:00,2023-05-02 13:30:00+00:00,201.8699951171875,199.0200042724609,5,1010.3593255615233,994.1049213409423,-16.254404220581023,-0.016087746021988147,1
AVAV,2023-04-27 13:30:00+00:00,2023-05-04 13:30:00+00:00,100.19000244140624,100.79000091552734,10,1002.9019244384764,1006.8921091461182,3.990184707641788,0.003978638997901901,7
AMRX,2023-05-02 13:30:00+00:00,2023-05-04 13:30:00+00:00,1.8600000143051147,1.840000033378601,580,1079.8788083052634,1066.132819340229,-13.745988965034485,-0.012729195960986695,2
APLS,2023-05-03 13:30:00+00:00,2023-05-05 13:30:00+00:00,85.0199966430664,93.18000030517578,12,1021.2601996765136,1117.0418436584473,95.78164398193371,0.09378769877869789,2
ACIC,2023-04-28 13:30:00+00:00,2023-05-08 13:30:00+00:00,4.130000114440918,4.670000076293945,261,1079.0079598989485,1217.651149892807,138.64318999385864,0.128491350524275,10
ACLX,2023-04-28 13:30:00+00:00,2023-05-08 13:30:00+00:00,42.68000030517578,43.22999954223633,25,1068.0670076370238,1079.6692385673523,11.60223093032846,0.010862830559664107,10
ACGL,2023-05-05 13:30:00+00:00,2023-05-08 13:30:00+00:00,74.80999755859375,76.13999938964844,14,1048.3873057861326,1064.8940314636232,16.50672567749052,0.01574487366108746,3
AKRO,2023-05-03 13:30:00+00:00,2023-05-09 13:30:00+00:00,45.02000045776367,49.150001525878906,24,1081.5604909973144,1178.4204365844726,96.85994558715811,0.0895557358034065,6
AVO,2023-05-03 13:30:00+00:00,2023-05-09 13:30:00+00:00,11.789999961853027,11.68000030517578,92,1085.764676486969,1073.4854680480955,-12.279208438873411,-0.011309272354119344,6
AAPL,2023-05-05 13:30:00+00:00,2023-05-09 13:30:00+00:00,173.57000732421875,171.77000427246094,6,1042.4614639892577,1029.5894056091308,-12.872058380126873,-0.012347754641086202,4
AZN,2023-05-03 13:30:00+00:00,2023-05-10 13:30:00+00:00,74.58999633789062,74.87000274658203,14,1045.304208679199,1047.1318584136964,1.8276497344972995,0.0017484381286540865,7
ACT,2023-05-08 13:30:00+00:00,2023-05-10 13:30:00+00:00,23.850000381469727,23.920000076293945,46,1098.197117565155,1099.219683506012,1.022565940857021,0.0009311315104561391,2
AGIO,2023-05-09 13:30:00+00:00,2023-05-10 13:30:00+00:00,25.399999618530277,25.799999237060547,43,1093.2921835803986,1108.2905672264098,14.998383646011234,0.013718550147219892,1
AIP,2023-05-09 13:30:00+00:00,2023-05-10 13:30:00+00:00,4.670000076293945,4.550000190734863,237,1107.8968080997465,1077.2716951589584,-30.625112940788085,-0.02764256807754142,1
ALGT,2023-05-09 13:30:00+00:00,2023-05-11 13:30:00+00:00,104.72000122070312,100.37999725341795,10,1048.2472122192382,1002.7961725616454,-45.45103965759279,-0.043359084696603815,2
AMZN,2023-05-10 13:30:00+00:00,2023-05-11 13:30:00+00:00,110.19000244140624,112.18000030517578,10,1103.0019244384762,1120.678203048706,17.67627861022993,0.016025609945539025,1
AKAM,2023-05-10 13:30:00+00:00,2023-05-12 13:30:00+00:00,85.54000091552734,85.31999969482422,12,1027.5064909973144,1022.8161563415528,-4.690334655761603,-0.004564773747763957,2
ALKS,2023-05-11 13:30:00+00:00,2023-05-12 13:30:00+00:00,31.18000030517578,31.15999984741211,35,1092.3913106918333,1089.5093946647644,-2.8819160270688826,-0.0026381718701549424,1
AMPH,2023-05-11 13:30:00+00:00,2023-05-12 13:30:00+00:00,41.68000030517578,41.619998931884766,26,1084.7636879425047,1081.0378522567748,-3.7258356857298622,-0.003434698015008907,1
AGIO,2023-05-12 13:30:00+00:00,2023-05-15 13:30:00+00:00,25.38999938964844,26.200000762939453,43,1092.8617437286377,1125.47343277359,32.6116890449523,0.02984063559008606,3
ATRC,2023-05-03 13:30:00+00:00,2023-05-16 13:30:00+00:00,48.33000183105469,49.0,22,1064.3233003234861,1076.922,12.598699676513888,0.01183728635151057,13
AFRM,2023-05-15 13:30:00+00:00,2023-05-16 13:30:00+00:00,12.800000190734863,12.390000343322754,86,1101.9008164196014,1064.4744894962312,-37.4263269233702,-0.03396524112304345,1
ALGT,2023-05-15 13:30:00+00:00,2023-05-16 13:30:00+00:00,99.6999969482422,98.41999816894533,11,1097.796666397095,1081.5373598785402,-16.259306518554695,-0.014810854337822685,1
AAL,2023-05-15 13:30:00+00:00,2023-05-17 13:30:00+00:00,14.279999732971191,14.90999984741211,77,1100.6595394182204,1146.9219182624818,46.26237884426132,0.042031506735238394,2
ADEA,2023-05-10 13:30:00+00:00,2023-05-18 13:30:00+00:00,8.710000038146973,9.199999809265137,127,1107.27617484951,1167.2315758008956,59.95540095138563,0.0541467452413434,8
AAPL,2023-05-11 13:30:00+00:00,2023-05-18 13:30:00+00:00,173.75,175.0500030517578,6,1043.5424999999998,1049.2497182922364,5.7072182922365755,0.005469080839770854,7
ACIC,2023-05-16 13:30:00+00:00,2023-05-18 13:30:00+00:00,5.300000190734863,5.199999809265137,207,1098.1971395215987,1075.3235605573655,-22.873578964233275,-0.020828299529351862,2
APPF,2023-05-02 13:30:00+00:00,2023-05-19 13:30:00+00:00,137.52999877929688,143.58999633789062,7,963.6727014465331,1004.1248443908692,40.45214294433606,0.04197705598966834,17
AKRO,2023-05-18 13:30:00+00:00,2023-05-19 13:30:00+00:00,45.59999847412109,45.59999847412109,24,1095.4943633422847,1093.305563415527,-2.1887999267576106,-0.0019980019980018146,1
AGIO,2023-05-17 13:30:00+00:00,2023-05-22 13:30:00+00:00,25.979999542236328,26.690000534057617,42,1092.2511407546997,1119.8590424079896,27.6079016532899,0.02527614815235075,5
ADSK,2023-05-19 13:30:00+00:00,2023-05-22 13:30:00+00:00,200.88999938964844,203.4900054931641,5,1005.4544469451903,1016.4325774383547,10.978130493164372,0.01091857570128467,3
ACLX,2023-05-11 13:30:00+00:00,2023-05-23 13:30:00+00:00,44.56999969482422,43.40999984741211,24,1070.749672668457,1040.7981563415528,-29.951516326904084,-0.027972473017209284,12
ANGI,2023-05-12 13:30:00+00:00,2023-05-23 13:30:00+00:00,31.0,34.29999923706055,35,1086.0849999999998,1199.299473323822,113.21447332382218,0.10424089580817542,11
AFRM,2023-05-17 13:30:00+00:00,2023-05-23 13:30:00+00:00,13.15999984741211,14.40999984741211,84,1106.5454271697997,1209.2295471954346,102.68412002563491,0.09279702170770257,6
AMD,2023-05-22 13:30:00+00:00,2023-05-23 13:30:00+00:00,108.0,108.12000274658205,10,1081.08,1080.1188274383546,-0.9611725616452986,-0.00088908550860741,1
ALKT,2023-05-22 13:30:00+00:00,2023-05-24 13:30:00+00:00,14.510000228881836,14.449999809265137,77,1118.387287641525,1111.537335328102,-6.849952313423046,-0.006124848153333669,2
ACLX,2023-05-24 13:30:00+00:00,2023-05-25 13:30:00+00:00,43.0,42.81999969482422,26,1119.118,1112.2066720733642,-6.9113279266357495,-0.0061756918632671,1
ADMA,2023-05-17 13:30:00+00:00,2023-05-26 13:30:00+00:00,4.110000133514404,4.079999923706055,269,1106.69562595129,1096.4224594974519,-10.27316645383803,-0.009282738824423792,9
ARCC,2023-05-24 13:30:00+00:00,2023-05-26 13:30:00+00:00,18.75,18.81999969482422,61,1144.89375,1146.871961402893,1.9782114028930664,0.001727855884350025,2
AAL,2023-05-25 13:30:00+00:00,2023-05-26 13:30:00+00:00,14.380000114440918,14.350000381469728,78,1122.761648935318,1118.1807297248843,-4.580919210433649,-0.004080046031833738,1
AMRX,2023-05-19 13:30:00+00:00,2023-05-30 13:30:00+00:00,2.309999942779541,2.390000104904175,481,1112.2210824494362,1148.440460408449,36.219377959012945,0.03256490865938926,11
ARGX,2023-05-24 13:30:00+00:00,2023-05-30 13:30:00+00:00,403.1700134277344,392.3599853515625,2,807.1463668823242,783.9352507324219,-23.211116149902296,-0.028757010007438095,6
AMPH,2023-05-23 13:30:00+00:00,2023-06-01 13:30:00+00:00,43.709999084472656,45.13999938964844,25,1093.842727088928,1127.3714847564697,33.52875766754164,0.03065226548314911,9
ACIC,2023-05-26 13:30:00+00:00,2023-06-01 13:30:00+00:00,5.260000228881836,5.519999980926514,214,1126.7656890296935,1180.0987159223557,53.33302689266225,0.04733284604946537,6
AGIO,2023-05-24 13:30:00+00:00,2023-06-05 13:30:00+00:00,26.700000762939453,26.059999465942383,43,1149.2481328392028,1119.459397058487,-29.788735780715797,-0.025920195064509793,12
ADAM,2023-06-02 13:30:00+00:00,2023-06-05 13:30:00+00:00,10.270000457763672,10.109999656677246,114,1171.9508322372435,1151.3874209003448,-20.563411336898753,-0.017546308916086,3
ANIP,2023-05-19 13:30:00+00:00,2023-06-06 13:30:00+00:00,45.970001220703125,48.95000076293945,24,1104.3833093261717,1173.6252182922362,69.24190896606456,0.06269735188981787,18
ADMA,2023-05-31 13:30:00+00:00,2023-06-06 13:30:00+00:00,4.070000171661377,4.059999942779541,277,1128.5174375977515,1123.495364165783,-5.022073431968465,-0.0044501513797242116,6
AIP,2023-05-31 13:30:00+00:00,2023-06-06 13:30:00+00:00,6.960000038146973,7.860000133514404,162,1128.6475261859894,1272.046701607704,143.39917542171474,0.12705399346977708,6
AAPL,2023-05-30 13:30:00+00:00,2023-06-07 13:30:00+00:00,177.3000030517578,177.82000732421875,6,1064.8638183288574,1065.853123901367,0.9893055725096929,0.0009290442171866241,8
ACT,2023-06-02 13:30:00+00:00,2023-06-07 13:30:00+00:00,25.21999931335449,26.15999984741211,46,1161.2800883827206,1202.156632987976,40.8765446052555,0.035199556949420376,5
ADSK,2023-06-06 13:30:00+00:00,2023-06-07 13:30:00+00:00,208.00999450683597,201.16000366210935,5,1041.090022506714,1004.7942182922362,-36.2958042144777,-0.034863271599784855,1
ACAD,2023-05-30 13:30:00+00:00,2023-06-08 13:30:00+00:00,23.790000915527344,25.09000015258789,47,1119.2481730728148,1178.0507771644593,58.802604091644525,0.05253759220370781,9
ADEA,2023-05-30 13:30:00+00:00,2023-06-08 13:30:00+00:00,9.770000457763672,10.539999961853027,116,1134.4533731536865,1221.4173555793761,86.96398242568966,0.07665716765770372,9
AFRM,2023-06-07 13:30:00+00:00,2023-06-08 13:30:00+00:00,16.200000762939453,18.850000381469727,73,1183.7826557502744,1374.6739778194428,190.89132206916838,0.16125538006652293,1
AGIO,2023-06-07 13:30:00+00:00,2023-06-08 13:30:00+00:00,27.030000686645508,26.600000381469727,43,1163.4523195552824,1142.656216386795,-20.796103168487434,-0.01787447823941468,1
APLD,2023-05-23 13:30:00+00:00,2023-06-09 13:30:00+00:00,7.940000057220459,7.994999885559082,142,1128.6074881334303,1134.1546937656403,5.54720563221008,0.004915088452394052,17
AGNC,2023-06-08 13:30:00+00:00,2023-06-09 13:30:00+00:00,9.729999542236328,9.789999961853027,124,1207.726463180542,1212.7460352745056,5.0195720939636885,0.004156216036489479,1
ACLS,2023-06-06 13:30:00+00:00,2023-06-12 13:30:00+00:00,165.08999633789062,180.88999938964844,7,1156.7856043395996,1264.9637657318115,108.1781613922119,0.09351617187004158,6
ADMA,2023-06-08 13:30:00+00:00,2023-06-12 13:30:00+00:00,3.9700000286102295,3.869999885559082,305,1212.060858734846,1179.1696151304245,-32.89124360442156,-0.02713662714820572,4
AAL,2023-06-09 13:30:00+00:00,2023-06-12 13:30:00+00:00,15.56999969482422,16.020000457763672,76,1184.5032967834475,1216.302514755249,31.799217971801454,0.02684603585161235,3
ABNB,2023-06-09 13:30:00+00:00,2023-06-12 13:30:00+00:00,117.86000061035156,124.58999633789062,10,1179.778606109619,1244.6540634155274,64.87545730590841,0.054989518346868986,3
ACAD,2023-06-09 13:30:00+00:00,2023-06-12 13:30:00+00:00,24.71999931335449,24.61000061035156,48,1187.7465270080563,1180.098749267578,-7.647777740478432,-0.00643889716077996,3
AAPL,2023-06-08 13:30:00+00:00,2023-06-13 13:30:00+00:00,180.57000732421875,183.30999755859372,6,1084.5034639892576,1098.7601253662108,14.256661376953161,0.013145796071974906,5
ADAM,2023-06-12 13:30:00+00:00,2023-06-13 13:30:00+00:00,10.039999961853027,10.100000381469728,120,1206.0047954177855,1210.788045730591,4.783250312805421,0.0039661951021914485,1
AAL,2023-06-13 13:30:00+00:00,2023-06-14 13:30:00+00:00,16.309999465942383,16.59000015258789,74,1208.1469004402159,1226.4323512802123,18.28545083999643,0.015135122089320188,1
ACAD,2023-06-13 13:30:00+00:00,2023-06-14 13:30:00+00:00,25.030000686645508,24.13999938964844,48,1202.6414729919431,1157.5612507324222,-45.08022225952095,-0.03748434032244866,1
ADBE,2023-06-13 13:30:00+00:00,2023-06-14 13:30:00+00:00,478.989990234375,479.5299987792969,2,958.9379604492186,958.1009375610352,-0.8370228881834691,-0.0008728644841542848,1
ACIC,2023-06-12 13:30:00+00:00,2023-06-15 13:30:00+00:00,4.920000076293945,4.289999961853027,246,1211.5303387870788,1054.2846506252288,-157.24568816185,-0.12979096199875292,3
ABNB,2023-06-13 13:30:00+00:00,2023-06-15 13:30:00+00:00,124.9000015258789,127.8499984741211,9,1125.2241137466428,1149.4993362808227,24.275222534179875,0.021573677845696897,2
AAPL,2023-06-14 13:30:00+00:00,2023-06-15 13:30:00+00:00,183.9499969482422,186.00999450683597,6,1104.8036816711424,1114.9439070739747,10.140225402832357,0.009178305223869369,1
ADI,2023-06-13 13:30:00+00:00,2023-06-16 13:30:00+00:00,192.3699951171875,188.3600006103516,6,1155.374190673828,1129.0298436584476,-26.344347015380436,-0.022801571324711778,3
AFYA,2023-06-15 13:30:00+00:00,2023-06-20 13:30:00+00:00,13.300000190734863,13.15999984741211,89,1184.8837169923781,1170.068746433258,-14.814970559120184,-0.012503311799005407,5
ACT,2023-06-16 13:30:00+00:00,2023-06-20 13:30:00+00:00,24.940000534057617,25.15999984741211,47,1173.3522051258085,1181.3374728355407,7.98526770973217,0.0068055164296350204,4
ALGT,2023-06-16 13:30:00+00:00,2023-06-20 13:30:00+00:00,118.88999938964844,124.36000061035156,9,1071.0800045013427,1118.120765487671,47.04076098632822,0.04391899838353228,4
ADEA,2023-06-09 13:30:00+00:00,2023-06-21 13:30:00+00:00,10.390000343322754,10.710000038146973,114,1185.6444991779326,1219.7190643444062,34.074565166473576,0.02873927656232471,12
ACLS,2023-06-14 13:30:00+00:00,2023-06-21 13:30:00+00:00,172.9199981689453,165.86000061035156,6,1038.5575090026855,994.1648436584472,-44.39266534423825,-0.04274454227081561,7
AFRM,2023-06-15 13:30:00+00:00,2023-06-21 13:30:00+00:00,17.280000686645508,15.5,69,1193.5123674259185,1068.4305,-125.08186742591852,-0.10480148412344154,6
ADSK,2023-06-20 13:30:00+00:00,2023-06-22 13:30:00+00:00,211.9900054931641,206.6999969482422,5,1061.0099774932862,1032.4664847564698,-28.54349273681646,-0.026902190688397252,2
ACT,2023-06-21 13:30:00+00:00,2023-06-22 13:30:00+00:00,24.979999542236328,24.850000381469727,46,1150.229058921814,1141.9569175300599,-8.272141391754076,-0.007191733966022475,1
ACHC,2023-06-21 13:30:00+00:00,2023-06-23 13:30:00+00:00,74.77999877929688,75.7300033569336,15,1122.8216816711424,1134.8141003036499,11.992418632507452,0.010680608353286013,2
ACLS,2023-06-22 13:30:00+00:00,2023-06-23 13:30:00+00:00,170.02999877929688,168.47000122070312,6,1021.200172668457,1009.8091873168945,-11.390985351562449,-0.01115450785892165,1
AAPL,2023-06-22 13:30:00+00:00,2023-06-26 13:30:00+00:00,187.0,185.2700042724609,6,1123.1219999999998,1110.5084056091307,-12.613594390869139,-0.011230831905054963,4
ADEA,2023-06-22 13:30:00+00:00,2023-06-26 13:30:00+00:00,10.710000038146973,10.329999923706056,109,1168.5573941621778,1124.8440216922763,-43.713372469901515,-0.03740798071903242,4
AFYA,2023-06-23 13:30:00+00:00,2023-06-26 13:30:00+00:00,13.800000190734863,13.489999771118164,84,1160.3592160377502,1132.026820793152,-28.332395244598274,-0.024416917496759494,3
AIP,2023-06-16 13:30:00+00:00,2023-06-27 13:30:00+00:00,6.900000095367432,6.599999904632568,172,1187.9868164196014,1134.064783613205,-53.92203280639637,-0.04538942020325494,11
ALKT,2023-06-23 13:30:00+00:00,2023-06-27 13:30:00+00:00,15.609999656677246,16.540000915527344,74,1156.2951145687102,1222.7361076812745,66.44099311256423,0.057460238545889074,4
ACHC,2023-06-26 13:30:00+00:00,2023-06-27 13:30:00+00:00,76.5199966430664,79.04000091552734,15,1148.9477495956419,1184.4144137191772,35.46666412353534,0.030868822482151514,1
ADI,2023-06-27 13:30:00+00:00,2023-06-28 13:30:00+00:00,192.3800048828125,189.8999938964844,6,1155.4343093261718,1138.2605634155275,-17.173745910644357,-0.01486345504199176,1
ALGN,2023-06-27 13:30:00+00:00,2023-06-28 13:30:00+00:00,340.69000244140625,345.07000732421875,3,1023.0920773315429,1034.1748119506835,11.082734619140638,0.010832587667032798,1
AEIS,2023-06-07 13:30:00+00:00,2023-06-29 13:30:00+00:00,106.8499984741211,110.54000091552734,11,1176.5253331985473,1214.72407006073,38.19873686218261,0.03246741551950611,22
AAPL,2023-06-27 13:30:00+00:00,2023-06-30 13:30:00+00:00,188.05999755859372,193.97000122070312,6,1129.4883453369137,1162.6561873168946,33.16784197998095,0.029365368945075174,3
AAON,2023-06-28 13:30:00+00:00,2023-06-30 13:30:00+00:00,63.49333190917969,63.206668853759766,18,1144.0228543395995,1136.5823193283081,-7.440535011291331,-0.006503834239908141,2
ADSK,2023-06-28 13:30:00+00:00,2023-06-30 13:30:00+00:00,206.3000030517578,204.6100006103516,5,1032.5315152740477,1022.0269530487062,-10.504562225341488,-0.010173599614103242,2
ADI,2023-06-29 13:30:00+00:00,2023-06-30 13:30:00+00:00,189.47999572753903,194.80999755859372,6,1138.0168543395991,1167.6911253662106,29.67427102661145,0.026075423148132267,1
ADBE,2023-06-15 13:30:00+00:00,2023-07-03 13:30:00+00:00,490.9100036621094,485.2099914550781,2,982.8018273315429,969.4495629272461,-13.352264404296761,-0.013585917356859418,18
AHCO,2023-06-28 13:30:00+00:00,2023-07-03 13:30:00+00:00,11.609999656677246,11.979999542236328,101,1173.782575289726,1208.7699738121032,34.987398522377134,0.02980739300354766,5
AIP,2023-07-03 13:30:00+00:00,2023-07-05 13:30:00+00:00,6.960000038146973,7.139999866485596,172,1198.3171265678404,1226.8518970584869,28.53477049064645,0.023812369745873786,2
ALGN,2023-07-03 13:30:00+00:00,2023-07-05 13:30:00+00:00,344.5899963378906,336.82000732421875,3,1034.8037590026854,1009.4495619506836,-25.354197052001837,-0.024501454339939287,2
AMRK,2023-07-03 13:30:00+00:00,2023-07-05 13:30:00+00:00,37.65999984741211,36.58000183105469,31,1168.627455265045,1132.8460767059325,-35.781378559112454,-0.030618293621209873,2
AOSL,2023-07-03 13:30:00+00:00,2023-07-05 13:30:00+00:00,32.869998931884766,31.8799991607666,36,1184.5032815093994,1146.5322898178101,-37.970991691589234,-0.03205646812831386,2
ACLS,2023-06-26 13:30:00+00:00,2023-07-06 13:30:00+00:00,168.24000549316406,172.99000549316406,6,1010.4494729919433,1036.9020929260255,26.452619934082236,0.02617906252724935,10
AAL,2023-06-30 13:30:00+00:00,2023-07-06 13:30:00+00:00,17.940000534057617,17.8799991607666,67,1203.182015817642,1196.761983827591,-6.420031990051029,-0.005335877619221388,6
AFYA,2023-07-05 13:30:00+00:00,2023-07-06 13:30:00+00:00,14.470000267028809,14.1899995803833,82,1187.7265619182585,1162.4163856258392,-25.310176292419328,-0.021309766998509897,1
AGIO,2023-06-29 13:30:00+00:00,2023-07-07 13:30:00+00:00,27.450000762939453,26.68000030517578,43,1181.5303828392027,1146.092773109436,-35.43760972976679,-0.02999297372667697,8
ALGT,2023-07-06 13:30:00+00:00,2023-07-07 13:30:00+00:00,122.06999969482422,123.4499969482422,9,1099.7286272506713,1109.9389225616458,10.210295310974516,0.009284377125382577,1
AMBA,2023-07-06 13:30:00+00:00,2023-07-07 13:30:00+00:00,80.19999694824219,80.98999786376953,14,1123.9227572326658,1132.7261101226807,8.803352890014821,0.0078327027665945,1
AAPL,2023-07-05 13:30:00+00:00,2023-07-10 13:30:00+00:00,191.3300018310547,188.6100006103516,6,1149.1279909973143,1130.5283436584475,-18.599647338866816,-0.01618587962749424,5
ALVO,2023-07-07 13:30:00+00:00,2023-07-10 13:30:00+00:00,8.729999542236328,8.489999771118164,135,1179.728488140106,1145.0038191318513,-34.72466900825475,-0.029434458315912775,3
ANIP,2023-07-07 13:30:00+00:00,2023-07-11 13:30:00+00:00,52.02999877929688,51.29999923706055,22,1145.8046331176758,1127.4713832321168,-18.3332498855591,-0.01600032794044065,4
ACHC,2023-07-10 13:30:00+00:00,2023-07-11 13:30:00+00:00,79.51000213623047,79.05000305175781,14,1114.2531699371336,1105.5933426818847,-8.659827255248956,-0.007771866833223858,1
ALGN,2023-07-10 13:30:00+00:00,2023-07-11 13:30:00+00:00,343.70001220703125,350.1000061035156,3,1032.1311366577147,1049.2497182922364,17.11858163452166,0.016585665354458434,1
ADTN,2023-06-21 13:30:00+00:00,2023-07-12 13:30:00+00:00,10.289999961853027,10.779999732971191,113,1163.9327656850814,1216.921829855919,52.98906417083754,0.04552588064624901,21
AMRX,2023-07-06 13:30:00+00:00,2023-07-12 13:30:00+00:00,2.9600000381469727,3.0299999713897705,397,1176.2951351594925,1201.7070786530971,25.411943493604667,0.02160337379118642,6
ADI,2023-07-10 13:30:00+00:00,2023-07-12 13:30:00+00:00,191.0500030517578,195.3999938964844,6,1147.4463183288574,1171.2275634155276,23.781245086670197,0.020725366151599353,2
AFYA,2023-07-11 13:30:00+00:00,2023-07-12 13:30:00+00:00,15.5600004196167,14.869999885559082,75,1168.1670315027236,1114.1347414255142,-54.03229007720938,-0.0462539077204589,1
ADPT,2023-07-12 13:30:00+00:00,2023-07-13 13:30:00+00:00,7.570000171661377,7.360000133514404,155,1174.5233766341207,1139.659220674038,-34.864155960082826,-0.029683662882891655,1
ANDE,2023-07-07 13:30:00+00:00,2023-07-14 13:30:00+00:00,46.68000030517578,46.650001525878906,25,1168.1670076370237,1165.0837881088257,-3.083219528198015,-0.002639365354475104,7
ADEA,2023-07-12 13:30:00+00:00,2023-07-14 13:30:00+00:00,11.399999618530272,11.470000267028809,103,1175.3741606693263,1180.2286174764633,4.854456807137012,0.004130137423110103,2
AMGN,2023-07-13 13:30:00+00:00,2023-07-14 13:30:00+00:00,227.66000366210935,227.42999267578125,5,1139.4383183288571,1136.0128134155273,-3.42550491332986,-0.00300631009000455,1
AMWD,2023-07-06 13:30:00+00:00,2023-07-17 13:30:00+00:00,72.26000213623047,74.66999816894531,16,1157.316194213867,1193.525250732422,36.20905651855492,0.03128709051129344,11
AIP,2023-07-13 13:30:00+00:00,2023-07-17 13:30:00+00:00,7.800000190734863,7.659999847412109,151,1178.9778288297653,1155.5033169822693,-23.474511847495933,-0.019910901862163398,4
AFYA,2023-07-13 13:30:00+00:00,2023-07-18 13:30:00+00:00,15.350000381469728,15.960000038146973,76,1167.766629020691,1211.7470428962708,43.98041387557987,0.03766198894762269,5
AMCX,2023-07-13 13:30:00+00:00,2023-07-18 13:30:00+00:00,13.119999885559082,13.630000114440918,90,1181.9807896900177,1225.4733102893829,43.49252059936521,0.03679630073410196,5
AEIS,2023-07-14 13:30:00+00:00,2023-07-18 13:30:00+00:00,116.58999633789062,122.12000274658205,10,1167.065863342285,1219.9788274383548,52.9129640960698,0.045338455830192616,4
AHCO,2023-07-17 13:30:00+00:00,2023-07-18 13:30:00+00:00,13.479999542236328,14.449999809265137,87,1173.932720134735,1255.8928334226607,81.96011328792565,0.06981670404290195,1
AAOI,2023-07-18 13:30:00+00:00,2023-07-19 13:30:00+00:00,7.670000076293945,8.670000076293945,157,1205.3942019901274,1359.8288219661713,154.4346199760439,0.12811959749023977,1
AMRK,2023-07-17 13:30:00+00:00,2023-07-20 13:30:00+00:00,40.400001525878906,40.61000061035156,29,1172.7716442947387,1176.5123276824952,3.7406833877564623,0.0031896093378058865,3
ALRM,2023-07-18 13:30:00+00:00,2023-07-20 13:30:00+00:00,54.34999847412109,52.90999984741211,22,1196.8956663970944,1162.8559766464234,-34.03968975067096,-0.028439980782232695,2
ABNB,2023-07-19 13:30:00+00:00,2023-07-20 13:30:00+00:00,145.53500366210938,145.27999877929688,8,1165.4443093261718,1161.0777502441406,-4.3665590820312445,-0.003746690465678167,1
ADEA,2023-07-19 13:30:00+00:00,2023-07-20 13:30:00+00:00,11.779999732971191,11.539999961853027,103,1214.5533124685287,1187.431376074791,-27.12193639373777,-0.022330791176727822,1
ADI,2023-07-19 13:30:00+00:00,2023-07-20 13:30:00+00:00,195.7899932861328,189.6499938964844,6,1175.9146996765135,1136.7620634155276,-39.1526362609859,-0.0332954731085142,1
AAPL,2023-07-12 13:30:00+00:00,2023-07-21 13:30:00+00:00,189.7700042724609,191.94000244140625,6,1139.7586456604001,1150.4883746337891,10.729728973389001,0.009414036045475199,9
ALVO,2023-07-17 13:30:00+00:00,2023-07-21 13:30:00+00:00,9.399999618530272,9.899999618530272,125,1176.1749522686,1236.2624523639677,60.08750009536766,0.051087212815977084,4
AAON,2023-07-19 13:30:00+00:00,2023-07-21 13:30:00+00:00,69.01333618164062,67.36000061035156,17,1174.3999418029784,1143.9748903656007,-30.42505143737776,-0.025906891131711223,2
AAOI,2023-07-20 13:30:00+00:00,2023-07-24 13:30:00+00:00,8.119999885559082,8.520000457763672,148,1202.9617430458068,1259.6991076812744,56.73736463546766,0.04716472902273102,4
ACIC,2023-07-21 13:30:00+00:00,2023-07-24 13:30:00+00:00,4.900000095367432,4.800000190734863,245,1201.7005233883856,1174.8240466833115,-26.876476705074083,-0.022365369892068936,3
ADI,2023-07-21 13:30:00+00:00,2023-07-24 13:30:00+00:00,191.9600067138672,192.3699951171875,6,1152.9118003234862,1153.065750732422,0.1539504089357706,0.0001335318182124382,3
AFRM,2023-07-21 13:30:00+00:00,2023-07-25 13:30:00+00:00,17.1200008392334,17.600000381469727,70,1199.5984588050842,1230.768026676178,31.169567871093705,0.025983334375188846,4
AFYA,2023-07-21 13:30:00+00:00,2023-07-25 13:30:00+00:00,15.880000114440918,15.729999542236328,75,1192.1910085916518,1178.5702157020569,-13.620792889594895,-0.011425008904978478,4
AHCO,2023-07-21 13:30:00+00:00,2023-07-25 13:30:00+00:00,13.970000267028809,13.720000267028809,86,1202.621442987442,1178.740102941513,-23.881340045928937,-0.019857736767610847,4
AIP,2023-07-24 13:30:00+00:00,2023-07-25 13:30:00+00:00,6.929999828338623,7.21999979019165,173,1200.0888602728842,1247.8109037394524,47.722043466568266,0.039765424916715676,1
ADBE,2023-07-11 13:30:00+00:00,2023-07-26 13:30:00+00:00,504.739990234375,514.5499877929688,2,1010.4894604492187,1028.0708756103515,17.581415161132895,0.01739890998300663,15
AKAM,2023-07-24 13:30:00+00:00,2023-07-26 13:30:00+00:00,92.8000030517578,94.19000244140624,12,1114.7136366577145,1129.1497492675778,14.436112609863358,0.012950512252768045,2
AMPH,2023-07-24 13:30:00+00:00,2023-07-26 13:30:00+00:00,60.68000030517578,61.380001068115234,19,1154.072925804138,1165.0538002738951,10.980874469757055,0.00951488785867303,2
ACIC,2023-07-25 13:30:00+00:00,2023-07-26 13:30:00+00:00,4.96999979019165,4.980000019073486,244,1213.8926287555694,1213.9048846492767,0.012255893707333598,1.0096357302950108e-05,1
ALGM,2023-07-25 13:30:00+00:00,2023-07-26 13:30:00+00:00,49.52999877929688,48.65999984741211,24,1189.9086906738282,1166.6721563415526,-23.236534332275596,-0.019527997832436268,1
ALKT,2023-07-25 13:30:00+00:00,2023-07-26 13:30:00+00:00,16.610000610351562,16.56999969482422,73,1213.7425746002195,1208.4003677444457,-5.3422068557738385,-0.004401433193141013,1
AFYA,2023-07-26 13:30:00+00:00,2023-07-27 13:30:00+00:00,15.59000015258789,15.449999809265137,77,1201.6304417610168,1188.460335328102,-13.170106432914736,-0.010960197058268301,1
APP,2023-07-26 13:30:00+00:00,2023-07-27 13:30:00+00:00,29.940000534057617,29.979999542236328,40,1198.7976213836669,1198.0007817077637,-0.7968396759031293,-0.0006646990798859003,1
AMWD,2023-07-26 13:30:00+00:00,2023-07-28 13:30:00+00:00,76.7300033569336,76.75,15,1152.1010004043578,1150.09875,-2.00225040435771,-0.0017379122174661524,2
AFRM,2023-07-27 13:30:00+00:00,2023-07-28 13:30:00+00:00,16.43000030517578,17.270000457763672,73,1200.5894123001096,1259.4493233833314,58.85991108322173,0.04902584553903146,1
ALVO,2023-07-27 13:30:00+00:00,2023-07-28 13:30:00+00:00,9.619999885559082,9.800000190734863,125,1203.70248568058,1223.775023818016,20.07253813743614,0.01667566394206374,1
APPF,2023-07-27 13:30:00+00:00,2023-07-28 13:30:00+00:00,175.82000732421875,179.38999938964844,6,1055.9749639892577,1075.2636563415526,19.288692352294902,0.018266240214091973,1
ARGX,2023-07-27 13:30:00+00:00,2023-07-28 13:30:00+00:00,509.0499877929688,515.0,2,1019.1180755615235,1028.97,9.851924438476544,0.009667107938447893,1
ARQT,2023-07-27 13:30:00+00:00,2023-07-28 13:30:00+00:00,10.0,10.859999656677246,120,1201.1999999999998,1301.8967588424682,100.6967588424684,0.08383013556649052,1
ADBE,2023-07-28 13:30:00+00:00,2023-07-31 13:30:00+00:00,528.8699951171875,546.1699829101562,2,1058.7977302246093,1091.2476258544923,32.44989562988303,0.03064787041335953,3
ABNB,2023-07-31 13:30:00+00:00,2023-08-01 13:30:00+00:00,152.19000244140625,148.91000366210938,8,1218.737539550781,1190.0887492675781,-28.64879028320297,-0.02350694005352681,1
AFYA,2023-07-31 13:30:00+00:00,2023-08-01 13:30:00+00:00,15.729999542236328,16.010000228881836,78,1228.166904258728,1247.5312378349304,19.364333576202398,0.015766858322802575,1
APOG,2023-07-31 13:30:00+00:00,2023-08-01 13:30:00+00:00,49.52999877929688,49.619998931884766,24,1189.9086906738282,1189.689094390869,-0.21959628295917355,-0.00018454885209286045,1
AGYS,2023-07-27 13:30:00+00:00,2023-08-02 13:30:00+00:00,71.18000030517578,73.27999877929688,16,1140.018884887695,1171.3075004882812,31.288615600586127,0.02744569937862776,6
AOUT,2023-07-31 13:30:00+00:00,2023-08-02 13:30:00+00:00,9.5,9.789999961853027,130,1236.235,1271.4272950458526,35.19229504585269,0.028467318144084815,2
ACGL,2023-07-28 13:30:00+00:00,2023-08-03 13:30:00+00:00,77.25,77.38999938964844,15,1159.9087499999998,1159.6891408538818,-0.21960914611804583,-0.0001893331230737296,6
AMAL,2023-07-31 13:30:00+00:00,2023-08-03 13:30:00+00:00,19.959999084472656,19.600000381469727,61,1218.7775040969848,1194.4044232463837,-24.373080850601127,-0.019997974009751354,3
AFYA,2023-08-02 13:30:00+00:00,2023-08-03 13:30:00+00:00,15.550000190734863,15.539999961853027,79,1229.678465083122,1226.4323369894028,-3.246128093719335,-0.002639818607785335,1
ALVO,2023-08-01 13:30:00+00:00,2023-08-07 13:30:00+00:00,9.56999969482422,8.800000190734863,128,1226.1849208984377,1125.2736243896484,-100.91129650878929,-0.08229696417637447,6
ACT,2023-08-02 13:30:00+00:00,2023-08-07 13:30:00+00:00,28.18000030517578,29.56999969482422,43,1212.951753135681,1270.238476890564,57.28672375488304,0.04722918583264947,5
ADBE,2023-08-02 13:30:00+00:00,2023-08-07 13:30:00+00:00,530.2999877929688,529.72998046875,2,1061.6605755615233,1058.4005009765624,-3.2600745849608757,-0.003070731512504916,5
ACAD,2023-08-03 13:30:00+00:00,2023-08-07 13:30:00+00:00,27.200000762939453,26.799999237060547,45,1225.2240343666076,1204.793965702057,-20.430068664550618,-0.016674557543357494,4
ACGL,2023-08-04 13:30:00+00:00,2023-08-07 13:30:00+00:00,76.72000122070312,78.2300033569336,15,1151.9508183288574,1172.27660030365,20.325781974792562,0.017644661257569406,3
AEIS,2023-08-04 13:30:00+00:00,2023-08-07 13:30:00+00:00,112.9000015258789,115.7699966430664,10,1130.1290152740478,1156.5422664642333,26.41325119018552,0.023371890141038902,3
ALHC,2023-08-04 13:30:00+00:00,2023-08-08 13:30:00+00:00,6.449999809265137,6.630000114440918,189,1220.2690139150618,1251.8169516077041,31.547937692642336,0.02585326459403014,4
ALGN,2023-08-03 13:30:00+00:00,2023-08-09 13:30:00+00:00,366.239990234375,352.79998779296875,3,1099.818690673828,1057.3415634155274,-42.4771272583007,-0.03862193615956477,6
ABNB,2023-08-08 13:30:00+00:00,2023-08-09 13:30:00+00:00,139.5500030517578,137.8699951171875,8,1117.5164244384764,1101.8570009765624,-15.659423461914002,-0.014012700949592276,1
ADBE,2023-08-08 13:30:00+00:00,2023-08-09 13:30:00+00:00,520.5999755859375,513.780029296875,2,1042.2411511230468,1026.5324985351563,-15.708652587890583,-0.015071994203034516,1
AEIS,2023-08-08 13:30:00+00:00,2023-08-09 13:30:00+00:00,115.02999877929688,113.83000183105467,10,1151.4502877807615,1137.1617182922362,-14.288569488525354,-0.012409193553691591,1
AKAM,2023-08-10 13:30:00+00:00,2023-08-11 13:30:00+00:00,103.9499969482422,104.33999633789062,12,1248.6473633422852,1250.8278760986327,2.1805127563475253,0.0017462998924779635,1
ALVO,2023-08-08 13:30:00+00:00,2023-08-14 13:30:00+00:00,8.989999771118164,8.850000381469727,136,1223.8626088409424,1202.396451828003,-21.466157012939448,-0.01753967876612306,6
ACIC,2023-08-10 13:30:00+00:00,2023-08-14 13:30:00+00:00,7.960000038146973,7.929999828338623,156,1243.0017659568784,1235.8428932476045,-7.158872709273965,-0.005759342347967602,4
AMGN,2023-08-08 13:30:00+00:00,2023-08-15 13:30:00+00:00,260.79998779296875,266.010009765625,4,1044.2431511230468,1062.9759990234375,18.732847900390652,0.01793916280920218,7
ARGX,2023-07-31 13:30:00+00:00,2023-08-16 13:30:00+00:00,504.4800109863281,501.9700012207031,2,1009.9689819946288,1002.9360624389649,-7.032919555663966,-0.006963500544120045,16
ACHC,2023-08-15 13:30:00+00:00,2023-08-16 13:30:00+00:00,76.9800033569336,76.55000305175781,16,1232.9117337646483,1223.5752487792968,-9.33648498535149,-0.007572711597806677,1
ACT,2023-08-09 13:30:00+00:00,2023-08-17 13:30:00+00:00,29.350000381469727,28.51000022888184,41,1204.553365655899,1167.7410993747712,-36.81226628112768,-0.030560926008523333,8
ALHC,2023-08-17 13:30:00+00:00,2023-08-21 13:30:00+00:00,6.139999866485596,6.159999847412109,196,1204.6434138050079,1206.1526101226807,1.5091963176728314,0.0012528158128602201,4
AAOI,2023-08-08 13:30:00+00:00,2023-08-22 13:30:00+00:00,12.1899995803833,15.479999542236328,100,1220.2189579963683,1546.4519542694093,326.23299627304095,0.26735611189710096,14
ACLX,2023-08-15 13:30:00+00:00,2023-08-22 13:30:00+00:00,35.90999984741211,34.63999938964844,34,1222.1609348068237,1176.5822192687988,-45.57871553802488,-0.03729354640616877,7
ACT,2023-08-18 13:30:00+00:00,2023-08-22 13:30:00+00:00,28.82999992370605,28.46999931335449,41,1183.2120268688197,1166.1027018756863,-17.10932499313344,-0.014460066838916874,4
AGYS,2023-08-22 13:30:00+00:00,2023-08-23 13:30:00+00:00,70.36000061035156,69.55999755859375,17,1197.3161303863524,1181.3374385375976,-15.978691848754806,-0.013345424356388459,1
ADP,2023-07-26 13:30:00+00:00,2023-08-24 13:30:00+00:00,253.4499969482422,249.8000030517578,4,1014.8137877807616,998.2008121948243,-16.612975585937306,-0.016370466962483114,29
ADMA,2023-08-23 13:30:00+00:00,2023-08-24 13:30:00+00:00,4.0,3.869999885559082,310,1241.2399999999998,1198.5002645587922,-42.739735441207586,-0.034433095486132895,1
AMSC,2023-08-10 13:30:00+00:00,2023-08-28 13:30:00+00:00,9.68000030517578,9.260000228881836,128,1240.279079101562,1184.0947492675782,-56.18432983398384,-0.045299748081442166,18
ACT,2023-08-23 13:30:00+00:00,2023-08-28 13:30:00+00:00,28.850000381469727,29.049999237060547,43,1241.7905664196012,1247.9008172264098,6.110250806808608,0.004920516367285684,5
ADSK,2023-08-25 13:30:00+00:00,2023-08-28 13:30:00+00:00,215.9199981689453,217.08999633789065,5,1080.6795908355712,1084.364531707764,3.684940872192783,0.003409836646719331,3
AGIO,2023-08-25 13:30:00+00:00,2023-08-28 13:30:00+00:00,26.96999931335449,26.950000762939453,45,1214.8636190700527,1211.5372842979432,-3.326334772109476,-0.002738031429944129,3
ANIP,2023-08-10 13:30:00+00:00,2023-08-29 13:30:00+00:00,60.619998931884766,63.54999923706055,20,1213.6123786163328,1269.7289847564698,56.11660614013704,0.04623931588776053,19
AAOI,2023-08-24 13:30:00+00:00,2023-08-29 13:30:00+00:00,14.09000015258789,14.100000381469728,86,1212.951753135681,1211.3874327735903,-1.5643203620907116,-0.0012896806142921058,5
ACLX,2023-08-23 13:30:00+00:00,2023-08-30 13:30:00+00:00,35.20000076293945,35.52000045776367,35,1233.2320267295836,1241.9568160057067,8.724789276123147,0.007074734589289313,7
ADSK,2023-08-29 13:30:00+00:00,2023-08-30 13:30:00+00:00,219.3999938964844,221.5500030517578,5,1098.0969694519044,1106.6422652435303,8.545295791625904,0.007781913646379642,1
APPF,2023-08-29 13:30:00+00:00,2023-08-30 13:30:00+00:00,191.8800048828125,192.17999267578125,6,1152.4313093261717,1151.9268760986329,-0.5044332275388115,-0.0004377121859295495,1
APEI,2023-08-29 13:30:00+00:00,2023-08-31 13:30:00+00:00,5.53000020980835,5.260000228881836,224,1239.9587670440671,1177.0618112182617,-62.896955825805435,-0.05072503820086312,2
ACT,2023-08-30 13:30:00+00:00,2023-08-31 13:30:00+00:00,28.690000534057617,28.65999984741211,43,1234.903692987442,1231.1476134452819,-3.7560795421600233,-0.0030415971411288183,1
AKRO,2023-08-30 13:30:00+00:00,2023-09-01 13:30:00+00:00,49.709999084472656,49.7400016784668,25,1243.9927270889282,1242.2565419197083,-1.7361851692198798,-0.0013956554016860958,2
AMGN,2023-08-31 13:30:00+00:00,2023-09-01 13:30:00+00:00,256.3399963378906,256.7099914550781,4,1026.385345336914,1025.8131258544922,-0.572219482421815,-0.0005575094042617904,1
AMPL,2023-08-31 13:30:00+00:00,2023-09-01 13:30:00+00:00,11.68000030517578,12.100000381469728,106,1239.3181123809811,1281.3174403953556,41.99932801437444,0.03388906173063607,1
APP,2023-08-29 13:30:00+00:00,2023-09-05 13:30:00+00:00,41.220001220703125,42.540000915527344,30,1237.8366366577147,1274.9238274383545,37.08719078063973,0.029961296735229077,7
ADSK,2023-09-01 13:30:00+00:00,2023-09-05 13:30:00+00:00,220.0200042724609,219.4600067138672,5,1101.2001213836666,1096.2027335357666,-4.997387847899972,-0.004538128675122843,4
AIP,2023-09-01 13:30:00+00:00,2023-09-05 13:30:00+00:00,7.179999828338623,7.099999904632568,175,1257.7564699292182,1241.2574833273889,-16.4989866018293,-0.0131177910798247,4
AKAM,2023-08-17 13:30:00+00:00,2023-09-06 13:30:00+00:00,100.20999908447266,103.8000030517578,12,1203.7225090026855,1244.3544365844725,40.63192758178707,0.03375522786846584,20
AMGN,2023-09-05 13:30:00+00:00,2023-09-06 13:30:00+00:00,254.00999450683597,249.00999450683597,4,1017.0560180053711,995.0439380493165,-22.012079956054663,-0.021642937622279933,1
AMWD,2023-09-05 13:30:00+00:00,2023-09-06 13:30:00+00:00,77.19000244140625,78.29000091552734,16,1236.2750791015624,1251.387374633789,15.112295532226653,0.012224055784744286,1
AKRO,2023-09-05 13:30:00+00:00,2023-09-07 13:30:00+00:00,49.970001220703125,49.810001373291016,25,1250.4992805480956,1244.0047842979432,-6.4944962501524515,-0.005193522580281617,2
AOUT,2023-09-06 13:30:00+00:00,2023-09-07 13:30:00+00:00,9.890000343322754,9.510000228881836,125,1237.4862929582594,1187.5612785816193,-49.92501437664009,-0.04034389282590953,1
ALRM,2023-08-14 13:30:00+00:00,2023-09-08 13:30:00+00:00,57.95000076293945,58.619998931884766,21,1218.1669660377502,1229.7889575920105,11.621991554260376,0.009540557147155654,25
ACIC,2023-08-16 13:30:00+00:00,2023-09-08 13:30:00+00:00,7.860000133514404,7.349999904632568,154,1211.6504605817793,1130.7680853281022,-80.88237525367708,-0.06675388479185743,23
ANIP,2023-09-06 13:30:00+00:00,2023-09-08 13:30:00+00:00,61.88999938964844,61.93999862670898,20,1239.0377877807616,1237.5611725616452,-1.476615219116411,-0.001191743491343532,2
ARGX,2023-09-06 13:30:00+00:00,2023-09-08 13:30:00+00:00,517.4600219726562,509.7000122070313,2,1035.9549639892577,1018.3806243896486,-17.574339599609175,-0.01696438572187913,2
ABL,2023-09-07 13:30:00+00:00,2023-09-08 13:30:00+00:00,8.180000305175781,7.5,151,1236.4152261276245,1131.3675,-105.0477261276244,-0.08496152741229768,1
AKAM,2023-09-07 13:30:00+00:00,2023-09-08 13:30:00+00:00,104.06999969482422,104.68000030517578,11,1145.9147666397093,1150.3285233535767,4.413756713867315,0.003851732120365509,1
AFRM,2023-08-31 13:30:00+00:00,2023-09-11 13:30:00+00:00,20.809999465942383,23.56999969482422,59,1229.017758459091,1389.2393520126343,160.22159355354324,0.13036556424898588,11
ARRY,2023-09-07 13:30:00+00:00,2023-09-11 13:30:00+00:00,23.76000022888184,23.51000022888184,52,1236.7555319137575,1221.2974918899538,-15.458040023803733,-0.012498864670436474,4
AKRO,2023-09-08 13:30:00+00:00,2023-09-11 13:30:00+00:00,48.5,49.369998931884766,25,1213.7124999999999,1233.015723323822,19.303223323822067,0.01590427990469083,3
ABL,2023-09-11 13:30:00+00:00,2023-09-12 13:30:00+00:00,7.75,8.100000381469727,159,1233.4822499999998,1286.6121605930327,53.129910593032946,0.043073105099836625,1
ALKS,2023-09-11 13:30:00+00:00,2023-09-12 13:30:00+00:00,29.520000457763672,30.6299991607666,41,1211.5303387870788,1254.5741356258393,43.0437968387605,0.035528451464000244,1
ALKT,2023-09-11 13:30:00+00:00,2023-09-12 13:30:00+00:00,17.65999984741211,17.600000381469727,70,1237.4361893081664,1230.768026676178,-6.66816263198848,-0.005388692111644608,1
CAMT,2023-09-11 13:30:00+00:00,2023-09-12 13:30:00+00:00,57.38999938964844,59.02000045776367,21,1206.3951771697996,1238.180589603424,31.785412433624515,0.026347429959222003,1
CHKP,2023-09-11 13:30:00+00:00,2023-09-12 13:30:00+00:00,135.9600067138672,133.75,9,1224.8637004852294,1202.54625,-22.3174504852293,-0.01822035421278976,1
AVPT,2023-09-11 13:30:00+00:00,2023-09-13 13:30:00+00:00,6.789999961853027,6.630000114440918,182,1237.015773050308,1205.453360807419,-31.562412242889195,-0.025514963455203724,2
BBCP,2023-09-12 13:30:00+00:00,2023-09-13 13:30:00+00:00,8.420000076293945,8.149999618530273,147,1238.977751226425,1196.8518939800263,-42.12585724639871,-0.03400049533149377,1
CDNS,2023-09-12 13:30:00+00:00,2023-09-13 13:30:00+00:00,236.4600067138672,241.1300048828125,5,1183.482333602905,1204.4443743896484,20.962040786743273,0.017712170424148202,1
CLMT,2023-09-12 13:30:00+00:00,2023-09-14 13:30:00+00:00,19.190000534057617,19.65999984741211,64,1229.388194213867,1256.9817502441406,27.593556030273476,0.02244494957747515,2
ALKS,2023-09-13 13:30:00+00:00,2023-09-14 13:30:00+00:00,29.809999465942383,29.850000381469727,41,1223.4321880817413,1222.6261656246186,-0.8060224571227081,-0.0006588207053686373,1
ASLE,2023-09-13 13:30:00+00:00,2023-09-14 13:30:00+00:00,15.640000343322754,15.460000038146973,79,1236.79558714962,1220.1186630105972,-16.67692413902273,-0.01348397771814273,1
BOOM,2023-09-13 13:30:00+00:00,2023-09-14 13:30:00+00:00,25.51000022888184,25.479999542236328,48,1225.7044909973145,1221.8169380493164,-3.887552947998074,-0.003171688589339265,1
CAMT,2023-09-13 13:30:00+00:00,2023-09-14 13:30:00+00:00,58.59999847412109,56.54999923706055,21,1231.830567924499,1186.3624339942933,-45.468133930205795,-0.036911029092917116,1
AFYA,2023-09-14 13:30:00+00:00,2023-09-15 13:30:00+00:00,16.049999237060547,15.68000030517578,77,1237.0857911949156,1206.1526634750364,-30.933127719879167,-0.02500483631777914,1
AMRX,2023-09-14 13:30:00+00:00,2023-09-15 13:30:00+00:00,4.059999942779541,4.110000133514404,305,1239.5382825303077,1252.2964906811715,12.758208150863766,0.010292710060410593,1
AVT,2023-09-14 13:30:00+00:00,2023-09-15 13:30:00+00:00,48.36000061035156,47.77999877929688,25,1210.2090152740477,1193.3054695129397,-16.903545761108035,-0.013967459792290743,1
ASLE,2023-09-15 13:30:00+00:00,2023-09-18 13:30:00+00:00,15.25,15.529999732971191,80,1221.2199999999998,1241.1575786590577,19.937578659057863,0.016325951637753938,3
BGC,2023-09-15 13:30:00+00:00,2023-09-18 13:30:00+00:00,5.320000171661377,5.409999847412109,232,1235.4742798652649,1253.8648446350098,18.39056476974497,0.014885429077285656,3
BRZE,2023-09-15 13:30:00+00:00,2023-09-18 13:30:00+00:00,46.52999877929688,46.34000015258789,26,1210.9897482299805,1203.6351639633178,-7.354584266662641,-0.006073201096386097,3
CASY,2023-09-13 13:30:00+00:00,2023-09-19 13:30:00+00:00,275.69000244140625,279.6099853515625,4,1103.8627697753905,1117.3215014648438,13.458731689453316,0.012192395701679334,6
ALRM,2023-09-15 13:30:00+00:00,2023-09-19 13:30:00+00:00,59.5,60.34999847412109,20,1191.1899999999998,1205.7929695129392,14.602969512939353,0.012259143808241637,4
AVPT,2023-09-15 13:30:00+00:00,2023-09-19 13:30:00+00:00,6.730000019073486,6.679999828338623,183,1232.8215934939383,1221.217528617382,-11.604064876556322,-0.009412606769540153,4
ACGL,2023-09-18 13:30:00+00:00,2023-09-19 13:30:00+00:00,80.56999969482422,81.19999694824219,15,1209.7585454177854,1216.7819542694092,7.023408851623799,0.005805628634099288,1
AFYA,2023-09-18 13:30:00+00:00,2023-09-20 13:30:00+00:00,15.890000343322754,15.989999771118164,78,1240.6594468059538,1245.9727621650695,5.313315359115677,0.004282654174596157,2
AKAM,2023-09-18 13:30:00+00:00,2023-09-20 13:30:00+00:00,105.58999633789062,108.48999786376952,11,1162.6514496765135,1192.196586524963,29.5451368484496,0.025411860843307765,2
ALHC,2023-09-19 13:30:00+00:00,2023-09-20 13:30:00+00:00,6.460000038146973,6.400000095367432,191,1235.0938672933578,1221.1776181969642,-13.916249096393585,-0.011267361505802228,1
AMRX,2023-09-19 13:30:00+00:00,2023-09-20 13:30:00+00:00,4.320000171661377,4.289999961853027,286,1236.7555691442487,1225.7130491008759,-11.04252004337286,-0.008928619622884364,1
APP,2023-09-19 13:30:00+00:00,2023-09-20 13:30:00+00:00,39.72999954223633,39.33000183105469,31,1232.8616157951353,1218.0108267059327,-14.850789089202635,-0.012045787539280801,1
ALRM,2023-09-20 13:30:00+00:00,2023-09-21 13:30:00+00:00,60.68000030517578,60.130001068115234,20,1214.813606109619,1201.3974213409424,-13.416184768676658,-0.011043821621031503,1
ASTS,2023-09-20 13:30:00+00:00,2023-09-21 13:30:00+00:00,4.039999961853027,3.809999942779541,306,1237.4762283153532,1164.694122508049,-72.7821058073041,-0.05881495267701953,1
BRZE,2023-09-20 13:30:00+00:00,2023-09-21 13:30:00+00:00,45.119998931884766,45.0,27,1219.4582111320494,1213.785,-5.673211132049346,-0.004652239068350511,1
AVAV,2023-09-08 13:30:00+00:00,2023-09-22 13:30:00+00:00,113.4800033569336,112.33000183105467,10,1135.9348336029052,1122.176718292236,-13.758115310669154,-0.012111711784585217,14
BBCP,2023-09-20 13:30:00+00:00,2023-09-22 13:30:00+00:00,8.539999961853027,8.899999618530273,145,1239.5382944631576,1289.2094447422028,49.67115027904515,0.04007229990466544,2
ALHC,2023-09-21 13:30:00+00:00,2023-09-22 13:30:00+00:00,6.610000133514404,6.599999904632568,186,1230.6894848585127,1226.372382279396,-4.317102579116636,-0.0035078731330941333,1
AOUT,2023-09-21 13:30:00+00:00,2023-09-22 13:30:00+00:00,9.649999618530272,9.75,127,1226.7755015048976,1237.01175,10.236248495102245,0.008344027478984817,1
ARRY,2023-09-21 13:30:00+00:00,2023-09-22 13:30:00+00:00,24.780000686645508,23.61000061035156,49,1215.4342536792753,1155.7331398773192,-59.701113801956126,-0.049119163476949244,1
BGC,2023-09-21 13:30:00+00:00,2023-09-22 13:30:00+00:00,5.289999961853027,5.199999809265137,232,1228.5072711410521,1205.1935557937622,-23.31371534728987,-0.018977270949024027,1
AVPT,2023-09-21 13:30:00+00:00,2023-09-26 13:30:00+00:00,6.599999904632568,6.429999828338623,186,1228.8275822439193,1194.7839881029129,-34.04359414100645,-0.02770412597578631,5
AMGN,2023-09-22 13:30:00+00:00,2023-09-26 13:30:00+00:00,267.70001220703125,269.0400085449219,4,1071.870848876953,1075.0838741455077,3.213025268554702,0.002997586203525483,4
CECO,2023-09-22 13:30:00+00:00,2023-09-26 13:30:00+00:00,16.450000762939453,15.710000038146973,74,1218.517356513977,1161.377462820053,-57.139893693923796,-0.04689296659457832,4
AMRX,2023-09-25 13:30:00+00:00,2023-09-26 13:30:00+00:00,4.179999828338623,4.289999961853027,294,1230.1488694810866,1259.9987287960053,29.849859314918604,0.02426524143172213,1
BGC,2023-09-25 13:30:00+00:00,2023-09-26 13:30:00+00:00,5.28000020980835,5.239999771118164,233,1231.4702889342307,1219.6990267238616,-11.77126221036906,-0.009558705813809309,1
GIII,2023-09-25 13:30:00+00:00,2023-09-27 13:30:00+00:00,24.07999992370605,24.479999542236328,51,1229.3080761051174,1247.2314966773986,17.923420572281202,0.014580088523512296,2
GSAT,2023-09-25 13:30:00+00:00,2023-09-27 13:30:00+00:00,19.350000381469727,18.299999237060547,63,1220.2690740566252,1151.7470519828796,-68.52202207374557,-0.056153207133204694,2
BRZE,2023-09-22 13:30:00+00:00,2023-09-28 13:30:00+00:00,44.93999862670898,46.63999938964844,27,1214.5933428840633,1258.0207035369874,43.42736065292411,0.03575465064694446,6
AKAM,2023-09-27 13:30:00+00:00,2023-09-28 13:30:00+00:00,106.95999908447266,107.04000091552734,11,1177.7365499191283,1176.26257006073,-1.473979858398252,-0.0012515361423566806,1
ALHC,2023-09-27 13:30:00+00:00,2023-09-28 13:30:00+00:00,6.809999942779541,7.050000190734863,179,1220.2089797472952,1260.688084107399,40.47910436010375,0.03317391121682038,1
ARLP,2023-09-27 13:30:00+00:00,2023-09-28 13:30:00+00:00,22.1299991607666,22.950000762939453,55,1218.367103796005,1260.9877919197083,42.6206881237033,0.034981811303762364,1
ASLE,2023-09-27 13:30:00+00:00,2023-09-29 13:30:00+00:00,15.600000381469728,14.9399995803833,78,1218.0168297843934,1164.1546473026276,-53.862182481765785,-0.044221213668533765,2
AVAV,2023-09-27 13:30:00+00:00,2023-09-29 13:30:00+00:00,110.16000366210938,111.52999877929688,11,1212.9718003234861,1225.6031565856933,12.631356262207191,0.010413561353065709,2
AMGN,2023-09-28 13:30:00+00:00,2023-09-29 13:30:00+00:00,270.82000732421875,268.760009765625,4,1084.3633093261717,1073.9649990234375,-10.398310302734217,-0.009589323258452718,1
AMWD,2023-09-28 13:30:00+00:00,2023-09-29 13:30:00+00:00,76.62000274658203,75.61000061035156,16,1227.1459639892578,1208.5502497558593,-18.59571423339844,-0.015153628646543977,1
DJT,2023-09-25 13:30:00+00:00,2023-10-02 13:30:00+00:00,16.479999542236328,15.43000030517578,74,1220.7394860916136,1140.6782025604246,-80.06128353118902,-0.06558424991028808,7
BBCP,2023-09-29 13:30:00+00:00,2023-10-03 13:30:00+00:00,8.579999923706055,8.399999618530273,142,1219.578349155426,1191.6071458854676,-27.971203269958323,-0.022935142534572503,4
DUOL,2023-09-29 13:30:00+00:00,2023-10-03 13:30:00+00:00,165.8699951171875,158.4199981689453,7,1162.2510557861326,1107.8310471954346,-54.42000859069799,-0.0468229375398493,4
AVAV,2023-10-02 13:30:00+00:00,2023-10-03 13:30:00+00:00,109.05999755859376,107.05999755859376,11,1200.859633117676,1176.482313171387,-24.377319946288935,-0.02029989123957848,1
FCFS,2023-10-02 13:30:00+00:00,2023-10-03 13:30:00+00:00,100.13999938964844,99.91000366210938,12,1202.881672668457,1197.7211239013673,-5.160548767089722,-0.004290154954012748,1
ARLP,2023-09-29 13:30:00+00:00,2023-10-04 13:30:00+00:00,22.530000686645508,21.65999984741211,54,1217.836657115936,1168.4703517684936,-49.36630534744245,-0.040536064552656056,5
DAKT,2023-09-25 13:30:00+00:00,2023-10-05 13:30:00+00:00,8.920000076293945,8.84000015258789,138,1232.1909705390929,1218.7001010360718,-13.490869503021031,-0.010948683950442092,10
CASY,2023-09-29 13:30:00+00:00,2023-10-05 13:30:00+00:00,271.5199890136719,274.0299987792969,4,1087.1660360107421,1095.0238751220704,7.857839111328303,0.007227818797726552,6
CAMT,2023-10-04 13:30:00+00:00,2023-10-05 13:30:00+00:00,60.83000183105469,61.27000045776367,19,1156.925804824829,1162.9658786888122,6.0400738639832525,0.005220796215966317,1
DUOL,2023-10-04 13:30:00+00:00,2023-10-05 13:30:00+00:00,163.1300048828125,163.8699951171875,7,1143.051944213867,1145.9428758544923,2.89093164062524,0.002529134091638745,1
CECO,2023-10-02 13:30:00+00:00,2023-10-06 13:30:00+00:00,15.880000114440918,15.739999771118164,76,1208.0868887062072,1195.0437426223755,-13.043146083831743,-0.010796529790833353,4
AVPT,2023-10-05 13:30:00+00:00,2023-10-06 13:30:00+00:00,6.96999979019165,6.909999847412109,171,1193.0618340868948,1180.4283639335633,-12.633470153331473,-0.010589115997496014,1
CCC,2023-10-03 13:30:00+00:00,2023-10-09 13:30:00+00:00,12.640000343322754,12.75,94,1189.348192304611,1197.3015,7.953307695388958,0.006687114628709158,6
GEOS,2023-10-04 13:30:00+00:00,2023-10-09 13:30:00+00:00,11.829999923706056,12.130000114440918,100,1184.1829923629762,1211.7870114326477,27.604019069671494,0.02331060254005937,5
ACIC,2023-10-06 13:30:00+00:00,2023-10-09 13:30:00+00:00,7.440000057220459,7.46999979019165,160,1191.5904091644286,1194.0047664642334,2.4143572998048057,0.0020261637566366536,3
BZ,2023-10-06 13:30:00+00:00,2023-10-10 13:30:00+00:00,16.09000015258789,16.34000015258789,74,1191.8506713027953,1207.9508512802124,16.100179977417156,0.013508554691518758,4
CASY,2023-10-06 13:30:00+00:00,2023-10-10 13:30:00+00:00,269.69000244140625,276.42999267578125,4,1079.8387697753906,1104.6142507324219,24.775480957031277,0.02294368534497483,4
CNXC,2023-10-06 13:30:00+00:00,2023-10-10 13:30:00+00:00,80.51000213623047,81.33000183105469,14,1128.2671699371338,1137.481405609131,9.21423567199713,0.008166714336384122,4
CRNX,2023-10-02 13:30:00+00:00,2023-10-11 13:30:00+00:00,27.13999938964844,27.149999618530277,44,1195.354133117676,1193.405383232117,-1.948749885558982,-0.0016302699188200645,9
AVPT,2023-10-09 13:30:00+00:00,2023-10-11 13:30:00+00:00,7.03000020980835,7.489999771118164,169,1189.2581054930686,1264.5441513576507,75.28604586458209,0.06330505170983751,2
FCFS,2023-10-04 13:30:00+00:00,2023-10-12 13:30:00+00:00,100.56999969482422,100.37999725341795,11,1107.3762666397095,1103.07578981781,-4.300476821899565,-0.0038834829239651272,8
AVGO,2023-10-11 13:30:00+00:00,2023-10-12 13:30:00+00:00,87.45600128173828,90.55999755859376,13,1138.0649446792602,1176.1026882934573,38.0377436141971,0.03342317483025298,1
CEG,2023-10-11 13:30:00+00:00,2023-10-12 13:30:00+00:00,115.06999969482422,115.72000122070312,10,1151.8506969451903,1156.0428121948241,4.192115249633844,0.0036394606182482705,1
AMCX,2023-10-09 13:30:00+00:00,2023-10-13 13:30:00+00:00,12.359999656677246,11.56999969482422,96,1187.7465270080565,1109.6092507324222,-78.13727627563435,-0.06578615428366084,4
ACHC,2023-10-12 13:30:00+00:00,2023-10-13 13:30:00+00:00,75.0,76.33000183105469,16,1201.1999999999998,1220.0587492675782,18.858749267578332,0.01569992446518343,1
ANIK,2023-10-10 13:30:00+00:00,2023-10-16 13:30:00+00:00,18.959999084472656,19.520000457763672,63,1195.674422264099,1228.5302688102722,32.855846546173325,0.027478923973265502,6
BGC,2023-10-10 13:30:00+00:00,2023-10-16 13:30:00+00:00,6.070000171661377,5.889999866485596,199,1209.1379641947744,1170.9378634572029,-38.200100737571574,-0.03159283875683362,6
CRESY,2023-10-11 13:30:00+00:00,2023-10-16 13:30:00+00:00,7.690000057220459,7.989999771118164,157,1208.5373389925956,1253.1755341014862,44.63819510889061,0.036935718631664144,5
BBCP,2023-10-13 13:30:00+00:00,2023-10-16 13:30:00+00:00,8.670000076293945,8.539999961853027,139,1206.3351406154632,1185.8729347028732,-20.46220591258998,-0.01696228951943679,3
BZ,2023-10-13 13:30:00+00:00,2023-10-16 13:30:00+00:00,15.649999618530272,15.68000030517578,77,1206.2550205974576,1206.1526634750364,-0.10235712242115369,-8.485529234975225e-05,3
DRS,2023-10-13 13:30:00+00:00,2023-10-16 13:30:00+00:00,18.88999938964844,18.6299991607666,63,1191.2600315093996,1172.5162571811677,-18.743774328231893,-0.015734410483395786,3
APLS,2023-10-10 13:30:00+00:00,2023-10-17 13:30:00+00:00,44.400001525878906,46.77999877929688,27,1199.998841239929,1261.7969070739748,61.7980658340457,0.0514984379236494,7
CHRD,2023-10-16 13:30:00+00:00,2023-10-17 13:30:00+00:00,168.9499969482422,170.22000122070312,7,1183.8326286163328,1190.348468536377,6.515839920044073,0.005504021229470424,1
ALKT,2023-10-17 13:30:00+00:00,2023-10-18 13:30:00+00:00,18.549999237060547,18.07999992370605,65,1206.9557003593443,1174.0247950458524,-32.93090531349185,-0.027284270088527195,1
DRS,2023-10-17 13:30:00+00:00,2023-10-18 13:30:00+00:00,19.09000015258789,19.51000022888184,63,1203.87267962265,1227.9008844051364,24.028204782486455,0.019959091346784297,1
AVAV,2023-10-16 13:30:00+00:00,2023-10-19 13:30:00+00:00,115.2699966430664,117.4800033569336,10,1153.8526663970947,1173.6252335357667,19.772567138672002,0.01713612813359599,3
ALHC,2023-10-18 13:30:00+00:00,2023-10-19 13:30:00+00:00,7.409999847412109,7.210000038146973,164,1216.4552149505614,1181.2575662498475,-35.1976487007139,-0.02893460299082559,1
AVPT,2023-10-12 13:30:00+00:00,2023-10-20 13:30:00+00:00,7.340000152587891,7.179999828338623,163,1197.6164448966979,1169.1696320471763,-28.44681284952162,-0.02375285757868442,8
FAST,2023-10-18 13:30:00+00:00,2023-10-20 13:30:00+00:00,29.395000457763672,28.80500030517578,41,1206.4002137870787,1179.8240074996947,-26.57620628738391,-0.022029344809179906,2
CEG,2023-10-19 13:30:00+00:00,2023-10-20 13:30:00+00:00,114.29000091552734,112.0999984741211,10,1144.0429091644287,1119.8789847564697,-24.16392440795903,-0.021121519319242638,1
CNTA,2023-10-17 13:30:00+00:00,2023-10-23 13:30:00+00:00,6.78000020980835,6.489999771118164,179,1214.83365759325,1160.5482490711213,-54.28540852212882,-0.04468546634580043,6
FIVE,2023-10-17 13:30:00+00:00,2023-10-23 13:30:00+00:00,176.32000732421875,175.8800048828125,6,1058.9779639892577,1054.224749267578,-4.753214721679569,-0.004488492568602481,6
FXNC,2023-10-17 13:30:00+00:00,2023-10-23 13:30:00+00:00,18.700000762939453,18.46999931335449,64,1197.996848876953,1180.8978760986327,-17.09897277832033,-0.014272969744744776,6
CAKE,2023-10-19 13:30:00+00:00,2023-10-23 13:30:00+00:00,31.020000457763672,30.40999984741211,38,1179.9387774124143,1154.4244142074585,-25.51436320495577,-0.021623463601144068,4
CNXC,2023-10-20 13:30:00+00:00,2023-10-24 13:30:00+00:00,76.81999969482422,76.2699966430664,15,1153.4522954177855,1142.9058996963502,-10.546395721435374,-0.009143330646037184,4
APLS,2023-10-23 13:30:00+00:00,2023-10-24 13:30:00+00:00,45.400001525878906,48.959999084472656,26,1181.5804397125244,1271.6870162200928,90.10657650756843,0.07625936709775862,1
AXON,2023-10-23 13:30:00+00:00,2023-10-24 13:30:00+00:00,210.0800018310547,213.3300018310547,5,1051.4504091644285,1065.5833591461183,14.132949981689762,0.013441385212756729,1
COIN,2023-10-23 13:30:00+00:00,2023-10-24 13:30:00+00:00,77.20999908447266,82.06999969482422,15,1159.308136253357,1229.818945426941,70.510809173584,0.06082145632261349,1
AVAV,2023-10-20 13:30:00+00:00,2023-10-25 13:30:00+00:00,116.87000274658205,120.9000015258789,10,1169.8687274932863,1207.7910152435302,37.92228775024387,0.032415848769204315,5
CLSK,2023-10-24 13:30:00+00:00,2023-10-25 13:30:00+00:00,4.699999809265137,4.619999885559082,258,1213.8125507411955,1190.768010503769,-23.044540237426645,-0.01898525453815324,1
CNTA,2023-10-24 13:30:00+00:00,2023-10-25 13:30:00+00:00,6.639999866485596,6.239999771118164,182,1209.6884556760788,1134.5442783851624,-75.14417729091633,-0.06211861983002826,1
BYRN,2023-10-17 13:30:00+00:00,2023-10-26 13:30:00+00:00,4.119999885559082,4.789999961853027,294,1212.4912463207243,1406.8517287960053,194.36048247528106,0.1602984624136985,9
COIN,2023-10-25 13:30:00+00:00,2023-10-26 13:30:00+00:00,77.79000091552734,74.61000061035156,15,1168.016863746643,1118.0308591461182,-49.986004600524666,-0.042795618926412385,1
CTRN,2023-10-25 13:30:00+00:00,2023-10-26 13:30:00+00:00,23.06999969482422,23.09000015258789,52,1200.83962411499,1199.4793279266357,-1.3602961883543685,-0.0011327875605011758,1
EWTX,2023-10-25 13:30:00+00:00,2023-10-26 13:30:00+00:00,6.730000019073486,6.28000020980835,181,1219.3481334557532,1135.543357937336,-83.80477551841727,-0.06872916209819935,1
CLPT,2023-10-24 13:30:00+00:00,2023-10-27 13:30:00+00:00,5.349999904632568,5.179999828338623,226,1210.3090784254073,1169.5092812433243,-40.79979718208301,-0.03371022981597634,3
CLSK,2023-10-26 13:30:00+00:00,2023-10-27 13:30:00+00:00,4.360000133514404,4.150000095367432,278,1213.2921171541213,1152.546326485634,-60.745790668487416,-0.05006691283132357,1
CNTA,2023-10-26 13:30:00+00:00,2023-10-27 13:30:00+00:00,6.789999961853027,6.150000095367432,179,1216.6254031648634,1099.7491670536995,-116.87623611116396,-0.096065917912883,1
CRESY,2023-10-24 13:30:00+00:00,2023-10-30 13:30:00+00:00,7.539999961853027,7.269999980926514,161,1215.1539338521957,1169.2995269322396,-45.85440691995609,-0.03773547173121653,6
APPF,2023-10-27 13:30:00+00:00,2023-10-30 13:30:00+00:00,187.94000244140625,183.58999633789065,6,1128.7676546630858,1100.4384380493166,-28.329216613769177,-0.025097473777475378,3
BYRN,2023-10-27 13:30:00+00:00,2023-10-30 13:30:00+00:00,4.769999980926514,4.460000038146973,248,1184.142955265045,1104.9739294509889,-79.16902581405611,-0.06685765891866985,3
BPOP,2023-10-26 13:30:00+00:00,2023-10-31 13:30:00+00:00,64.62999725341797,65.04000091552734,18,1164.5032905120847,1169.5492964630128,5.04600595092802,0.004333183076459203,5
DAKT,2023-10-27 13:30:00+00:00,2023-10-31 13:30:00+00:00,9.6899995803833,9.619999885559082,122,1183.3621287555693,1172.46634605217,-10.89578270339939,-0.009207479636734245,4
AMZN,2023-10-30 13:30:00+00:00,2023-10-31 13:30:00+00:00,132.7100067138672,133.08999633789062,8,1062.7417337646484,1063.6552507324218,0.9135169677733757,0.0008595851077922197,1
CELC,2023-10-25 13:30:00+00:00,2023-11-01 13:30:00+00:00,10.050000190734863,10.079999923706056,121,1217.2660731019973,1218.4603107776645,1.194237675667182,0.0009810818703127645,7
ACGL,2023-10-31 13:30:00+00:00,2023-11-01 13:30:00+00:00,86.68000030517578,90.0,13,1127.9668439712523,1168.83,40.86315602874765,0.03622726700448041,1
AVAV,2023-10-31 13:30:00+00:00,2023-11-01 13:30:00+00:00,114.66000366210938,116.91000366210938,10,1147.7466366577148,1167.9309365844726,20.18429992675783,0.01758602402489746,1
AMZN,2023-11-01 13:30:00+00:00,2023-11-02 13:30:00+00:00,137.0,138.07000732421875,8,1097.0959999999998,1103.4554985351563,6.35949853515649,0.005796665501611975,1
ACHC,2023-10-31 13:30:00+00:00,2023-11-03 13:30:00+00:00,73.51000213623047,72.23999786376953,16,1177.336194213867,1154.684125854492,-22.65206835937488,-0.01924010191031302,3
ATAT,2023-11-01 13:30:00+00:00,2023-11-03 13:30:00+00:00,19.43000030517578,19.450000762939453,61,1186.4152486343382,1185.2635964927674,-1.1516521415708212,-0.0009706990388874955,2
FAST,2023-10-27 13:30:00+00:00,2023-11-06 14:30:00+00:00,28.80500030517578,29.36000061035156,41,1182.186017524719,1202.5562649993894,20.37024747467035,0.0172310001748472,10
AVAV,2023-11-02 13:30:00+00:00,2023-11-06 14:30:00+00:00,118.76000213623048,118.77999877929688,10,1188.787621383667,1186.6121878051758,-2.1754335784912655,-0.0018299598173466933,4
AFRM,2023-11-03 13:30:00+00:00,2023-11-06 14:30:00+00:00,22.43000030517578,21.709999084472656,53,1189.9788061904906,1149.4793215255738,-40.499484664916736,-0.034033786529836414,3
ARCC,2023-11-02 13:30:00+00:00,2023-11-07 14:30:00+00:00,19.59000015258789,19.51000022888184,61,1196.184999317169,1188.9199039478303,-7.265095369338724,-0.006073554988138068,5
ADMA,2023-11-06 14:30:00+00:00,2023-11-07 14:30:00+00:00,3.630000114440918,3.690000057220459,327,1188.1970474596021,1205.423388692379,17.226341232776804,0.014497882543646439,1
BGC,2023-11-01 13:30:00+00:00,2023-11-08 14:30:00+00:00,6.130000114440918,6.210000038146973,194,1190.4092422237395,1203.5352673931122,13.126025169372724,0.011026481233338463,7
ACGL,2023-11-02 13:30:00+00:00,2023-11-08 14:30:00+00:00,85.94000244140625,84.12000274658203,13,1118.3372517700195,1092.4664756698608,-25.870776100158764,-0.023133250778521828,6
AMCX,2023-11-06 14:30:00+00:00,2023-11-08 14:30:00+00:00,14.65999984741211,13.619999885559082,81,1188.6474476280212,1102.1167707395552,-86.5306768884659,-0.07279759617634333,2
ACHC,2023-11-07 14:30:00+00:00,2023-11-08 14:30:00+00:00,74.29000091552734,73.69999694824219,15,1115.464363746643,1104.3944542694092,-11.06990947723375,-0.009924036873801981,1
ADBE,2023-11-07 14:30:00+00:00,2023-11-09 14:30:00+00:00,585.2000122070312,577.739990234375,2,1171.5704244384765,1154.3245004882813,-17.24592395019522,-0.014720347655123712,2
ALKT,2023-11-07 14:30:00+00:00,2023-11-10 14:30:00+00:00,21.36000061035156,21.059999465942383,55,1175.974833602905,1157.1416706562043,-18.833162946700668,-0.016014937062046108,3
AFRM,2023-11-09 14:30:00+00:00,2023-11-10 14:30:00+00:00,24.86000061035156,22.43000030517578,46,1144.7035881042477,1030.7482340240479,-113.95535408019987,-0.09955009774095509,1
AVAV,2023-11-09 14:30:00+00:00,2023-11-10 14:30:00+00:00,120.37999725341795,121.58999633789062,9,1084.503395256042,1093.2156570739746,8.712261817932585,0.008033411288560968,1
APLS,2023-11-09 14:30:00+00:00,2023-11-13 14:30:00+00:00,46.36000061035156,45.7400016784668,25,1160.1590152740478,1142.3565419197082,-17.802473354339554,-0.01534485628259703,4
AGYS,2023-10-30 13:30:00+00:00,2023-11-14 14:30:00+00:00,82.61000061035156,89.63999938964844,14,1157.6965485534668,1253.705031463623,96.00848291015632,0.08293061167895698,15
AMD,2023-11-08 14:30:00+00:00,2023-11-14 14:30:00+00:00,113.58999633789062,119.87999725341795,10,1137.035863342285,1197.6011725616452,60.56530921936019,0.0532659621142733,6
APPF,2023-11-09 14:30:00+00:00,2023-11-14 14:30:00+00:00,198.82000732421875,210.97999572753903,5,995.0941366577148,1053.8450786590574,58.75094200134265,0.05904058705307332,5
ADMA,2023-11-13 14:30:00+00:00,2023-11-16 14:30:00+00:00,3.740000009536743,3.809999942779541,311,1164.3031429688929,1183.7250722222327,19.42192925333984,0.016681161921297625,3
ADEA,2023-11-14 14:30:00+00:00,2023-11-16 14:30:00+00:00,9.899999618530272,9.75,122,1209.0077534141537,1188.3105,-20.697253414153693,-0.017119206519318086,2
AAL,2023-11-15 14:30:00+00:00,2023-11-16 14:30:00+00:00,12.420000076293944,12.1899995803833,96,1193.5123273315426,1169.06971975708,-24.4426075744625,-0.020479560214607364,1
ACLX,2023-11-15 14:30:00+00:00,2023-11-17 14:30:00+00:00,49.9900016784668,55.209999084472656,24,1200.9598003234862,1323.7149380493165,122.75513772583031,0.10221419375799709,2
ARCB,2023-10-30 13:30:00+00:00,2023-11-20 14:30:00+00:00,110.88999938964844,121.45999908447266,10,1110.0088938903807,1213.3853908538817,103.37649696350104,0.0931312330311022,21
AMAL,2023-11-13 14:30:00+00:00,2023-11-21 14:30:00+00:00,19.63999938964844,20.690000534057617,59,1159.918723953247,1219.48932147789,59.570597524642835,0.051357561779513054,8
AAL,2023-11-17 14:30:00+00:00,2023-11-21 14:30:00+00:00,12.289999961853027,12.130000114440918,98,1205.6244162578582,1187.5512712039947,-18.073145053863527,-0.014990692632089207,4
AAOI,2023-11-20 14:30:00+00:00,2023-11-21 14:30:00+00:00,14.460000038146973,13.329999923706056,84,1215.85464320755,1118.6002735977174,-97.25436960983257,-0.07998848394678619,1
ADBE,2023-11-15 14:30:00+00:00,2023-11-24 14:30:00+00:00,595.3099975585938,619.4299926757812,2,1191.8106151123045,1237.621125366211,45.810510253906386,0.038437743105341995,9
ADAM,2023-11-17 14:30:00+00:00,2023-11-24 14:30:00+00:00,8.569999694824219,8.600000381469727,141,1209.578326927185,1211.3874537334443,1.8091268062594281,0.0014956673462026534,7
ABNB,2023-11-22 14:30:00+00:00,2023-11-24 14:30:00+00:00,129.0399932861328,128.3699951171875,9,1162.5212995147704,1154.1746260986329,-8.346673416137492,-0.007179802571893818,2
ADUS,2023-11-22 14:30:00+00:00,2023-11-27 14:30:00+00:00,88.76000213623047,89.01000213623047,13,1155.033907798767,1155.972897743225,0.9389899444581715,0.000812954440660252,5
AMZN,2023-11-08 14:30:00+00:00,2023-11-28 14:30:00+00:00,142.0800018310547,147.02999877929688,8,1137.7766546630858,1175.0637502441407,37.28709558105493,0.03277189370008321,20
AAON,2023-11-13 14:30:00+00:00,2023-11-28 14:30:00+00:00,59.0,61.90999984741211,19,1122.1209999999999,1175.1137071037292,52.992707103729344,0.04722548379696071,15
AEIS,2023-11-27 14:30:00+00:00,2023-11-28 14:30:00+00:00,96.4000015258789,97.0,12,1157.9568183288573,1162.836,4.87918167114276,0.0042136127996416205,1
AEP,2023-11-27 14:30:00+00:00,2023-11-28 14:30:00+00:00,78.54000091552734,79.7300033569336,15,1179.278113746643,1194.75410030365,15.47598655700699,0.013123271242471191,1
AAPL,2023-11-10 14:30:00+00:00,2023-11-29 14:30:00+00:00,186.3999938964844,189.3699951171875,6,1119.5183633422853,1135.0837507324218,15.565387390136493,0.013903646335613952,19
ACLX,2023-11-21 14:30:00+00:00,2023-11-30 14:30:00+00:00,51.77000045776367,52.52999877929688,23,1191.9007205390928,1206.9817819519046,15.081061412811778,0.01265295099913243,9
ABL,2023-11-22 14:30:00+00:00,2023-11-30 14:30:00+00:00,7.119999885559082,6.900000095367432,170,1211.6103805255889,1171.827016196251,-39.78336432933793,-0.032835113472765194,8
ADAM,2023-11-28 14:30:00+00:00,2023-11-30 14:30:00+00:00,8.649999618530273,8.789999961853027,139,1203.5522969226836,1220.5881847028731,17.03588778018957,0.014154671819203846,2
ADPT,2023-11-29 14:30:00+00:00,2023-11-30 14:30:00+00:00,4.619999885559082,4.380000114440918,260,1202.4011702156065,1137.661229724884,-64.73994049072257,-0.0538422134761511,1
AGNC,2023-11-29 14:30:00+00:00,2023-11-30 14:30:00+00:00,8.949999809265137,8.819999694824219,134,1200.4992744159697,1180.6980791473388,-19.801195268630863,-0.016494133474811084,1
AHCO,2023-11-30 14:30:00+00:00,2023-12-01 14:30:00+00:00,8.479999542236328,8.829999923706055,140,1188.387135848999,1234.9637893295287,46.576653480529785,0.03919316532087402,1
ADPT,2023-12-01 14:30:00+00:00,2023-12-04 14:30:00+00:00,4.699999809265137,4.760000228881836,256,1204.4031511230467,1217.3414985351562,12.938347412109579,0.010742538659123573,3
AEP,2023-12-01 14:30:00+00:00,2023-12-04 14:30:00+00:00,80.51000213623047,80.12999725341797,14,1128.2671699371338,1120.6981415863038,-7.569028350829967,-0.006708542579725783,3
AGIO,2023-12-01 14:30:00+00:00,2023-12-04 14:30:00+00:00,22.899999618530277,23.06999969482422,52,1191.990780143738,1198.4403441467284,6.449564002990428,0.005410749907153391,3
AMAT,2023-12-01 14:30:00+00:00,2023-12-04 14:30:00+00:00,151.58999633789062,148.27000427246094,7,1062.1911043395994,1036.8521398773194,-25.338964462280046,-0.02385537250195119,3
ADMA,2023-11-29 14:30:00+00:00,2023-12-05 14:30:00+00:00,3.7300000190734863,3.900000095367432,322,1202.261066147804,1254.544230677605,52.28316452980084,0.043487363936123034,6
AKAM,2023-11-29 14:30:00+00:00,2023-12-05 14:30:00+00:00,115.6999969482422,115.62000274658205,10,1158.1569694519044,1155.0438274383548,-3.1131420135495773,-0.0026880138838372364,6
ADSK,2023-12-01 14:30:00+00:00,2023-12-05 14:30:00+00:00,224.92999267578125,220.4499969482422,5,1125.774613342285,1101.1477347564696,-24.626878585815348,-0.021875496475001515,4
ALRM,2023-12-05 14:30:00+00:00,2023-12-06 14:30:00+00:00,57.505001068115234,56.119998931884766,21,1208.8126274528502,1177.3414575920106,-31.47116986083961,-0.026034779209044245,1
ADBE,2023-12-04 14:30:00+00:00,2023-12-07 14:30:00+00:00,604.5599975585938,608.780029296875,1,605.1645575561523,608.1712492675781,3.0066917114257876,0.0049683869848025615,3
ADSK,2023-12-06 14:30:00+00:00,2023-12-07 14:30:00+00:00,219.5500030517578,223.83999633789065,5,1098.8477652740478,1118.080781707764,19.233016433716102,0.017502894433169706,1
ALKT,2023-12-06 14:30:00+00:00,2023-12-07 14:30:00+00:00,22.309999465942383,22.440000534057617,53,1183.612401666641,1188.1307082767487,4.518306610107629,0.0038173870126279644,1
AMPH,2023-12-05 14:30:00+00:00,2023-12-11 14:30:00+00:00,58.220001220703125,57.08000183105469,20,1165.5644244384764,1140.4584365844726,-25.105987854003843,-0.021539768482637868,6
ABNB,2023-12-07 14:30:00+00:00,2023-12-11 14:30:00+00:00,139.83999633789062,142.91000366210938,8,1119.838690673828,1142.1367492675781,22.298058593750056,0.019911848714865257,4
AIP,2023-12-08 14:30:00+00:00,2023-12-11 14:30:00+00:00,5.610000133514404,5.739999771118164,215,1207.3561787343024,1232.865850839615,25.509672105312575,0.02112853899671505,3
ACIC,2023-11-17 14:30:00+00:00,2023-12-12 14:30:00+00:00,8.119999885559082,8.5600004196167,149,1211.0898629312514,1274.1646224603653,63.07475952911386,0.05208099040351257,25
AAL,2023-12-06 14:30:00+00:00,2023-12-12 14:30:00+00:00,13.479999542236328,14.039999961853027,89,1200.919679218292,1248.3104366083146,47.3907573900226,0.03946205413243824,6
ADPT,2023-12-08 14:30:00+00:00,2023-12-12 14:30:00+00:00,4.710000038146973,4.380000114440918,256,1206.9657697753905,1120.158749267578,-86.80702050781247,-0.07192169213213624,4
AAPL,2023-12-05 14:30:00+00:00,2023-12-13 14:30:00+00:00,193.4199981689453,197.9600067138672,6,1161.6805090026853,1186.57228024292,24.891771240234675,0.021427381321568798,8
ABL,2023-12-12 14:30:00+00:00,2023-12-13 14:30:00+00:00,7.699999809265137,7.960000038146973,156,1202.4011702156065,1240.5182459449768,38.1170757293703,0.03170079726597023,1
ABNB,2023-12-12 14:30:00+00:00,2023-12-13 14:30:00+00:00,140.5500030517578,144.50999450683594,8,1125.5244244384764,1154.9238760986327,29.399451660156274,0.02612066963791003,1
AIP,2023-12-12 14:30:00+00:00,2023-12-14 14:30:00+00:00,5.880000114440918,5.980000019073486,205,1206.6054234838484,1224.6741039061546,18.068680422306215,0.014974804580387403,2
AAL,2023-12-13 14:30:00+00:00,2023-12-14 14:30:00+00:00,14.09000015258789,14.59000015258789,87,1227.0558432884216,1268.0606832618714,41.00483997344986,0.03341725659653748,1
ACHC,2023-12-13 14:30:00+00:00,2023-12-14 14:30:00+00:00,78.95999908447266,77.58000183105469,15,1185.5843862533568,1162.5363274383544,-23.048058815002378,-0.01944025164487706,1
ALKT,2023-12-08 14:30:00+00:00,2023-12-15 14:30:00+00:00,22.489999771118164,23.31999969482422,53,1193.161957857132,1234.7240238418578,41.562065984725905,0.03483354938617856,7
ACLX,2023-12-13 14:30:00+00:00,2023-12-15 14:30:00+00:00,50.52000045776367,51.119998931884766,24,1213.6924909973143,1225.6530943908692,11.960603393554948,0.009854723072173489,2
ADSK,2023-12-14 14:30:00+00:00,2023-12-18 14:30:00+00:00,240.80999755859372,239.13999938964844,5,1205.2540377807613,1194.504296951294,-10.749740829467328,-0.008919066431223798,4
ADUS,2023-12-15 14:30:00+00:00,2023-12-18 14:30:00+00:00,92.76000213623048,94.44000244140624,13,1207.0859077987673,1226.4923117065428,19.406403907775484,0.01607706939696186,3
AEIS,2023-12-15 14:30:00+00:00,2023-12-18 14:30:00+00:00,109.48999786376952,109.0999984741211,11,1205.5943664779659,1198.8998832321167,-6.694483245849142,-0.005552848812164298,3
ADAM,2023-12-18 14:30:00+00:00,2023-12-19 14:30:00+00:00,8.65999984741211,8.930000305175781,140,1213.6123786163328,1248.9498426818848,35.33746406555201,0.0291175870386565,1
ALKS,2023-12-05 14:30:00+00:00,2023-12-20 14:30:00+00:00,26.8799991607666,27.18000030517578,44,1183.902683036804,1194.7240934143067,10.821410377502616,0.009140455995711439,15
AAON,2023-12-14 14:30:00+00:00,2023-12-20 14:30:00+00:00,71.2300033569336,71.77999877929688,17,1212.120967124939,1219.0397192687988,6.91875214385982,0.0057079716723905756,6
ALGN,2023-12-19 14:30:00+00:00,2023-12-21 14:30:00+00:00,268.3099975585937,274.1000061035156,4,1074.313230224609,1095.3036243896483,20.990394165039334,0.019538430296209632,2
AFYA,2023-11-27 14:30:00+00:00,2023-12-22 14:30:00+00:00,20.229999542236328,21.76000022888184,59,1194.7635429649351,1282.5561734905245,87.7926305255894,0.07348117629009877,25
AMAL,2023-12-19 14:30:00+00:00,2023-12-22 14:30:00+00:00,26.86000061035156,26.93000030517578,46,1236.7955881042476,1237.5412340240478,0.7456459198001539,0.0006028853328487978,3
AAON,2023-12-21 14:30:00+00:00,2023-12-22 14:30:00+00:00,72.38999938964844,73.41000366210938,16,1159.3982302246093,1173.3854985351563,13.987268310547051,0.012064248457440986,1
AAOI,2023-12-20 14:30:00+00:00,2023-12-26 14:30:00+00:00,20.6200008392334,22.81999969482422,58,1197.1560087242126,1322.2364223175048,125.08041359329218,0.10448129791086135,6
ACAD,2023-12-18 14:30:00+00:00,2023-12-27 14:30:00+00:00,29.020000457763672,31.770000457763672,41,1191.0098387870787,1301.2674487495422,110.25760996246345,0.0925748943222413,9
AKRO,2023-12-19 14:30:00+00:00,2023-12-27 14:30:00+00:00,23.09000015258789,24.25,53,1224.9937780952453,1283.96475,58.97097190475483,0.04813981340905206,8
ADEA,2023-12-21 14:30:00+00:00,2023-12-27 14:30:00+00:00,11.789999961853027,12.539999961853027,104,1227.3861560287473,1302.8558360366821,75.46968000793481,0.06148813039583216,6
ACHC,2023-12-22 14:30:00+00:00,2023-12-27 14:30:00+00:00,77.86000061035156,78.68000030517578,16,1247.0057697753905,1257.6211248779298,10.615355102539297,0.008512675209555225,5
ADPT,2023-12-14 14:30:00+00:00,2023-12-28 14:30:00+00:00,5.179999828338623,5.329999923706055,236,1223.7024394474029,1256.6221020126343,32.91966256523142,0.0269016890904436,14
AAON,2023-12-26 14:30:00+00:00,2023-12-28 14:30:00+00:00,74.1500015258789,74.2300033569336,17,1261.8105759658813,1260.6481470108033,-1.162428955077985,-0.0009212388746925644,2
AGIO,2023-12-27 14:30:00+00:00,2023-12-28 14:30:00+00:00,22.82999992370605,22.790000915527344,56,1279.7584757232662,1274.9638112182618,-4.794664505004448,-0.003746538582051354,1
ALLT,2023-12-28 14:30:00+00:00,2023-12-29 14:30:00+00:00,1.6399999856948853,1.649999976158142,783,1285.404108787894,1290.6580313504935,5.253922562599428,0.0040873702882074595,1
AMCX,2023-12-28 14:30:00+00:00,2023-12-29 14:30:00+00:00,18.770000457763672,18.790000915527344,68,1277.6363911590574,1276.4423421936035,-1.1940489654539306,-0.0009345765146613449,1
ACIC,2023-12-26 14:30:00+00:00,2024-01-02 14:30:00+00:00,9.630000114440918,9.710000038146973,131,1262.791545006752,1270.737994992256,7.9464499855041595,0.006292764642688253,7
ALKS,2023-12-28 14:30:00+00:00,2024-01-02 14:30:00+00:00,27.8799991607666,28.6200008392334,46,1283.7624413566589,1315.2035185661316,31.441077209472724,0.024491351512236418,5
ACLX,2023-12-29 14:30:00+00:00,2024-01-02 14:30:00+00:00,55.5,56.150001525878906,22,1222.2209999999998,1234.0647335357667,11.843733535766887,0.009690337128691856,4
ADPT,2023-12-29 14:30:00+00:00,2024-01-02 14:30:00+00:00,4.900000095367432,4.769999980926514,260,1275.2740248203277,1238.9597950458526,-36.31422977447505,-0.02847562881992467,4
ABNB,2023-12-26 14:30:00+00:00,2024-01-03 14:30:00+00:00,138.72000122070312,133.4199981689453,9,1249.7284909973143,1199.5792035369873,-50.14928746032706,-0.0401281460906014,8
ABVX,2024-01-02 14:30:00+00:00,2024-01-03 14:30:00+00:00,10.800000190734863,10.899999618530272,118,1275.6744225292205,1284.9137550315854,9.23933250236496,0.007242704203511868,1
AAOI,2023-12-29 14:30:00+00:00,2024-01-05 14:30:00+00:00,19.31999969482422,20.149999618530277,65,1257.0557801437376,1308.4402252292634,51.38444508552584,0.040876821774488245,7
ABL,2024-01-02 14:30:00+00:00,2024-01-05 14:30:00+00:00,10.270000457763672,10.420000076293944,124,1274.7535368194578,1290.7879294509885,16.034392631530636,0.01257842568653455,3
ADTN,2023-12-15 14:30:00+00:00,2024-01-08 14:30:00+00:00,7.099999904632568,7.389999866485596,172,1222.4211835803985,1269.808897058487,47.38771347808847,0.03876545507767846,24
AKRO,2023-12-28 14:30:00+00:00,2024-01-08 14:30:00+00:00,24.020000457763672,24.1299991607666,53,1274.333084285736,1277.6110655651094,3.277981279373307,0.0025723112110917347,11
ALGN,2024-01-03 14:30:00+00:00,2024-01-08 14:30:00+00:00,256.2200012207031,273.94000244140625,4,1025.9048848876953,1094.6642497558594,68.75936486816408,0.0670231381885769,5
ALKS,2024-01-03 14:30:00+00:00,2024-01-08 14:30:00+00:00,28.670000076293945,29.600000381469727,43,1234.0428132839202,1271.527216386795,37.48440310287492,0.030375285767537438,5
ALNY,2024-01-04 14:30:00+00:00,2024-01-08 14:30:00+00:00,192.30999755859372,196.8300018310547,6,1155.0138453369136,1179.7990309753418,24.785185638428175,0.021458777951876777,4
AGNC,2024-01-08 14:30:00+00:00,2024-01-10 14:30:00+00:00,9.960000038146973,9.93000030517578,131,1306.0647650022506,1299.529209938049,-6.535555064201617,-0.005004005344398334,2
ADTN,2024-01-09 14:30:00+00:00,2024-01-10 14:30:00+00:00,7.300000190734863,7.409999847412109,177,1293.3921337938307,1310.2584030189514,16.866269225120732,0.013040336943791286,1
AEIS,2024-01-03 14:30:00+00:00,2024-01-12 14:30:00+00:00,102.0500030517578,102.22000122070312,12,1225.8246366577146,1225.413374633789,-0.41126202392547384,-0.00033549825287147495,9
ALLT,2024-01-04 14:30:00+00:00,2024-01-12 14:30:00+00:00,1.5800000429153442,1.5299999713897705,803,1270.0087744954824,1227.3613870489598,-42.64738744652254,-0.033580388027999605,8
ALKT,2024-01-09 14:30:00+00:00,2024-01-12 14:30:00+00:00,24.899999618530277,24.8799991607666,51,1271.1698805255892,1267.6110772418976,-3.5588032836915318,-0.002799628388158534,3
AMAL,2024-01-09 14:30:00+00:00,2024-01-12 14:30:00+00:00,25.65999984741211,25.3799991607666,50,1284.2829923629758,1267.7309580802917,-16.55203428268419,-0.012888151895735844,3
AFRM,2024-01-03 14:30:00+00:00,2024-01-16 14:30:00+00:00,43.4900016784668,40.97999954223633,28,1218.9377670440672,1146.2925471954345,-72.64521984863268,-0.05959715238358547,13
ACAD,2024-01-11 14:30:00+00:00,2024-01-16 14:30:00+00:00,28.799999237060547,28.950000762939453,44,1268.4671663970946,1272.5262335357666,4.059067138671935,0.003199978088673082,5
AKRO,2024-01-09 14:30:00+00:00,2024-01-17 14:30:00+00:00,23.065000534057617,21.799999237060547,56,1292.9316699371336,1219.5791573181152,-73.3525126190184,-0.056733479676141764,8
AAON,2024-01-11 14:30:00+00:00,2024-01-17 14:30:00+00:00,71.33000183105469,70.0,18,1285.2239729919431,1258.74,-26.48397299194312,-0.020606504040139893,6
ADMA,2024-01-16 14:30:00+00:00,2024-01-17 14:30:00+00:00,4.929999828338623,4.929999828338623,259,1278.1468254952429,1275.5930855841636,-2.5537399110792194,-0.001998001998001852,1
AGNC,2024-01-16 14:30:00+00:00,2024-01-17 14:30:00+00:00,9.9399995803833,9.699999809265137,128,1273.5922662353514,1240.3583756103515,-33.23389062499996,-0.026094607753262344,1
ALGN,2024-01-16 14:30:00+00:00,2024-01-17 14:30:00+00:00,267.4599914550781,259.5599975585937,4,1070.9098057861327,1037.2017502441404,-33.70805554199228,-0.03147609197326184,1
AMGN,2024-01-09 14:30:00+00:00,2024-01-18 14:30:00+00:00,307.260009765625,304.489990234375,4,1230.2690791015623,1216.7420009765624,-13.527078124999889,-0.010995219139278383,9
ALKT,2024-01-17 14:30:00+00:00,2024-01-18 14:30:00+00:00,24.530000686645508,24.200000762939453,51,1252.2810650539398,1232.9658388710022,-19.315226182937522,-0.015424034365724083,1
ABL,2024-01-08 14:30:00+00:00,2024-01-19 14:30:00+00:00,11.25,12.0,116,1306.3049999999998,1390.608,84.30300000000011,0.06453546453546463,11
ACHC,2024-01-16 14:30:00+00:00,2024-01-19 14:30:00+00:00,84.81999969482422,85.91999816894531,15,1273.5722954177854,1287.5111725616455,13.938877143860054,0.010944708199142722,3
AOSL,2024-01-18 14:30:00+00:00,2024-01-19 14:30:00+00:00,27.229999542236328,27.540000915527344,46,1253.8325589218139,1265.5732020721437,11.740643150329788,0.009363804653809368,1
ACGL,2024-01-19 14:30:00+00:00,2024-01-23 14:30:00+00:00,80.87999725341797,80.33999633789062,15,1214.4131587600707,1203.894845123291,-10.518313636779794,-0.008661231608787168,4
AOUT,2024-01-18 14:30:00+00:00,2024-01-24 14:30:00+00:00,9.149999618530272,9.149999618530272,139,1273.1217969226834,1270.5780970287321,-2.5436998939512705,-0.0019980019980018844,6
AMAT,2024-01-19 14:30:00+00:00,2024-01-24 14:30:00+00:00,167.94000244140625,174.13999938964844,7,1176.7555971069335,1217.7610157318115,41.005418624878075,0.03484616408512553,5
AMD,2024-01-22 14:30:00+00:00,2024-01-24 14:30:00+00:00,168.17999267578125,178.2899932861328,7,1178.437208679199,1246.7819230499267,68.34471437072762,0.057996059414424685,2
ANIP,2024-01-18 14:30:00+00:00,2024-01-25 14:30:00+00:00,55.59000015258789,54.29999923706055,22,1224.2029833602903,1193.4053832321167,-30.7976001281736,-0.025157266030865145,7
ABL,2024-01-22 14:30:00+00:00,2024-01-25 14:30:00+00:00,12.109999656677246,12.079999923706056,106,1284.9436235713956,1279.1995119209291,-5.744111650466493,-0.00447032192315271,3
ADEA,2024-01-22 14:30:00+00:00,2024-01-25 14:30:00+00:00,11.890000343322754,12.130000114440918,107,1273.50226677227,1296.612102232933,23.109835460662907,0.01814667791619679,3
ACIC,2024-01-17 14:30:00+00:00,2024-01-26 14:30:00+00:00,11.899999618530272,11.34000015258789,106,1262.6613595237727,1200.837976158142,-61.82338336563066,-0.048962758620369966,9
ALLT,2024-01-18 14:30:00+00:00,2024-01-26 14:30:00+00:00,1.6399999856948853,1.75,777,1275.5542688738105,1358.39025,82.83598112618938,0.06494116569365993,8
ANAB,2024-01-18 14:30:00+00:00,2024-01-26 14:30:00+00:00,23.690000534057617,23.61000061035156,53,1256.8255983333586,1250.0787023162839,-6.746896017074732,-0.005368203851052686,8
AIP,2024-01-25 14:30:00+00:00,2024-01-26 14:30:00+00:00,5.929999828338623,6.010000228881836,219,1299.9686323685644,1314.8738600749969,14.90522770643247,0.01146583643274138,1
AKAM,2024-01-25 14:30:00+00:00,2024-01-26 14:30:00+00:00,123.66000366210938,123.05999755859376,10,1237.8366366577147,1229.3693756103519,-8.467261047362854,-0.00684037036601641,1
AMRN,2024-01-25 14:30:00+00:00,2024-01-26 14:30:00+00:00,25.200000762939453,26.399999618530277,51,1286.485238948822,1345.053580564499,58.56834161567713,0.045525855907630086,1
ABVX,2024-01-26 14:30:00+00:00,2024-01-29 14:30:00+00:00,12.5600004196167,13.260000228881836,103,1294.9737232637403,1364.4142435512542,69.44052028751389,0.05362311145009335,3
ADMA,2024-01-24 14:30:00+00:00,2024-01-30 14:30:00+00:00,5.050000190734863,5.349999904632568,256,1294.092848876953,1368.2303756103515,74.13752673339854,0.057289186628097816,6
AGIO,2024-01-29 14:30:00+00:00,2024-01-30 14:30:00+00:00,23.8700008392334,22.86000061035156,55,1314.1628962039947,1256.0427335357663,-58.12016266822843,-0.04422599575449174,1
ADSK,2024-01-29 14:30:00+00:00,2024-01-31 14:30:00+00:00,257.2300109863281,253.80999755859372,5,1287.4362049865722,1267.7809378051757,-19.65526718139654,-0.015266983408782993,2
AIP,2024-01-29 14:30:00+00:00,2024-01-31 14:30:00+00:00,6.300000190734863,6.190000057220459,209,1318.01673990345,1292.4163019471168,-25.600437956333053,-0.019423454332005215,2
AKAM,2024-01-29 14:30:00+00:00,2024-01-31 14:30:00+00:00,124.52999877929688,123.2300033569336,10,1246.5452877807616,1231.0677335357666,-15.477554244994963,-0.012416359354700883,2
ABNB,2024-01-30 14:30:00+00:00,2024-01-31 14:30:00+00:00,149.44000244140625,144.13999938964844,8,1196.7155395507812,1151.9668751220704,-44.748664428710754,-0.03739289994137483,1
APLS,2024-01-26 14:30:00+00:00,2024-02-01 14:30:00+00:00,64.04000091552734,62.130001068115234,20,1282.0808183288573,1241.3574213409424,-40.72339698791484,-0.03176351787323065,6
ACIC,2024-01-29 14:30:00+00:00,2024-02-01 14:30:00+00:00,11.600000381469728,12.15999984741211,113,1312.1108431491853,1372.7059027748107,60.59505962562548,0.046181357270237804,3
ACGL,2024-01-31 14:30:00+00:00,2024-02-01 14:30:00+00:00,82.43000030517578,82.08999633789062,15,1237.6864545822143,1230.118595123291,-7.567859458923294,-0.0061145207099142515,1
ACHC,2024-01-31 14:30:00+00:00,2024-02-01 14:30:00+00:00,82.13999938964844,81.7699966430664,15,1233.332090835571,1225.3233996963502,-8.0086911392209,-0.006493539897915967,1
ACLX,2024-02-01 14:30:00+00:00,2024-02-02 14:30:00+00:00,63.81999969482422,63.540000915527344,20,1277.6763938903807,1269.5292182922362,-8.147175598144486,-0.006376556409042867,1
ABNB,2024-02-01 14:30:00+00:00,2024-02-05 14:30:00+00:00,146.49000549316406,144.77999877929688,8,1173.0919639892577,1157.0817502441407,-16.01021374511697,-0.013647876071601476,4
ACHC,2024-02-02 14:30:00+00:00,2024-02-05 14:30:00+00:00,80.30000305175781,78.81999969482422,16,1286.084848876953,1259.8588751220702,-26.225973754882716,-0.020392102261203065,3
ACIC,2024-02-02 14:30:00+00:00,2024-02-05 14:30:00+00:00,11.40999984741211,11.300000190734863,113,1290.6193127403258,1275.6231215314865,-14.996191208839264,-0.011619376109441899,3
ADSK,2024-02-02 14:30:00+00:00,2024-02-05 14:30:00+00:00,256.45001220703125,252.80999755859372,5,1283.5323110961913,1262.7859378051755,-20.746373291015743,-0.016163499049975185,3
ADMA,2024-02-01 14:30:00+00:00,2024-02-06 14:30:00+00:00,5.300000190734863,5.269999980926514,245,1299.7985467767714,1289.8588453316688,-9.939701445102628,-0.007647109215309564,5
AAOI,2024-02-05 14:30:00+00:00,2024-02-06 14:30:00+00:00,19.739999771118164,19.36000061035156,65,1284.3830851078033,1257.1416396331786,-27.241445474624697,-0.02120975103961153,1
AAL,2024-01-29 14:30:00+00:00,2024-02-07 14:30:00+00:00,14.9399995803833,14.90999984741211,88,1316.0346830368042,1310.7679065856933,-5.2667764511109,-0.004002004292894164,9
ADMA,2024-02-07 14:30:00+00:00,2024-02-08 14:30:00+00:00,5.179999828338623,5.170000076293945,248,1285.9245973854063,1280.8778589019776,-5.046738483428726,-0.003924599073452641,1
ALVO,2024-01-26 14:30:00+00:00,2024-02-09 14:30:00+00:00,14.649999618530272,15.65999984741211,88,1290.4891663970943,1376.7019065856935,86.21274018859913,0.06680624869505548,14
ABVX,2024-02-02 14:30:00+00:00,2024-02-09 14:30:00+00:00,12.550000190734863,12.498000144958496,103,1293.9426696653366,1286.0067209157944,-7.935948749542149,-0.006133153296192552,7
ALLT,2024-02-06 14:30:00+00:00,2024-02-09 14:30:00+00:00,1.840000033378601,2.0799999237060547,701,1291.1298634217976,1456.6218665714264,165.49200314962877,0.12817610980744884,3
AMRN,2024-02-06 14:30:00+00:00,2024-02-09 14:30:00+00:00,24.600000381469727,24.399999618530277,52,1280.479219856262,1267.531180183411,-12.94803967285111,-0.010111870206144048,3
AMZN,2024-02-07 14:30:00+00:00,2024-02-09 14:30:00+00:00,170.52999877929688,174.4499969482422,7,1194.903701446533,1219.9288286590577,25.025127212524694,0.020943216748119234,2
AAL,2024-02-08 14:30:00+00:00,2024-02-12 14:30:00+00:00,14.949999809265137,14.93000030517578,87,1301.9506333894728,1297.6111165237423,-4.339516865730502,-0.0033330886397997203,4
AAON,2024-02-09 14:30:00+00:00,2024-02-13 14:30:00+00:00,81.4000015258789,79.76000213623047,16,1303.7024244384763,1274.883874145508,-28.81855029296844,-0.02210515969960017,4
ALKT,2024-02-12 14:30:00+00:00,2024-02-13 14:30:00+00:00,26.149999618530277,25.21999931335449,50,1308.8074809074403,1259.7389657020567,-49.06851520538362,-0.037491010649910686,1
AMRN,2024-02-12 14:30:00+00:00,2024-02-13 14:30:00+00:00,24.200000762939453,22.600000381469727,54,1308.106841239929,1219.179620578766,-88.92722066116312,-0.06798161882317712,1
AMD,2024-02-12 14:30:00+00:00,2024-02-14 14:30:00+00:00,171.91000366210938,178.6999969482422,7,1204.5733956604004,1249.6490786590575,45.07568299865716,0.03742045371502222,2
AAL,2024-02-13 14:30:00+00:00,2024-02-15 14:30:00+00:00,14.609999656677246,14.899999618530272,88,1286.965649757385,1309.8887664642332,22.923116706848077,0.01781175489118103,2
ACGL,2024-02-14 14:30:00+00:00,2024-02-15 14:30:00+00:00,84.87000274658203,87.4000015258789,15,1274.323091239929,1309.6890228652953,35.36593162536633,0.027752719752535383,1
ACIC,2024-02-14 14:30:00+00:00,2024-02-15 14:30:00+00:00,12.550000190734863,12.739999771118164,105,1319.0677700471877,1336.36227599144,17.29450594425225,0.013111157998829405,1
ADP,2024-02-01 14:30:00+00:00,2024-02-16 14:30:00+00:00,247.0800018310547,252.97000122070312,5,1236.6354091644287,1263.5851560974122,26.949746932983544,0.02179279902003856,15
ACLX,2024-02-15 14:30:00+00:00,2024-02-16 14:30:00+00:00,63.790000915527344,61.38999938964844,20,1277.0758183288574,1226.5721878051759,-50.50363052368152,-0.039546305551199805,1
ABL,2024-02-12 14:30:00+00:00,2024-02-20 14:30:00+00:00,12.369999885559082,12.31999969482422,107,1324.9135777425765,1316.9217273788454,-7.991850363731146,-0.0060319786120298325,8
AEP,2024-02-16 14:30:00+00:00,2024-02-20 14:30:00+00:00,81.3499984741211,80.87999725341797,16,1302.9015755615233,1292.7858760986328,-10.115699462890461,-0.007763978225700439,4
ABNB,2024-02-16 14:30:00+00:00,2024-02-21 14:30:00+00:00,152.50999450683594,149.24000549316406,8,1221.3000360107421,1192.7261239013671,-28.573912109374987,-0.023396308250926524,5
ALKS,2024-02-20 14:30:00+00:00,2024-02-21 14:30:00+00:00,30.38999938964844,29.18000030517578,43,1308.0767437286377,1253.485273109436,-54.59147061920157,-0.04173414968267844,1
AMSC,2024-02-12 14:30:00+00:00,2024-02-26 14:30:00+00:00,13.029999732971191,13.289999961853027,101,1317.3460030031204,1340.9477061510086,23.601703147888202,0.017916100321467555,14
AAON,2024-02-14 14:30:00+00:00,2024-02-26 14:30:00+00:00,81.70999908447266,85.25,16,1308.667345336914,1362.636,53.968654663086,0.041239398885735835,12
ALLT,2024-02-16 14:30:00+00:00,2024-02-26 14:30:00+00:00,1.909999966621399,1.840000033378601,696,1330.689336745262,1279.359383208275,-51.32995353698698,-0.038573957211181314,10
AEP,2024-02-21 14:30:00+00:00,2024-02-26 14:30:00+00:00,82.55999755859375,80.7699966430664,15,1239.638363342285,1210.33839969635,-29.299963645934895,-0.023635896171313217,5
ANAB,2024-02-21 14:30:00+00:00,2024-02-26 14:30:00+00:00,25.489999771118164,26.459999084472656,51,1301.2899783153532,1348.1104933547974,46.82051503944422,0.035980078091478074,5
ABNB,2024-02-22 14:30:00+00:00,2024-02-26 14:30:00+00:00,155.25999450683594,149.27000427246094,8,1243.322036010742,1192.9658741455078,-50.3561618652343,-0.04050130248379128,4
AIP,2024-02-20 14:30:00+00:00,2024-02-28 14:30:00+00:00,6.889999866485596,6.480000019073486,190,1310.4090746068953,1229.9688036203383,-80.44027098655692,-0.06138561808318361,8
AEP,2024-02-27 14:30:00+00:00,2024-02-28 14:30:00+00:00,84.06999969482422,83.31999969482422,15,1262.3110454177854,1248.550195426941,-13.760849990844463,-0.010901314728090692,1
ALGM,2024-02-06 14:30:00+00:00,2024-02-29 14:30:00+00:00,29.559999465942383,31.489999771118164,43,1272.351057012558,1352.715920167923,80.36486315536513,0.06316249176077192,23
AMAT,2024-02-22 14:30:00+00:00,2024-03-01 14:30:00+00:00,199.72999572753903,210.25,6,1199.5783543395992,1260.2385,60.66014566040076,0.05056788949296758,8
ALRM,2024-02-27 14:30:00+00:00,2024-03-01 14:30:00+00:00,75.37999725341797,75.52999877929688,17,1282.7414132614135,1282.7259692687987,-0.015443992614791568,-1.203983316912229e-05,3
ALKS,2024-02-27 14:30:00+00:00,2024-03-04 14:30:00+00:00,29.700000762939453,29.920000076293945,43,1278.3771328392027,1285.273443277359,6.8963104381564335,0.005394582131518671,6
AMZN,2024-02-27 14:30:00+00:00,2024-03-04 14:30:00+00:00,173.5399932861328,177.5800018310547,7,1215.9947329559325,1241.8169528045655,25.82221984863304,0.021235470145386588,6
ABVX,2024-02-29 14:30:00+00:00,2024-03-04 14:30:00+00:00,13.600000381469728,14.65999984741211,96,1306.905636657715,1405.952625366211,99.04698870849597,0.07578740647396631,4
AAON,2024-03-01 14:30:00+00:00,2024-03-05 14:30:00+00:00,83.26000213623047,80.91999816894531,15,1250.1489320755004,1212.5861725616455,-37.56275951385487,-0.030046627685785473,4
AMSC,2024-03-04 14:30:00+00:00,2024-03-06 14:30:00+00:00,14.350000381469728,13.90999984741211,92,1321.52023513031,1278.4402659759521,-43.07996915435797,-0.03259879645362374,2
ADMA,2024-03-05 14:30:00+00:00,2024-03-06 14:30:00+00:00,5.800000190734863,6.119999885559082,226,1312.110843149185,1381.736854162216,69.62601101303107,0.05306412287998652,1
AHCO,2024-02-27 14:30:00+00:00,2024-03-07 14:30:00+00:00,10.0,10.960000038146973,130,1301.3,1423.3752049541474,122.07520495414747,0.0938101936172654,9
ABVX,2024-03-06 14:30:00+00:00,2024-03-07 14:30:00+00:00,14.600000381469728,14.5,91,1329.928634748459,1318.1805,-11.748134748459051,-0.008833658018560581,1
ADUS,2024-03-04 14:30:00+00:00,2024-03-08 14:30:00+00:00,95.75,102.25,13,1245.9947499999998,1327.92075,81.92600000000016,0.06575148089508416,4
AEP,2024-03-05 14:30:00+00:00,2024-03-08 14:30:00+00:00,84.05000305175781,83.83999633789062,15,1262.0107958221433,1256.3423451232911,-5.668450698852212,-0.004491602383765244,3
ADMA,2024-03-08 14:30:00+00:00,2024-03-11 13:30:00+00:00,6.340000152587891,6.179999828338623,213,1351.7704525337217,1315.0236234726906,-36.74682906103112,-0.02718422272964605,2
ALRM,2024-03-07 14:30:00+00:00,2024-03-12 13:30:00+00:00,74.48999786376953,74.9000015258789,18,1342.1607815093992,1346.8518274383546,4.691045928955418,0.0034951445412373396,4
AMRK,2024-03-07 14:30:00+00:00,2024-03-12 13:30:00+00:00,28.13999938964844,27.96999931335449,47,1323.9025512847902,1313.2753777599332,-10.627173524856971,-0.008027156919173363,4
AGNC,2024-03-08 14:30:00+00:00,2024-03-12 13:30:00+00:00,9.729999542236328,9.84000015258789,139,1353.8224063072203,1366.392261188507,12.569854881286801,0.009284714762236213,3
ABNB,2024-02-29 14:30:00+00:00,2024-03-14 13:30:00+00:00,157.47000122070312,166.44000244140625,8,1261.0197697753904,1330.1884995117186,69.16872973632826,0.05485142373988983,13
ACLX,2024-03-11 13:30:00+00:00,2024-03-14 13:30:00+00:00,68.83999633789062,69.56999969482422,19,1309.2678903503418,1320.5081642074585,11.24027385711679,0.008585159645295395,3
ACT,2024-03-13 13:30:00+00:00,2024-03-14 13:30:00+00:00,29.5,29.190000534057617,45,1328.8274999999999,1312.2364740085602,-16.591025991439665,-0.012485462553596812,1
AGNC,2024-03-13 13:30:00+00:00,2024-03-14 13:30:00+00:00,9.859999656677246,9.619999885559082,137,1352.1707729177474,1316.6220443372727,-35.548728580474744,-0.02629011755946094,1
ACGL,2024-03-11 13:30:00+00:00,2024-03-15 13:30:00+00:00,90.30999755859376,91.87999725341795,14,1265.604305786133,1285.0336415863035,19.42933580017052,0.01535182498300837,4
ALGN,2024-02-06 14:30:00+00:00,2024-03-18 13:30:00+00:00,288.44000244140625,316.1400146484375,4,1154.9137697753904,1263.2954985351562,108.38172875976579,0.09384400082167525,40
AHCO,2024-03-13 13:30:00+00:00,2024-03-18 13:30:00+00:00,10.359999656677246,9.960000038146973,130,1348.14675532341,1293.5052049541473,-54.64155036926263,-0.04053086220287238,5
ABNB,2024-03-15 13:30:00+00:00,2024-03-18 13:30:00+00:00,160.63999938964844,161.86000061035156,8,1286.4051151123047,1293.5851248779297,7.180009765625073,0.005581453059597209,3
ADI,2024-03-15 13:30:00+00:00,2024-03-18 13:30:00+00:00,195.1999969482422,191.22000122070312,6,1172.3711816711425,1146.1726873168946,-26.19849435424794,-0.022346586783977076,3
AGIO,2024-03-05 14:30:00+00:00,2024-03-19 13:30:00+00:00,31.3700008392334,30.09000015258789,41,1287.4562044429777,1232.4563162498473,-54.999888193130346,-0.04271981291738482,13
AMAT,2024-03-15 13:30:00+00:00,2024-03-19 13:30:00+00:00,198.6499938964844,201.33999633789065,6,1193.0918633422853,1206.8319380493167,13.740074707031454,0.01151635940969415,4
ACGL,2024-03-18 13:30:00+00:00,2024-03-19 13:30:00+00:00,91.4000015258789,91.66999816894533,14,1280.8796213836667,1282.0965943908693,1.2169730072025686,0.0009501072441826632,1
AHCO,2024-03-19 13:30:00+00:00,2024-03-20 13:30:00+00:00,10.5,10.920000076293944,127,1334.8335,1385.4531696796414,50.61966967964145,0.03792208517365008,1
ADUS,2024-03-12 13:30:00+00:00,2024-03-21 13:30:00+00:00,98.58000183105467,101.3000030517578,13,1282.8215638275142,1315.5831396331785,32.76157580566428,0.025538684981186784,9
ABNB,2024-03-19 13:30:00+00:00,2024-03-21 13:30:00+00:00,161.7899932861328,168.17999267578125,8,1295.6142662353514,1344.0945014648437,48.48023522949234,0.03741872599964548,2
AMD,2024-03-19 13:30:00+00:00,2024-03-22 13:30:00+00:00,181.4199981689453,179.64999389648438,7,1271.2099271697996,1256.2924073181152,-14.917519851684347,-0.011734898802195843,3
AAON,2024-03-20 13:30:00+00:00,2024-03-22 13:30:00+00:00,85.33000183105469,86.44999694824219,15,1281.229977493286,1295.453204269409,14.223226776123056,0.01110122852725524,2
ACGL,2024-03-20 13:30:00+00:00,2024-03-22 13:30:00+00:00,92.2300033569336,90.68000030517578,14,1292.5112670440672,1268.2504842681885,-24.260782775878624,-0.01877026792297314,2
ACT,2024-03-21 13:30:00+00:00,2024-03-22 13:30:00+00:00,30.68000030517578,30.43000030517578,44,1351.269933441162,1337.5810934143067,-13.68884002685536,-0.010130351966017017,1
AKRO,2024-03-15 13:30:00+00:00,2024-03-25 13:30:00+00:00,27.540000915527344,24.170000076293945,48,1323.2419639892576,1158.9998436584472,-164.2421203308104,-0.12412100341471921,10
ABVX,2024-03-20 13:30:00+00:00,2024-03-25 13:30:00+00:00,14.970000267028809,14.31999969482422,89,1333.6623537893295,1273.2054928665164,-60.45686092281312,-0.04533145945901321,5
ADMA,2024-03-22 13:30:00+00:00,2024-03-26 13:30:00+00:00,6.289999961853027,6.5,212,1334.8134719047546,1376.622,41.80852809524549,0.03132162581157162,4
ADUS,2024-03-22 13:30:00+00:00,2024-03-26 13:30:00+00:00,103.5,102.55999755859376,12,1243.242,1229.489250732422,-13.752749267577883,-0.011062005038100292,4
ACGL,2024-03-25 13:30:00+00:00,2024-03-26 13:30:00+00:00,90.98999786376952,90.58999633789062,14,1275.1338300628659,1266.9916887817383,-8.142141281127579,-0.00638532292781077,1
ACT,2024-03-25 13:30:00+00:00,2024-03-26 13:30:00+00:00,30.649999618530277,30.520000457763672,43,1319.2679335803987,1311.047659664154,-8.22027391624465,-0.006230935890282284,1
AGNC,2024-03-25 13:30:00+00:00,2024-03-26 13:30:00+00:00,9.859999656677246,9.739999771118164,134,1322.5611939487455,1303.854809360504,-18.706384588241463,-0.014144059778731425,1
AMWD,2024-03-19 13:30:00+00:00,2024-03-27 13:30:00+00:00,97.5,101.0500030517578,13,1268.7675,1312.3363896331784,43.568889633178514,0.034339537884741304,8
AIP,2024-03-25 13:30:00+00:00,2024-03-27 13:30:00+00:00,6.974999904632568,7.5,190,1326.575231862068,1423.575,96.99976813793205,0.07312044263164541,2
APEI,2024-03-26 13:30:00+00:00,2024-03-27 13:30:00+00:00,14.5,14.699999809265137,92,1335.3339999999998,1351.0475824699402,15.71358246994032,0.011767529674179137,1
APPN,2024-03-26 13:30:00+00:00,2024-03-27 13:30:00+00:00,37.75,39.220001220703125,35,1322.57125,1371.3273426818848,48.756092681884866,0.036864624633179396,1
ACGL,2024-03-27 13:30:00+00:00,2024-03-28 13:30:00+00:00,91.4800033569336,92.44000244140624,14,1282.0007670440673,1292.8658741455076,10.865107101440344,0.008475117473207306,1
ADUS,2024-03-27 13:30:00+00:00,2024-03-28 13:30:00+00:00,103.73999786376952,103.33999633789062,12,1246.1248543395993,1238.8398760986329,-7.2849782409664385,-0.005846106203240132,1
AMRK,2024-03-27 13:30:00+00:00,2024-03-28 13:30:00+00:00,30.049999237060547,30.690000534057617,44,1323.5221663970947,1349.0096634750366,25.487497077941953,0.019257325434393194,1
AMRX,2024-03-27 13:30:00+00:00,2024-03-28 13:30:00+00:00,6.119999885559082,6.059999942779541,219,1341.6202549123764,1325.8128474812509,-15.807407431125512,-0.01178232616364153,1
AMZN,2024-03-27 13:30:00+00:00,2024-04-01 13:30:00+00:00,179.8300018310547,180.97000122070312,7,1260.0688228302001,1265.523218536377,5.454395706176911,0.0043286490446815176,5
ABVX,2024-03-28 13:30:00+00:00,2024-04-01 13:30:00+00:00,14.300000190734863,13.970000267028809,94,1345.544217947006,1311.8668450756072,-33.6773728713988,-0.025028811704741152,4
ADI,2024-03-28 13:30:00+00:00,2024-04-01 13:30:00+00:00,197.7899932861328,196.6199951171875,6,1187.9266996765136,1178.5402507324218,-9.386448944091853,-0.007901538829498397,4
ABL,2024-03-28 13:30:00+00:00,2024-04-02 13:30:00+00:00,12.18000030517578,12.0,111,1353.3320139083858,1330.668,-22.66401390838587,-0.01674682463391435,5
AGYS,2024-03-28 13:30:00+00:00,2024-04-02 13:30:00+00:00,84.26000213623047,82.05000305175781,16,1349.508194213867,1311.4872487792968,-38.020945434570194,-0.028173927062902088,5
AMAT,2024-04-01 13:30:00+00:00,2024-04-02 13:30:00+00:00,208.69000244140625,206.1100006103516,6,1253.3921546630859,1235.4233436584475,-17.968811004638383,-0.014336144468263751,1
ANIK,2024-04-01 13:30:00+00:00,2024-04-02 13:30:00+00:00,25.700000762939453,25.82999992370605,52,1337.7364397125243,1341.816836036682,4.080396324157618,0.0030502243962454096,1
APEI,2024-04-01 13:30:00+00:00,2024-04-02 13:30:00+00:00,14.1899995803833,14.1899995803833,95,1349.3980100965498,1346.7019101762771,-2.6960999202726725,-0.0019980019980018835,1
ALLT,2024-02-27 14:30:00+00:00,2024-04-03 13:30:00+00:00,1.9800000190734863,2.369999885559082,657,1302.1608725438116,1555.5328348875046,253.37196234369299,0.1945780799331829,35
ACGL,2024-04-02 13:30:00+00:00,2024-04-03 13:30:00+00:00,91.48999786376952,92.2300033569336,14,1282.140830062866,1289.9288269500732,7.787996887207328,0.006074213303717554,1
ALGN,2024-04-02 13:30:00+00:00,2024-04-03 13:30:00+00:00,312.07000732421875,310.1099853515625,4,1249.5283093261717,1239.1995014648437,-10.32880786132796,-0.008266165547620075,1
AOUT,2024-04-01 13:30:00+00:00,2024-04-04 13:30:00+00:00,8.640000343322754,8.6899995803833,156,1349.1878936119078,1354.2842946052551,5.096400993347288,0.0037773841712318693,3
AVAV,2024-04-02 13:30:00+00:00,2024-04-04 13:30:00+00:00,145.85000610351562,146.4199981689453,9,1313.9627049865721,1316.4622035369873,2.4994985504151828,0.0019022598898198759,2
APP,2024-04-03 13:30:00+00:00,2024-04-04 13:30:00+00:00,72.86000061035156,72.77999877929688,18,1312.7914909973142,1308.7299380493164,-4.061552947997825,-0.0030938294282455356,1
ARHS,2024-04-03 13:30:00+00:00,2024-04-04 13:30:00+00:00,15.649999618530272,15.460000038146973,86,1347.2458671607967,1328.230443277359,-19.015423883437734,-0.014114293720945742,1
APPN,2024-04-03 13:30:00+00:00,2024-04-05 13:30:00+00:00,37.5099983215332,38.02999877929688,36,1351.7102995147704,1367.710876098633,16.00057658386254,0.011837282433674092,2
BILI,2024-04-03 13:30:00+00:00,2024-04-05 13:30:00+00:00,11.329999923706056,10.869999885559082,119,1349.6182609119417,1292.2364563951492,-57.3818045167925,-0.042517062919717324,2
ADMA,2024-04-04 13:30:00+00:00,2024-04-05 13:30:00+00:00,6.28000020980835,6.389999866485596,213,1338.9776847338676,1359.7089015898705,20.731216856002902,0.015482869574576515,1
AGYS,2024-04-04 13:30:00+00:00,2024-04-05 13:30:00+00:00,82.16000366210938,81.54000091552734,16,1315.8746186523435,1303.3353746337891,-12.539244018554427,-0.00952920881732374,1
ALGN,2024-04-04 13:30:00+00:00,2024-04-05 13:30:00+00:00,314.95001220703125,317.5799865722656,4,1261.059848876953,1269.0496263427735,7.989777465820453,0.006335763899656161,1
AMWD,2024-04-05 13:30:00+00:00,2024-04-08 13:30:00+00:00,101.79000091552734,101.6500015258789,13,1324.5932819137572,1320.1285698165893,-4.464712097167876,-0.0033706286738200207,3
BYRN,2024-04-05 13:30:00+00:00,2024-04-08 13:30:00+00:00,13.210000038146973,14.970000267028809,101,1335.5442138566968,1510.4580569429397,174.91384308624288,0.1309682160062213,3
AVO,2024-04-03 13:30:00+00:00,2024-04-09 13:30:00+00:00,11.59000015258789,11.84000015258789,116,1345.7844577178953,1372.066577682495,26.282119964599815,0.019529219418366252,6
ANDE,2024-04-05 13:30:00+00:00,2024-04-09 13:30:00+00:00,57.43999862670898,57.34000015258789,23,1322.4410883827206,1317.501183506012,-4.939904876708624,-0.003735444187347416,4
ANGO,2024-04-08 13:30:00+00:00,2024-04-09 13:30:00+00:00,6.610000133514404,6.96999979019165,206,1363.0216875314711,1434.3841368227006,71.3624492912295,0.052356062962190975,1
AMRK,2024-04-08 13:30:00+00:00,2024-04-10 13:30:00+00:00,39.040000915527344,39.790000915527344,34,1328.6873911590574,1351.5071710968018,22.819779937744443,0.017174679378749884,2
BILI,2024-04-08 13:30:00+00:00,2024-04-10 13:30:00+00:00,11.079999923706056,11.68000030517578,123,1364.2028306064606,1435.2033974990843,71.00056689262374,0.05204546222870701,2
CECO,2024-04-08 13:30:00+00:00,2024-04-10 13:30:00+00:00,23.71999931335449,23.13999938964844,57,1353.3920008220668,1317.6609852447511,-35.7310155773157,-0.02640108376258486,2
ACGL,2024-04-09 13:30:00+00:00,2024-04-10 13:30:00+00:00,91.22000122070312,92.19000244140624,15,1369.6683183288574,1381.4671865844725,11.798868255615162,0.008614398170508207,1
ALLT,2024-04-09 13:30:00+00:00,2024-04-10 13:30:00+00:00,2.2699999809265137,2.1600000858306885,604,1372.4510684680938,1303.3354117898941,-69.11565667819968,-0.05035928658305129,1
AGYS,2024-04-10 13:30:00+00:00,2024-04-12 13:30:00+00:00,83.06999969482422,82.38999938964844,16,1330.4491151123045,1316.9217502441406,-13.527364868163886,-0.01016751765588722,2
APEI,2024-04-10 13:30:00+00:00,2024-04-12 13:30:00+00:00,13.220000267028809,12.6899995803833,103,1363.0216875314711,1305.7628868227005,-57.25880070877065,-0.042008723142527835,2
AMRK,2024-04-11 13:30:00+00:00,2024-04-12 13:30:00+00:00,40.04999923706055,40.66999816894531,34,1363.0616740341186,1381.3971578063965,18.33548377227794,0.0134516905005569,1
CAMT,2024-04-11 13:30:00+00:00,2024-04-12 13:30:00+00:00,80.98999786376953,78.52999877929688,16,1297.1358057861328,1255.2235004882812,-41.91230529785162,-0.03231142422473686,1
ARLP,2024-04-05 13:30:00+00:00,2024-04-15 13:30:00+00:00,20.90999984741211,20.8799991607666,64,1339.5782302246091,1334.9836263427735,-4.59460388183561,-0.003429888436650113,10
CASY,2024-04-10 13:30:00+00:00,2024-04-15 13:30:00+00:00,312.3299865722656,312.7799987792969,4,1250.5692662353515,1249.8688751220702,-0.7003911132812846,-0.0005600578330136846,5
BTSG,2024-04-11 13:30:00+00:00,2024-04-15 13:30:00+00:00,10.43000030517578,10.390000343322754,130,1357.255939712524,1349.349344587326,-7.9065951251980096,-0.00582542679965923,4
CENX,2024-04-11 13:30:00+00:00,2024-04-15 13:30:00+00:00,16.729999542236328,17.75,81,1356.4850928840635,1436.31225,79.82715711593642,0.05884853253065502,4
ANGO,2024-04-15 13:30:00+00:00,2024-04-16 13:30:00+00:00,6.309999942779541,6.510000228881836,215,1358.0066376852988,1398.250399160385,40.24376147508633,0.02963443650296231,1
APP,2024-04-15 13:30:00+00:00,2024-04-16 13:30:00+00:00,71.43000030517578,72.31999969482422,19,1358.527175804138,1372.7059142074586,14.178738403320494,0.010436845619174183,1
BYRN,2024-04-16 13:30:00+00:00,2024-04-17 13:30:00+00:00,13.010000228881836,12.800000190734863,105,1367.4160740566251,1342.6560200071335,-24.7600540494916,-0.0181071837016202,1
ABVX,2024-04-08 13:30:00+00:00,2024-04-18 13:30:00+00:00,15.09000015258789,15.109999656677246,90,1359.458113746643,1358.5400691318512,-0.9180446147918246,-0.0006753018761730802,10
AVDL,2024-04-15 13:30:00+00:00,2024-04-18 13:30:00+00:00,17.0,17.3799991607666,80,1361.36,1389.0095329284668,27.649532928466897,0.020310228689301067,3
APP,2024-04-17 13:30:00+00:00,2024-04-18 13:30:00+00:00,70.9000015258789,68.86000061035156,19,1348.4471290206907,1307.031671585083,-41.41545743560778,-0.0307134455213574,1
AMRK,2024-04-15 13:30:00+00:00,2024-04-19 13:30:00+00:00,38.869998931884766,37.97999954223633,35,1361.8104125785826,1327.9706839942933,-33.83972858428933,-0.024849074637499607,4
CEG,2024-04-16 13:30:00+00:00,2024-04-19 13:30:00+00:00,186.6499938964844,180.8999938964844,7,1307.856507232666,1265.0336573181155,-42.82284991455049,-0.032742773903507716,3
CRESY,2024-04-16 13:30:00+00:00,2024-04-19 13:30:00+00:00,8.770000457763672,9.170000076293944,156,1369.4881914825437,1429.0894918899535,59.60130040740978,0.043520857483910255,3
ANGO,2024-04-17 13:30:00+00:00,2024-04-19 13:30:00+00:00,6.329999923706055,6.260000228881836,215,1362.3109335803983,1344.5541491603851,-17.75678442001322,-0.013034311024242603,2
BLKB,2024-04-18 13:30:00+00:00,2024-04-19 13:30:00+00:00,76.70999908447266,76.4800033569336,17,1305.374054420471,1298.8598970108033,-6.51415740966786,-0.004990261134430054,1
AVDL,2024-04-19 13:30:00+00:00,2024-04-22 13:30:00+00:00,17.329999923706055,17.299999237060547,78,1353.0917340431213,1348.050540550232,-5.041193492889306,-0.0037256849377284348,3
DSGN,2024-04-19 13:30:00+00:00,2024-04-23 13:30:00+00:00,3.700000047683716,3.660000085830689,367,1359.2579175174235,1341.876811468363,-17.381106049060463,-0.012787202358773581,4
CTAS,2024-04-11 13:30:00+00:00,2024-04-24 13:30:00+00:00,167.78250122070312,166.03250122070312,8,1343.6022697753904,1326.9317497558593,-16.670520019531068,-0.012407332433516858,13
CBSH,2024-04-19 13:30:00+00:00,2024-04-24 13:30:00+00:00,51.28571319580078,53.25714111328125,26,1334.761971633911,1383.300983276367,48.53901164245622,0.036365294092877525,5
ABVX,2024-04-22 13:30:00+00:00,2024-04-24 13:30:00+00:00,15.6899995803833,15.890000343322754,87,1366.3949934568404,1381.0475998392105,14.652606382370095,0.010723550988210583,2
AMRK,2024-04-22 13:30:00+00:00,2024-04-24 13:30:00+00:00,37.209999084472656,38.220001220703125,36,1340.8995270080566,1374.5441239013671,33.64459689331056,0.02509106477826986,2
ANGO,2024-04-22 13:30:00+00:00,2024-04-24 13:30:00+00:00,6.260000228881836,5.869999885559082,218,1366.0447299461364,1278.380315076828,-87.6644148693083,-0.06417389778500514,2
ADMA,2024-04-23 13:30:00+00:00,2024-04-24 13:30:00+00:00,6.539999961853027,6.460000038146973,208,1361.680312057495,1342.3363279266357,-19.343984130859326,-0.014205965937504538,1
ARCC,2024-04-22 13:30:00+00:00,2024-04-25 13:30:00+00:00,20.65999984741211,20.6299991607666,66,1364.9235499191282,1360.218364665985,-4.7051852531430995,-0.0034472152329864058,3
BLKB,2024-04-22 13:30:00+00:00,2024-04-25 13:30:00+00:00,78.62999725341797,78.27999877929688,17,1338.0466632614134,1329.4292192687988,-8.617443992614653,-0.006440316492109564,3
AEP,2024-04-25 13:30:00+00:00,2024-04-26 13:30:00+00:00,86.86000061035156,85.26000213623047,15,1304.2029091644285,1277.6211320114135,-26.581777153015082,-0.020381626943345332,1
AVDL,2024-04-25 13:30:00+00:00,2024-04-26 13:30:00+00:00,17.81999969482422,17.809999465942383,75,1337.8364770889282,1334.4142099857331,-3.422267103195054,-0.002558060840620636,1
BSY,2024-04-25 13:30:00+00:00,2024-04-29 13:30:00+00:00,54.369998931884766,53.560001373291016,24,1306.1848543395995,1284.1545929260253,-22.03026141357418,-0.0168661130470025,4
CBSH,2024-04-25 13:30:00+00:00,2024-04-29 13:30:00+00:00,52.79999923706055,52.18095016479492,25,1321.3199809074401,1303.2192303657532,-18.10075054168692,-0.013698991011439869,4
ADI,2024-04-26 13:30:00+00:00,2024-04-29 13:30:00+00:00,201.97000122070312,203.8999938964844,6,1213.031827331543,1222.1765634155277,9.144736083984753,0.007538743731153013,3
APOG,2024-04-24 13:30:00+00:00,2024-04-30 13:30:00+00:00,62.2599983215332,61.77999877929688,21,1308.7674247169493,1296.0825943908694,-12.684830326079918,-0.009692195944457666,6
CHDN,2024-04-25 13:30:00+00:00,2024-04-30 13:30:00+00:00,129.22999572753906,129.0,10,1293.5922572326658,1288.71,-4.882257232665779,-0.0037741855715109273,5
BZ,2024-04-26 13:30:00+00:00,2024-04-30 13:30:00+00:00,20.09000015258789,19.790000915527344,67,1347.376040233612,1324.6041312789916,-22.771908954620358,-0.016900930604845918,4
CLMT,2024-04-29 13:30:00+00:00,2024-04-30 13:30:00+00:00,16.020000457763672,15.65999984741211,84,1347.0257184906004,1314.1245471954346,-32.901171295165796,-0.024425050571441915,1
AGIO,2024-04-30 13:30:00+00:00,2024-05-02 13:30:00+00:00,32.5,34.58000183105469,41,1333.8324999999998,1416.3622949981689,82.52979499816911,0.06187418210170252,2
ARLP,2024-04-30 13:30:00+00:00,2024-05-02 13:30:00+00:00,22.43000030517578,22.8700008392334,59,1324.6933880233764,1347.9807194652558,23.28733144187936,0.017579412453041107,2
ABVX,2024-05-01 13:30:00+00:00,2024-05-02 13:30:00+00:00,15.039999961853027,14.920000076293944,90,1354.953596563339,1341.4572068595885,-13.496389703750538,-0.009960776323249999,1
ACGL,2024-05-01 13:30:00+00:00,2024-05-02 13:30:00+00:00,95.8000030517578,95.16999816894533,14,1342.5412427673336,1331.0475943908693,-11.493648376464307,-0.00856111381187281,1
AEP,2024-05-01 13:30:00+00:00,2024-05-02 13:30:00+00:00,88.1500015258789,88.25,15,1323.5722729110717,1322.42625,-1.1460229110716682,-0.0008658559373951674,1
AMAL,2024-05-01 13:30:00+00:00,2024-05-02 13:30:00+00:00,24.8799991607666,25.190000534057617,54,1344.8634746360776,1358.8997688102722,14.036294174194609,0.010436965862273011,1
CRMD,2024-04-16 13:30:00+00:00,2024-05-03 13:30:00+00:00,5.409999847412109,5.840000152587891,253,1370.0986913566587,1476.0425185661315,105.94382720947283,0.07732569038845534,17
BLKB,2024-04-29 13:30:00+00:00,2024-05-03 13:30:00+00:00,78.9000015258789,78.02999877929688,17,1342.6413259658812,1325.1834692687987,-17.457856697082434,-0.013002621295395811,4
ANAB,2024-04-30 13:30:00+00:00,2024-05-03 13:30:00+00:00,24.34000015258789,26.57999992370605,55,1340.0387084007261,1460.438095808029,120.39938740730281,0.08984769369162021,3
AEP,2024-05-03 13:30:00+00:00,2024-05-06 13:30:00+00:00,88.5999984741211,88.80999755859375,15,1330.328977088928,1330.8178134155273,0.4888363265993121,0.00036745521973745223,3
AIP,2024-05-03 13:30:00+00:00,2024-05-06 13:30:00+00:00,8.210000038146973,9.460000038146973,167,1372.441076376915,1578.240186364174,205.79910998725904,0.14995114437302096,3
ALHC,2024-05-03 13:30:00+00:00,2024-05-06 13:30:00+00:00,6.630000114440918,6.78000020980835,207,1373.7824337129591,1402.056583386898,28.274149673938837,0.02058124269177145,3
AGIO,2024-05-03 13:30:00+00:00,2024-05-07 13:30:00+00:00,34.540000915527344,32.79999923706055,39,1348.4070957412719,1277.920770275116,-70.4863254661559,-0.05227377228195824,4
AMAL,2024-05-03 13:30:00+00:00,2024-05-07 13:30:00+00:00,25.3799991607666,25.1200008392334,54,1371.8904746360777,1355.1235652732848,-16.76690936279283,-0.01222175506921615,4
ACLS,2024-05-06 13:30:00+00:00,2024-05-07 13:30:00+00:00,113.43000030517578,111.2699966430664,12,1362.5211636657714,1333.90471975708,-28.61644390869128,-0.021002568379709177,1
ACGL,2024-05-07 13:30:00+00:00,2024-05-09 13:30:00+00:00,98.20999908447266,99.62999725341795,14,1376.3149271697996,1393.4251415863034,17.110214416503823,0.012431903540920391,2
AMGN,2024-05-06 13:30:00+00:00,2024-05-10 13:30:00+00:00,299.4800109863281,310.1499938964844,4,1199.1179639892578,1239.3593756103517,40.2414116210939,0.03355917668618498,4
AAL,2024-05-08 13:30:00+00:00,2024-05-10 13:30:00+00:00,14.420000076293944,14.399999618530272,96,1385.7043273315426,1381.017563415527,-4.6867639160154795,-0.0033822250703660593,2
AEP,2024-05-08 13:30:00+00:00,2024-05-13 13:30:00+00:00,90.58000183105467,91.5199966430664,15,1360.0587274932857,1371.4271496963502,11.368422203064483,0.008358773024468979,5
ACGL,2024-05-10 13:30:00+00:00,2024-05-13 13:30:00+00:00,100.0500030517578,97.91000366210938,14,1402.1007427673337,1369.3693112182618,-32.731431549071885,-0.02334456473111175,3
AMRX,2024-05-06 13:30:00+00:00,2024-05-14 13:30:00+00:00,6.650000095367432,6.849999904632568,209,1391.2398699517248,1430.2183300881386,38.97846013641379,0.028017066631195894,8
ADTN,2024-05-07 13:30:00+00:00,2024-05-14 13:30:00+00:00,5.389999866485596,5.829999923706055,257,1386.6151956524848,1496.8116704120637,110.1964747595789,0.079471561472197,7
AGNC,2024-05-13 13:30:00+00:00,2024-05-14 13:30:00+00:00,9.699999809265137,9.760000228881836,145,1407.906472315788,1413.7848331546784,5.87836083889033,0.004175249531470182,1
ADEA,2024-05-08 13:30:00+00:00,2024-05-15 13:30:00+00:00,11.1899995803833,11.609999656677246,124,1388.9475079154968,1438.2003174705505,49.25280955505377,0.035460526243336114,7
AEIS,2024-05-14 13:30:00+00:00,2024-05-16 13:30:00+00:00,104.56999969482422,105.45999908447266,13,1360.7694060287474,1369.6090081100465,8.839602081299063,0.006496032349151976,2
AGYS,2024-05-15 13:30:00+00:00,2024-05-17 13:30:00+00:00,96.18000030517578,99.94000244140624,14,1347.8665242767333,1397.7608741455076,49.89434986877427,0.03701727802428184,2
ADEA,2024-05-16 13:30:00+00:00,2024-05-17 13:30:00+00:00,11.579999923706056,11.630000114440918,123,1425.7643306064606,1429.0595240621567,3.2951934556961078,0.002311176808788918,1
AZN,2024-04-25 13:30:00+00:00,2024-05-20 13:30:00+00:00,75.02999877929688,77.11000061035156,18,1351.890518005371,1386.5920309753417,34.701512969970736,0.025668878143453974,25
AIP,2024-05-14 13:30:00+00:00,2024-05-20 13:30:00+00:00,8.369999885559082,8.619999885559082,170,1424.3228805255887,1463.934580564499,39.61170003891016,0.027810899186210547,6
ACLS,2024-05-15 13:30:00+00:00,2024-05-20 13:30:00+00:00,112.94000244140624,115.19000244140624,12,1356.6353093261714,1380.8977492675779,24.262439941406456,0.017884275733216316,5
ACGL,2024-05-17 13:30:00+00:00,2024-05-20 13:30:00+00:00,100.98999786376952,100.16999816894533,14,1415.2738300628657,1400.9775943908694,-14.296235671996328,-0.01010139194855408,3
ADMA,2024-05-13 13:30:00+00:00,2024-05-22 13:30:00+00:00,8.789999961853027,9.630000114440918,160,1407.8063938903806,1539.2592182922363,131.45282440185565,0.09337422032769321,9
ADEA,2024-05-20 13:30:00+00:00,2024-05-22 13:30:00+00:00,11.470000267028809,11.729999542236328,126,1446.6652536792753,1476.5019623794556,29.836708700180225,0.020624473162880706,2
AAPL,2024-05-03 13:30:00+00:00,2024-05-23 13:30:00+00:00,183.3800048828125,186.8800048828125,7,1284.943694213867,1306.8518741455077,21.90817993164069,0.01704991435056163,20
AEIS,2024-05-20 13:30:00+00:00,2024-05-23 13:30:00+00:00,107.87999725341795,108.08000183105467,13,1403.8424042587276,1403.634983779907,-0.2074204788204952,-0.00014775196859081888,3
ALHC,2024-05-21 13:30:00+00:00,2024-05-23 13:30:00+00:00,7.449999809265137,7.059999942779541,195,1454.2027127695083,1375.3232888531684,-78.87942391633987,-0.05424238534537949,2
ADTN,2024-05-15 13:30:00+00:00,2024-05-24 13:30:00+00:00,5.380000114440918,5.269999980926514,266,1432.5111104717253,1400.4181749315262,-32.09293554019905,-0.022403271643478467,9
ACGL,2024-05-23 13:30:00+00:00,2024-05-24 13:30:00+00:00,101.93000030517578,103.36000061035156,14,1428.4470242767331,1445.592968536377,17.145944259643784,0.012003206257036592,1
ADPT,2024-05-21 13:30:00+00:00,2024-05-28 13:30:00+00:00,3.490000009536743,3.650000095367432,416,1453.2918439712523,1516.881639633179,63.5897956619267,0.04375569568199172,7
ALGM,2024-05-21 13:30:00+00:00,2024-05-28 13:30:00+00:00,28.770000457763672,30.790000915527344,50,1439.9385229110717,1537.9605457305909,98.02202281951918,0.06807375541377392,7
AAPL,2024-05-24 13:30:00+00:00,2024-05-28 13:30:00+00:00,189.97999572753903,189.9900054931641,7,1331.189830062866,1328.6001084136965,-2.5897216491694053,-0.0019454187454595448,4
ADUS,2024-05-07 13:30:00+00:00,2024-05-29 13:30:00+00:00,104.58999633789062,110.94000244140624,13,1361.0296223449704,1440.7778117065427,79.74818936157226,0.05859401445221378,22
ACGL,2024-05-28 13:30:00+00:00,2024-05-29 13:30:00+00:00,102.25,101.5500030517578,14,1432.9315,1420.2783426818846,-12.65315731811529,-0.008830259728476408,1
ADEA,2024-05-23 13:30:00+00:00,2024-05-30 13:30:00+00:00,11.770000457763672,11.81999969482422,121,1425.5942254447934,1428.789743110657,3.1955176658634628,0.002241533817146631,7
ACIC,2024-05-24 13:30:00+00:00,2024-05-30 13:30:00+00:00,12.050000190734863,12.0,120,1447.4460229110716,1438.56,-8.886022911071677,-0.00613910485808673,6
ALLT,2024-05-29 13:30:00+00:00,2024-05-30 13:30:00+00:00,2.220000028610229,2.1600000858306885,649,1442.2207985866066,1400.4382156484128,-41.782582938193855,-0.028971002899931327,1
AMD,2024-05-29 13:30:00+00:00,2024-05-30 13:30:00+00:00,165.13999938964844,166.75,8,1322.4411151123045,1332.666,10.224884887695453,0.007731826219594763,1
AGNC,2024-05-30 13:30:00+00:00,2024-05-31 13:30:00+00:00,9.59000015258789,9.59000015258789,151,1449.538113063812,1446.6419330177307,-2.8961800460813265,-0.001998001998001849,1
AEIS,2024-05-28 13:30:00+00:00,2024-06-03 13:30:00+00:00,107.51000213623048,108.20999908447266,13,1399.0276577987672,1405.3232581100465,6.295600311279259,0.004499982738857907,6
AMCX,2024-05-29 13:30:00+00:00,2024-06-03 13:30:00+00:00,16.25,18.31999969482422,88,1431.4299999999998,1610.5478131713867,179.11781317138684,0.1251320799280348,5
ALGM,2024-05-31 13:30:00+00:00,2024-06-03 13:30:00+00:00,30.13999938964844,29.270000457763672,48,1448.1666906738283,1403.5550619506837,-44.61162872314458,-0.030805589584709272,3
ALHC,2024-05-31 13:30:00+00:00,2024-06-03 13:30:00+00:00,7.880000114440918,7.989999771118164,185,1459.2578211927412,1476.6718076992036,17.41398650646238,0.011933454289954641,3
ALKT,2024-05-31 13:30:00+00:00,2024-06-03 13:30:00+00:00,27.43000030517578,27.93000030517578,53,1455.2438061904907,1478.809726158142,23.565919967651325,0.016193795065406764,3
AIP,2024-05-21 13:30:00+00:00,2024-06-04 13:30:00+00:00,8.15999984741211,7.659999847412109,178,1453.9324528121947,1362.1164928665162,-91.81595994567851,-0.0631500863524218,14
ADPT,2024-05-31 13:30:00+00:00,2024-06-05 13:30:00+00:00,3.450000047683716,3.839999914169312,424,1464.2628202381131,1626.5318036441806,162.2689834060675,0.11081957498564356,5
AGNC,2024-06-04 13:30:00+00:00,2024-06-05 13:30:00+00:00,9.720000267028809,9.8100004196167,149,1449.7283198270795,1460.2283724603653,10.500052633285804,0.007242772655871293,1
ALHC,2024-06-04 13:30:00+00:00,2024-06-05 13:30:00+00:00,7.849999904632568,8.270000457763672,184,1445.8443824348449,1520.158404144287,74.31402170944216,0.05139835421589088,1
ADUS,2024-06-04 13:30:00+00:00,2024-06-06 13:30:00+00:00,113.58999633789062,116.06999969482422,12,1364.443036010742,1391.4471563415527,27.004120330810792,0.019791313831439568,2
AMD,2024-06-05 13:30:00+00:00,2024-06-06 13:30:00+00:00,166.1699981689453,166.77999877929688,9,1497.0255135040281,1499.5189690246582,2.49345552063005,0.0016656065632400065,1
ACIC,2024-06-03 13:30:00+00:00,2024-06-07 13:30:00+00:00,11.789999961853027,11.130000114440918,123,1451.6201653032301,1367.6210240621567,-83.9991412410734,-0.05786578558828904,4
AHCO,2024-06-06 13:30:00+00:00,2024-06-07 13:30:00+00:00,11.119999885559082,11.199999809265137,134,1491.5700646495818,1499.2991744670867,7.729109817504877,0.00518186171785413,1
AMBA,2024-06-04 13:30:00+00:00,2024-06-10 13:30:00+00:00,56.150001525878906,57.52999877929688,25,1405.1537881851195,1436.8117195129396,31.65793132782005,0.022529869395085268,6
AEIS,2024-06-06 13:30:00+00:00,2024-06-10 13:30:00+00:00,107.54000091552734,105.31999969482422,13,1399.4180319137572,1367.790836036682,-31.62719587707511,-0.022600248929066407,4
ADUS,2024-06-07 13:30:00+00:00,2024-06-10 13:30:00+00:00,114.54000091552734,116.8000030517578,12,1375.8544909973143,1400.1984365844723,24.343945587158032,0.017693691990285875,3
ASML,2024-06-06 13:30:00+00:00,2024-06-11 13:30:00+00:00,1052.6099853515625,1036.010009765625,1,1053.662595336914,1034.9739997558593,-18.688595581054642,-0.017736793223715863,5
ALGM,2024-06-10 13:30:00+00:00,2024-06-11 13:30:00+00:00,30.040000915527344,28.989999771118164,49,1473.4320049057005,1419.0894787960053,-54.3425261096952,-0.03688159747362968,1
ARLP,2024-06-10 13:30:00+00:00,2024-06-11 13:30:00+00:00,24.81999969482422,24.049999237060547,59,1465.8443619766233,1417.5310050315857,-48.31335694503764,-0.0329594042848378,1
ADI,2024-05-24 13:30:00+00:00,2024-06-12 13:30:00+00:00,232.50999450683597,238.44000244140625,6,1396.4550270080567,1429.2093746337891,32.75434762573241,0.02345535444554165,19
AKRO,2024-06-07 13:30:00+00:00,2024-06-12 13:30:00+00:00,23.020000457763672,24.290000915527344,64,1474.7533093261718,1553.0054985351562,78.25218920898442,0.05306120604315752,5
AGYS,2024-05-30 13:30:00+00:00,2024-06-13 13:30:00+00:00,94.51000213623048,90.5199966430664,15,1419.0676820755007,1356.44214969635,-62.62553237915063,-0.044131462628728,14
AMBA,2024-06-11 13:30:00+00:00,2024-06-13 13:30:00+00:00,56.84000015258789,56.77999877929688,25,1422.4210038185117,1418.0804695129398,-4.340534305571964,-0.003051511678975304,2
AUPH,2024-06-11 13:30:00+00:00,2024-06-13 13:30:00+00:00,5.550000190734863,5.349999904632568,266,1477.776350786209,1421.6768746576308,-56.09947612857809,-0.037962088173039144,2
ACLS,2024-06-12 13:30:00+00:00,2024-06-13 13:30:00+00:00,136.57000732421875,141.16000366210938,10,1367.0657733154296,1410.1884365844726,43.12266326904296,0.03154395648752232,1
ACLX,2024-06-12 13:30:00+00:00,2024-06-13 13:30:00+00:00,55.060001373291016,55.790000915527344,26,1432.9915957412718,1449.0894837799071,16.097888038635347,0.011233763049606774,1
ADMA,2024-06-04 13:30:00+00:00,2024-06-14 13:30:00+00:00,10.09000015258789,10.630000114440918,143,1444.3128918418884,1518.5699263486863,74.25703450679794,0.05141339866606064,10
ADUS,2024-06-13 13:30:00+00:00,2024-06-14 13:30:00+00:00,116.13999938964844,116.43000030517578,12,1395.0736726684568,1395.7628436584473,0.6891709899905436,0.0004940032942291264,1
ASTS,2024-06-11 13:30:00+00:00,2024-06-17 13:30:00+00:00,9.869999885559082,11.75,149,1472.1006129312514,1748.99925,276.8986370687487,0.18809763044482897,6
AAPL,2024-06-12 13:30:00+00:00,2024-06-17 13:30:00+00:00,213.07000732421875,216.6699981689453,6,1279.6984639892576,1298.7199690246582,19.02150503540065,0.014864052408177562,5
ACLX,2024-06-14 13:30:00+00:00,2024-06-17 13:30:00+00:00,54.40999984741211,53.75,27,1470.5390658760068,1449.79875,-20.74031587600689,-0.014103886362006839,3
ADBE,2024-06-14 13:30:00+00:00,2024-06-17 13:30:00+00:00,525.3099975585938,518.739990234375,2,1051.6706151123046,1036.4425004882812,-15.22811462402342,-0.014479927845466383,3
ADI,2024-06-13 13:30:00+00:00,2024-06-18 13:30:00+00:00,234.02999877929688,235.3800048828125,6,1405.5841726684569,1410.8677492675781,5.283576599121261,0.0037589898220684705,5
AKRO,2024-06-14 13:30:00+00:00,2024-06-18 13:30:00+00:00,23.979999542236328,22.15999984741211,62,1488.2467315902709,1372.5460705490111,-115.70066104125976,-0.07774292970737953,4
AAPL,2024-06-18 13:30:00+00:00,2024-06-20 13:30:00+00:00,214.2899932861328,209.67999267578125,6,1287.0256996765136,1256.8218760986329,-30.203823577880712,-0.023467925765174903,2
AEIS,2024-06-18 13:30:00+00:00,2024-06-20 13:30:00+00:00,108.91999816894533,108.62999725341795,13,1417.3759361724854,1410.777774330139,-6.5981618423463715,-0.004655195332414207,2
ALHC,2024-06-18 13:30:00+00:00,2024-06-20 13:30:00+00:00,7.550000190734863,7.090000152587891,198,1496.3949378032682,1402.4162101821898,-93.9787276210784,-0.06280342525018207,2
ARRY,2024-06-18 13:30:00+00:00,2024-06-20 13:30:00+00:00,12.81999969482422,12.329999923706056,116,1488.6070845642091,1428.8497111587526,-59.75737340545652,-0.04014314725833146,2
AGIO,2024-06-14 13:30:00+00:00,2024-06-21 13:30:00+00:00,44.11000061035156,45.220001220703125,33,1457.085650161743,1490.76778024292,33.68213008117709,0.023116094841396748,7
AMBA,2024-06-17 13:30:00+00:00,2024-06-21 13:30:00+00:00,55.900001525878906,55.33000183105469,26,1454.8534397125243,1437.1414675598144,-17.711972152709905,-0.012174403049292546,4
ADI,2024-06-20 13:30:00+00:00,2024-06-24 13:30:00+00:00,229.50999450683597,228.4600067138672,6,1378.4370270080567,1369.38928024292,-9.047746765136708,-0.006563772292721375,4
ADMA,2024-06-20 13:30:00+00:00,2024-06-24 13:30:00+00:00,10.710000038146973,11.010000228881836,137,1468.7372752313613,1506.8616613254546,38.124386094093325,0.025957253715160066,4
ADBE,2024-06-21 13:30:00+00:00,2024-06-24 13:30:00+00:00,533.4400024414062,524.1699829101562,2,1067.9468848876952,1047.2916258544922,-20.655259033203038,-0.019341092076292855,3
AKRO,2024-06-21 13:30:00+00:00,2024-06-24 13:30:00+00:00,23.200000762939453,23.850000381469727,64,1486.284848876953,1524.8736243896485,38.58877551269552,0.02596324354773142,3
ACLS,2024-06-14 13:30:00+00:00,2024-06-25 13:30:00+00:00,138.72999572753906,141.16000366210938,10,1388.6872572326658,1410.1884365844726,21.50117935180674,0.015483096888678624,11
AOUT,2024-06-21 13:30:00+00:00,2024-06-25 13:30:00+00:00,8.510000228881836,8.3100004196167,174,1482.2207798652648,1444.4941329402923,-37.726646924972556,-0.025452785062426354,4
AHCO,2024-06-24 13:30:00+00:00,2024-06-25 13:30:00+00:00,10.15999984741211,9.68000030517578,145,1474.6731778526305,1402.1964442062376,-72.47673364639286,-0.04914765843366802,1
APLD,2024-06-24 13:30:00+00:00,2024-06-25 13:30:00+00:00,6.079999923706055,6.329999923706055,243,1478.9174214420318,1536.6517914791107,57.73437003707886,0.039038264882149024,1
ACLX,2024-06-21 13:30:00+00:00,2024-06-26 13:30:00+00:00,56.119998931884766,53.65999984741211,26,1460.5790922012327,1393.764836036682,-66.81425616455067,-0.045745044908081754,5
ALHC,2024-06-25 13:30:00+00:00,2024-06-26 13:30:00+00:00,7.320000171661377,7.590000152587891,202,1480.1186747102736,1531.6468507919312,51.52817608165765,0.0348135436449,1
AOUT,2024-06-26 13:30:00+00:00,2024-06-27 13:30:00+00:00,8.600000381469727,8.819999694824219,171,1472.0706652965544,1506.7117278671265,34.6410625705721,0.02353220085639946,1
AKRO,2024-06-25 13:30:00+00:00,2024-06-28 13:30:00+00:00,23.5,23.459999084472656,62,1458.4569999999999,1453.0654232940674,-5.3915767059324935,-0.0036967676838826884,3
APPF,2024-06-26 13:30:00+00:00,2024-06-28 13:30:00+00:00,239.6999969482422,244.57000732421875,6,1439.6381816711423,1465.9526239013671,26.314442230224813,0.018278510923959254,2
AAON,2024-06-25 13:30:00+00:00,2024-07-01 13:30:00+00:00,84.73999786376953,83.58000183105469,17,1442.0205436477659,1419.4391710968018,-22.581372550964034,-0.01565953595490513,6
APLD,2024-06-26 13:30:00+00:00,2024-07-01 13:30:00+00:00,6.03000020980835,6.5,244,1472.7913712444304,1584.414,111.62262875556962,0.0757898443289048,5
AGIO,2024-06-25 13:30:00+00:00,2024-07-02 13:30:00+00:00,44.68999862670898,42.04999923706055,33,1476.2447246360775,1386.262324848175,-89.98239978790252,-0.060953579231305906,7
AMZN,2024-06-27 13:30:00+00:00,2024-07-02 13:30:00+00:00,197.8500061035156,200.0,7,1386.3349927673337,1398.6,12.265007232666221,0.008847073251886557,5
ADUS,2024-06-28 13:30:00+00:00,2024-07-02 13:30:00+00:00,116.11000061035156,116.6500015258789,12,1394.7133273315428,1398.4002182922363,3.6868909606935176,0.002643475822911594,4
AMBA,2024-07-01 13:30:00+00:00,2024-07-02 13:30:00+00:00,53.61000061035156,56.09999847412109,27,1448.9174864959716,1513.185258842468,64.26777234649649,0.04435571586751995,1
AKRO,2024-07-02 13:30:00+00:00,2024-07-03 13:30:00+00:00,22.3799991607666,21.93000030517578,67,1500.9594037151335,1467.8407104263306,-33.11869328880289,-0.022065016020305684,1
ALNY,2024-06-26 13:30:00+00:00,2024-07-05 13:30:00+00:00,245.1699981689453,251.02999877929688,6,1472.4910090026854,1504.6738126831056,32.18280368042019,0.02185602729229398,9
ADBE,2024-06-27 13:30:00+00:00,2024-07-05 13:30:00+00:00,546.760009765625,578.3400268554688,2,1094.613539550781,1155.5233736572266,60.90983410644549,0.05564505819235737,8
ARM,2024-07-02 13:30:00+00:00,2024-07-05 13:30:00+00:00,163.4600067138672,181.19000244140625,9,1472.6112004852293,1629.0793119506836,156.46811146545429,0.10625215359892524,3
ABNB,2024-07-03 13:30:00+00:00,2024-07-05 13:30:00+00:00,152.72999572753906,152.5,9,1375.9445315093992,1371.1275,-4.817031509399158,-0.0035008907692775345,2
AGYS,2024-07-01 13:30:00+00:00,2024-07-08 13:30:00+00:00,103.43000030517578,105.5,14,1449.4680242767333,1475.523,26.05497572326658,0.017975543638686125,7
ALGM,2024-07-03 13:30:00+00:00,2024-07-08 13:30:00+00:00,30.6200008392334,31.399999618530277,49,1501.8804211635588,1537.0613813266757,35.18096016311688,0.02342460802296162,5
ADSK,2024-06-17 13:30:00+00:00,2024-07-09 13:30:00+00:00,240.50999450683597,243.9600067138672,6,1444.5030270080567,1462.29628024292,17.793253234863187,0.012317906506376566,22
ADUS,2024-07-03 13:30:00+00:00,2024-07-09 13:30:00+00:00,117.37999725341795,116.9499969482422,12,1409.9685270080563,1401.9965634155276,-7.971963592528709,-0.005654001092808194,6
APPF,2024-07-03 13:30:00+00:00,2024-07-09 13:30:00+00:00,249.97000122070312,248.8699951171875,6,1501.319827331543,1491.7267507324218,-9.593076599121105,-0.006389762144267361,6
AAPL,2024-07-05 13:30:00+00:00,2024-07-10 13:30:00+00:00,226.33999633789065,232.97999572753903,6,1359.3980180053711,1396.482094390869,37.08407638549784,0.027279778177042566,5
ADBE,2024-07-08 13:30:00+00:00,2024-07-10 13:30:00+00:00,575.4000244140625,564.5499877929688,2,1151.950848876953,1127.9708756103516,-23.97997326660129,-0.020816837185353508,2
AOUT,2024-07-09 13:30:00+00:00,2024-07-10 13:30:00+00:00,8.34000015258789,8.470000267028809,182,1519.397907798767,1539.998508550644,20.600600751876982,0.01355839747187896,1
APLD,2024-07-09 13:30:00+00:00,2024-07-11 13:30:00+00:00,5.46999979019165,5.880000114440918,277,1516.70513182497,1627.1312716684342,110.42613984346417,0.07280659735791511,2
AFYA,2024-07-10 13:30:00+00:00,2024-07-11 13:30:00+00:00,17.6200008392334,17.709999084472656,86,1516.835392246246,1521.5368613433839,4.70146909713776,0.003099524919559969,1
ASTS,2024-07-08 13:30:00+00:00,2024-07-12 13:30:00+00:00,12.100000381469728,13.010000228881836,126,1526.1246481132507,1637.6207688102722,111.49612069702152,0.07305833166043434,4
ADSK,2024-07-10 13:30:00+00:00,2024-07-12 13:30:00+00:00,247.0500030517578,253.4499969482422,6,1483.7823183288572,1519.1792817077637,35.39696337890655,0.023855900519675396,2
AGYS,2024-07-10 13:30:00+00:00,2024-07-12 13:30:00+00:00,102.66999816894533,106.83999633789062,14,1438.8173543395997,1494.2641887817383,55.44683444213865,0.03853639537701302,2
AAON,2024-07-11 13:30:00+00:00,2024-07-12 13:30:00+00:00,88.56999969482422,90.02999877929688,17,1507.1956848068235,1528.9794692687988,21.7837844619753,0.01445318924514259,1
AGNC,2024-07-11 13:30:00+00:00,2024-07-12 13:30:00+00:00,10.149999618530272,10.449999809265137,152,1544.3427419586178,1586.8115710372924,42.46882907867462,0.027499613864739238,1
ARQT,2024-07-08 13:30:00+00:00,2024-07-15 13:30:00+00:00,10.43000030517578,10.770000457763672,146,1524.3028246002193,1570.8476467666626,46.54482216644328,0.030535154442589613,7
ACAD,2024-07-12 13:30:00+00:00,2024-07-15 13:30:00+00:00,17.770000457763672,18.030000686645508,88,1565.3238003234862,1585.05342036438,19.72962004089368,0.01260417814947706,3
ADAM,2024-07-11 13:30:00+00:00,2024-07-16 13:30:00+00:00,6.429999828338623,6.800000190734863,240,1544.7431587600706,1630.368045730591,85.62488697052027,0.055429853490498296,5
AEIS,2024-07-12 13:30:00+00:00,2024-07-16 13:30:00+00:00,113.87000274658205,119.61000061035156,13,1481.790345741272,1553.3750779266356,71.58473218536369,0.04830962247196524,4
AKRO,2024-07-15 13:30:00+00:00,2024-07-16 13:30:00+00:00,27.450000762939453,27.700000762939453,57,1566.2146935310361,1577.3211434440614,11.106449913025244,0.007091269133726308,1
ACIC,2024-07-16 13:30:00+00:00,2024-07-17 13:30:00+00:00,11.390000343322754,11.3100004196167,142,1618.9974288005826,1604.4140395259858,-14.583389274596811,-0.009007666729527028,1
AMAL,2024-07-15 13:30:00+00:00,2024-07-18 13:30:00+00:00,29.700000762939453,31.170000076293945,53,1575.6741404762267,1650.3579940395355,74.68385356330873,0.047398032146885725,3
ACT,2024-07-17 13:30:00+00:00,2024-07-18 13:30:00+00:00,33.45000076293945,33.400001525878906,48,1607.2056366577146,1601.5968731689454,-5.6087634887692275,-0.003489760962034083,1
ALRM,2024-07-15 13:30:00+00:00,2024-07-19 13:30:00+00:00,66.94999694824219,67.20999908447266,23,1541.3897797393797,1544.2841489639281,2.894369224548427,0.001877765937333392,4
ACLX,2024-07-17 13:30:00+00:00,2024-07-19 13:30:00+00:00,65.51000213623047,62.560001373291016,24,1573.8122913208006,1499.9385929260254,-73.87369839477515,-0.04693933247450854,2
ATEX,2024-07-08 13:30:00+00:00,2024-07-22 13:30:00+00:00,39.97999954223633,39.65999984741211,38,1520.7592225875853,1505.5729142074586,-15.186308380126775,-0.00998600446051357,14
ADTN,2024-07-15 13:30:00+00:00,2024-07-22 13:30:00+00:00,5.900000095367432,6.170000076293945,268,1582.78122558403,1651.9064604263306,69.12523484230064,0.043673271912101526,7
AKAM,2024-07-15 13:30:00+00:00,2024-07-22 13:30:00+00:00,96.26000213623048,96.33000183105467,16,1541.7001942138672,1539.738749267578,-1.961444946289248,-0.0012722609451894205,7
AAON,2024-07-17 13:30:00+00:00,2024-07-22 13:30:00+00:00,88.18000030517578,89.05000305175781,18,1588.827245498657,1601.2971548767089,12.469909378051852,0.007848499208067232,5
AAPL,2024-07-19 13:30:00+00:00,2024-07-22 13:30:00+00:00,224.30999755859372,223.9600067138672,7,1571.740152893066,1566.1523269500733,-5.587825942992595,-0.0035551843176540423,3
AMGN,2024-07-19 13:30:00+00:00,2024-07-22 13:30:00+00:00,331.2900085449219,335.9700012207031,4,1326.485194213867,1342.5361248779298,16.050930664062662,0.01210034664094019,3
ANDE,2024-07-22 13:30:00+00:00,2024-07-23 13:30:00+00:00,52.060001373291016,52.5,30,1563.361841239929,1573.425,10.063158760071019,0.006436871167387427,1
ACAD,2024-07-16 13:30:00+00:00,2024-07-24 13:30:00+00:00,18.6200008392334,18.479999542236328,87,1621.5600130863188,1606.152200214386,-15.40781287193272,-0.009501845597812315,8
AEIS,2024-07-23 13:30:00+00:00,2024-07-24 13:30:00+00:00,113.38999938964844,109.83000183105467,14,1589.047451446533,1536.0824056091305,-52.965045837402386,-0.033331317947231556,1
AMGN,2024-07-23 13:30:00+00:00,2024-07-24 13:30:00+00:00,333.239990234375,335.6099853515625,4,1334.2929208984374,1341.0975014648438,6.804580566406457,0.005099765171372293,1
AVBP,2024-07-23 13:30:00+00:00,2024-07-24 13:30:00+00:00,20.43000030517578,20.51000022888184,78,1595.1335638275145,1598.1802378349307,3.046674007416186,0.0019099805035170273,1
AVDL,2024-07-23 13:30:00+00:00,2024-07-24 13:30:00+00:00,16.25,16.299999237060547,98,1594.0924999999997,1595.8025253067017,1.7100253067019366,0.0010727265241521034,1
CNXC,2024-07-23 13:30:00+00:00,2024-07-24 13:30:00+00:00,65.91999816894531,64.73999786376953,24,1583.662036010742,1552.2061887817383,-31.455847229003666,-0.019862727345691264,1
AAON,2024-07-24 13:30:00+00:00,2024-07-25 13:30:00+00:00,84.77999877929688,85.41000366210938,18,1527.566018005371,1535.8426858520509,8.276667846679857,0.005418206315879669,1
ADPT,2024-07-18 13:30:00+00:00,2024-07-26 13:30:00+00:00,4.230000019073486,4.510000228881836,375,1587.8362571597097,1689.5588357448578,101.72257858514809,0.06406364518159287,8
ABL,2024-07-25 13:30:00+00:00,2024-07-26 13:30:00+00:00,10.06999969482422,9.93000030517578,158,1592.6510117340088,1567.3711081695553,-25.279903564453434,-0.015872845575208457,1
ARGX,2024-07-25 13:30:00+00:00,2024-07-26 13:30:00+00:00,486.3299865722656,494.4599914550781,3,1460.4489496765136,1481.896594390869,21.44764471435542,0.01468565177790434,1
AVBP,2024-07-25 13:30:00+00:00,2024-07-26 13:30:00+00:00,21.13999938964844,22.3799991607666,75,1587.0854541778565,1676.8214371204376,89.73598294258113,0.056541368145211976,1
AVDL,2024-07-25 13:30:00+00:00,2024-07-26 13:30:00+00:00,16.290000915527344,16.719999313354492,97,1581.7102188949584,1620.2180934619903,38.50787456703188,0.024345720288723248,1
AMGN,2024-07-26 13:30:00+00:00,2024-07-29 13:30:00+00:00,334.8500061035156,332.510009765625,4,1340.7394244384764,1328.7099990234376,-12.029425415038759,-0.008972232184547627,3
CALM,2024-07-25 13:30:00+00:00,2024-07-30 13:30:00+00:00,71.05000305175781,71.77999877929688,22,1564.6631672058104,1577.5808131713868,12.917645965576412,0.008255863777150747,5
ARGX,2024-07-29 13:30:00+00:00,2024-07-30 13:30:00+00:00,499.0499877929688,509.2099914550781,3,1498.6471133422851,1526.1023443908691,27.455231048583983,0.018320010631023925,1
ASTH,2024-07-29 13:30:00+00:00,2024-07-30 13:30:00+00:00,52.22999954223633,52.40999984741211,30,1568.4668862533567,1570.727695426941,2.260809173584221,0.0014414133912541071,1
AVDL,2024-07-29 13:30:00+00:00,2024-07-30 13:30:00+00:00,16.31999969482422,16.239999771118164,98,1600.959330062866,1589.9284575920105,-11.030872470855456,-0.006890164080821653,1
CHDN,2024-07-29 13:30:00+00:00,2024-07-30 13:30:00+00:00,145.0,142.9499969482422,11,1596.5949999999998,1570.8775164642334,-25.717483535766405,-0.016107706422584567,1
CHKP,2024-07-29 13:30:00+00:00,2024-07-30 13:30:00+00:00,183.3699951171875,182.42999267578125,8,1468.4269208984374,1457.9805014648437,-10.446419433593746,-0.007114020646803618,1
ATGL,2024-07-23 13:30:00+00:00,2024-07-31 13:30:00+00:00,3.690000057220459,3.1700000762939453,432,1595.6741047439573,1368.0705929260255,-227.6035118179318,-0.1426378426153962,8
AOUT,2024-07-31 13:30:00+00:00,2024-08-01 13:30:00+00:00,9.31999969482422,9.369999885559082,172,1604.6429874572755,1610.028340335846,5.385352878570529,0.0033561065736523637,1
CELC,2024-07-31 13:30:00+00:00,2024-08-01 13:30:00+00:00,18.32999992370605,17.940000534057617,87,1596.304703355789,1559.2192664165498,-37.085436939239116,-0.02323205391882718,1
CHDN,2024-07-31 13:30:00+00:00,2024-08-01 13:30:00+00:00,143.55999755859375,139.9600067138672,11,1580.7391331176757,1538.0205137786866,-42.71861933898913,-0.027024458649755594,1
ASTH,2024-07-31 13:30:00+00:00,2024-08-02 13:30:00+00:00,52.459999084472656,49.27999877929688,30,1575.3737725067137,1476.9215634155275,-98.4522090911862,-0.06249450816648443,2
AGIO,2024-08-01 13:30:00+00:00,2024-08-02 13:30:00+00:00,44.5,43.959999084472656,35,1559.0575,1537.0613679885864,-21.996132011413465,-0.014108608573714225,1
CINF,2024-07-31 13:30:00+00:00,2024-08-05 13:30:00+00:00,130.6199951171875,125.81999969482422,12,1569.007381347656,1508.3301563415528,-60.6772250061033,-0.038672364277844415,5
ACHC,2024-08-02 13:30:00+00:00,2024-08-05 13:30:00+00:00,72.37000274658203,71.0199966430664,21,1521.2898277359006,1489.92850957489,-31.36131816101056,-0.020614952909850756,3
ACT,2024-08-02 13:30:00+00:00,2024-08-05 13:30:00+00:00,33.029998779296875,32.29999923706055,48,1587.025381347656,1548.8495634155274,-38.175817932128666,-0.024054951093290557,3
ADPT,2024-08-02 13:30:00+00:00,2024-08-06 13:30:00+00:00,4.300000190734863,4.610000133514404,369,1588.2867704515456,1699.3889592175483,111.10218876600266,0.06995096278137267,4
AKRO,2024-08-05 13:30:00+00:00,2024-08-07 13:30:00+00:00,23.799999237060547,23.68000030517578,65,1548.5469503593442,1537.6608198165893,-10.886130542754927,-0.007029900217251258,2
ALHC,2024-07-31 13:30:00+00:00,2024-08-09 13:30:00+00:00,8.739999771118164,8.619999885559082,183,1601.0193780727384,1575.8825190782547,-25.136858994483646,-0.015700533884069962,9
ACHC,2024-08-06 13:30:00+00:00,2024-08-09 13:30:00+00:00,70.94000244140625,71.58000183105469,22,1562.2407337646482,1573.1852802429198,10.944546478271604,0.007005672200018568,3
ACT,2024-08-06 13:30:00+00:00,2024-08-09 13:30:00+00:00,32.7599983215332,33.2599983215332,48,1574.052399353027,1594.88343951416,20.831040161132933,0.013234019508940735,3
ACIC,2024-08-07 13:30:00+00:00,2024-08-09 13:30:00+00:00,11.649999618530272,11.479999542236328,134,1562.6610488319393,1536.7816187210083,-25.879430110931025,-0.016561128294760676,2
ADAM,2024-08-07 13:30:00+00:00,2024-08-09 13:30:00+00:00,6.239999771118164,6.28000020980835,250,1561.5599427223203,1568.4300523996353,6.870109677314986,0.0043995171042477505,2
COO,2024-07-25 13:30:00+00:00,2024-08-12 13:30:00+00:00,92.68000030517578,90.97000122070312,17,1577.135565193176,1544.9435307312012,-32.1920344619748,-0.02041171042771567,18
ABL,2024-08-08 13:30:00+00:00,2024-08-13 13:30:00+00:00,10.260000228881836,10.65999984741211,152,1561.0795548248288,1618.6996568298339,57.62010200500504,0.036910419989114956,5
ANGO,2024-07-22 13:30:00+00:00,2024-08-14 13:30:00+00:00,7.130000114440918,7.170000076293945,222,1584.4428854312896,1590.1482769203185,5.705391489028898,0.0036008817619676303,23
AEP,2024-08-05 13:30:00+00:00,2024-08-14 13:30:00+00:00,98.05999755859376,97.23999786376952,15,1472.3708633422852,1457.1413679885861,-15.229495353699122,-0.010343518561028933,9
ADPT,2024-08-12 13:30:00+00:00,2024-08-14 13:30:00+00:00,4.300000190734863,4.400000095367432,364,1566.7652694969177,1599.9984346790313,33.23316518211368,0.021211323629087543,2
ADUS,2024-08-12 13:30:00+00:00,2024-08-14 13:30:00+00:00,125.5,128.0399932861328,12,1507.5059999999999,1534.9434395141602,27.43743951416036,0.01820055078663724,2
AKAM,2024-08-12 13:30:00+00:00,2024-08-14 13:30:00+00:00,99.58000183105467,99.7300033569336,15,1495.1937274932857,1494.45410030365,-0.7396271896357121,-0.000494669805012965,2
ACHC,2024-08-13 13:30:00+00:00,2024-08-14 13:30:00+00:00,73.02999877929688,72.66999816894531,21,1535.1636043395995,1524.5438915863037,-10.619712753295744,-0.006917642343315036,1
AMPH,2024-08-15 13:30:00+00:00,2024-08-16 13:30:00+00:00,45.31999969482422,44.959999084472656,35,1587.7861893081663,1572.0263679885863,-15.759821319579942,-0.009925657135515737,1
ADP,2024-07-30 13:30:00+00:00,2024-08-19 13:30:00+00:00,257.739990234375,264.6499938964844,6,1547.986381347656,1586.3120634155273,38.325682067871185,0.02475841036437631,20
ADMA,2024-08-12 13:30:00+00:00,2024-08-19 13:30:00+00:00,16.450000762939453,18.21999931335449,95,1564.312822551727,1729.1690348339077,164.85621228218065,0.10538570668574146,7
ALNY,2024-08-15 13:30:00+00:00,2024-08-19 13:30:00+00:00,262.70001220703125,274.4800109863281,6,1577.7762733154295,1645.2331858520508,67.4569125366213,0.042754421952912264,4
ABL,2024-08-14 13:30:00+00:00,2024-08-20 13:30:00+00:00,10.449999809265137,10.979999542236328,151,1579.5279211702345,1656.3219509468079,76.79402977657332,0.048618342700569965,6
AEP,2024-08-15 13:30:00+00:00,2024-08-20 13:30:00+00:00,96.55999755859376,97.63999938964844,16,1546.5049208984376,1560.6777502441407,14.172829345703121,0.009164425637565678,5
ALLT,2024-08-15 13:30:00+00:00,2024-08-20 13:30:00+00:00,3.180000066757202,3.4100000858306885,500,1591.5900334119794,1703.295042872429,111.70500946044945,0.07018453691933547,5
AAON,2024-08-19 13:30:00+00:00,2024-08-20 13:30:00+00:00,90.93000030517578,89.55999755859375,17,1547.355815193176,1520.9974385375976,-26.358376655578468,-0.017034463823233714,1
ALKS,2024-08-12 13:30:00+00:00,2024-08-21 13:30:00+00:00,25.940000534057617,28.26000022888184,60,1557.9564320755003,1693.9044137191775,135.94798164367717,0.08726045147653332,9
ACGL,2024-08-20 13:30:00+00:00,2024-08-21 13:30:00+00:00,102.8000030517578,104.5999984741211,15,1543.542045822143,1567.4309771347046,23.888931312561454,0.015476696198345147,1
ADEA,2024-08-20 13:30:00+00:00,2024-08-21 13:30:00+00:00,11.920000076293944,11.970000267028809,135,1610.8092103099818,1614.3340860128403,3.5248757028584805,0.002188263936099644,1
AKAM,2024-08-15 13:30:00+00:00,2024-08-22 13:30:00+00:00,100.86000061035156,101.58000183105467,15,1514.4129091644286,1522.1763274383543,7.7634182739257085,0.005126355056104972,7
ADPT,2024-08-15 13:30:00+00:00,2024-08-23 13:30:00+00:00,4.929999828338623,4.860000133514404,322,1589.0474046697616,1563.3551229486466,-25.692281721115023,-0.01616835447804305,8
ACT,2024-08-21 13:30:00+00:00,2024-08-23 13:30:00+00:00,34.81999969482422,35.20000076293945,46,1603.321705947876,1617.5808350601196,14.259129112243727,0.008893492216406937,2
ADEA,2024-08-22 13:30:00+00:00,2024-08-23 13:30:00+00:00,11.800000190734863,12.06999969482422,136,1606.4048259658812,1639.878438537598,33.473612571716785,0.020837594627861097,1
ADMA,2024-08-22 13:30:00+00:00,2024-08-23 13:30:00+00:00,17.5,18.399999618530277,91,1594.0924999999997,1672.7255653209688,78.63306532096908,0.049327793287383945,1
AGYS,2024-08-22 13:30:00+00:00,2024-08-23 13:30:00+00:00,108.72000122070312,110.4000015258789,14,1523.6020971069333,1544.0544213409423,20.452324234008984,0.013423665058511367,1
ACLX,2024-08-20 13:30:00+00:00,2024-08-26 13:30:00+00:00,65.88999938964844,71.9000015258789,24,1582.9413453369139,1723.8744365844727,140.93309124755888,0.08903241529619825,6
ACGL,2024-08-23 13:30:00+00:00,2024-08-26 13:30:00+00:00,109.0199966430664,109.48999786376952,15,1636.9352495956418,1640.7076179885862,3.7723683929443723,0.002304531223135569,3
ALHC,2024-08-26 13:30:00+00:00,2024-08-27 13:30:00+00:00,9.420000076293944,9.0600004196167,176,1659.5779334411618,1592.9655137786865,-66.6124196624753,-0.04013816906106565,1
ADBE,2024-08-21 13:30:00+00:00,2024-08-28 13:30:00+00:00,565.7899780273438,560.5399780273438,2,1132.711536010742,1119.9588760986328,-12.752659912109266,-0.011258523910705828,7
ACT,2024-08-27 13:30:00+00:00,2024-08-28 13:30:00+00:00,35.2400016784668,35.04999923706055,46,1622.661117286682,1610.6876649398803,-11.97345234680165,-0.007378898908247059,1
ACHC,2024-08-21 13:30:00+00:00,2024-08-29 13:30:00+00:00,76.7300033569336,80.8499984741211,21,1612.9414005661008,1696.1521179885865,83.21071742248569,0.051589423765352464,8
ANGI,2024-08-26 13:30:00+00:00,2024-08-29 13:30:00+00:00,26.399999618530277,26.600000381469727,62,1638.4367763252258,1647.550823627472,9.114047302246263,0.005562648149712398,3
ACGL,2024-08-27 13:30:00+00:00,2024-08-29 13:30:00+00:00,110.68000030517578,112.80999755859376,14,1551.0695242767333,1577.7606258544924,26.691101577759127,0.017208191612303927,2
ACLX,2024-08-28 13:30:00+00:00,2024-08-29 13:30:00+00:00,69.30000305175781,67.4800033569336,23,1595.49397026062,1550.4880371322631,-45.0059331283569,-0.028208149931776484,1
ADP,2024-08-21 13:30:00+00:00,2024-08-30 13:30:00+00:00,267.8500061035156,275.9100036621094,6,1608.7071366577147,1653.8045619506836,45.097425292968865,0.028033334511503607,9
ANAB,2024-08-29 13:30:00+00:00,2024-08-30 13:30:00+00:00,36.619998931884766,38.09000015258789,45,1649.5478518867492,1712.3359568595886,62.78810497283939,0.038063827551909145,1
ADMA,2024-08-26 13:30:00+00:00,2024-09-03 13:30:00+00:00,17.459999084472656,16.56999969482422,94,1642.88115385437,1556.022391342163,-86.85876251220702,-0.05286977838197689,8
AAL,2024-08-30 13:30:00+00:00,2024-09-03 13:30:00+00:00,10.619999885559082,10.600000381469728,156,1658.3767021293638,1651.9464594497683,-6.430242679595494,-0.0038774318713830406,4
AMRX,2024-08-29 13:30:00+00:00,2024-09-04 13:30:00+00:00,8.670000076293945,8.489999771118164,190,1648.9473145103452,1611.4868565559386,-37.46045795440659,-0.0227178016087982,6
ADPT,2024-08-30 13:30:00+00:00,2024-09-04 13:30:00+00:00,4.699999809265137,4.349999904632568,354,1665.463732412338,1538.3600662736892,-127.1036661386488,-0.07631728248716994,5
ADSK,2024-08-30 13:30:00+00:00,2024-09-05 13:30:00+00:00,258.3999938964844,251.7700042724609,6,1551.950363342285,1509.1094056091306,-42.84095773315448,-0.027604592740254955,6
APGE,2024-08-30 13:30:00+00:00,2024-09-06 13:30:00+00:00,51.16999816894531,47.25,32,1639.077381347656,1510.488,-128.58938134765594,-0.07845229444989915,7
AAL,2024-09-04 13:30:00+00:00,2024-09-06 13:30:00+00:00,10.630000114440918,10.800000190734863,152,1617.3757774124144,1639.9584289627076,22.58265155029312,0.013962526127615409,2
AAOI,2024-09-04 13:30:00+00:00,2024-09-06 13:30:00+00:00,13.0,11.8100004196167,124,1613.6119999999999,1462.9756119804383,-150.63638801956154,-0.09335353729369981,2
ABVX,2024-09-05 13:30:00+00:00,2024-09-06 13:30:00+00:00,12.279999732971191,12.350000381469728,131,1610.2886449842451,1616.232199922562,5.943554938316765,0.003690987300214687,1
ABL,2024-08-26 13:30:00+00:00,2024-09-09 13:30:00+00:00,10.300000190734863,9.920000076293944,161,1659.9583307390212,1595.5228922710417,-64.43543846797957,-0.03881750359317309,14
ACHC,2024-09-03 13:30:00+00:00,2024-09-09 13:30:00+00:00,78.20999908447266,76.31999969482422,20,1565.7641816711423,1524.8735939025878,-40.8905877685545,-0.02611541906962766,6
ACT,2024-09-06 13:30:00+00:00,2024-09-09 13:30:00+00:00,35.70000076293945,35.70000076293945,44,1572.3708336029051,1569.2292335357665,-3.1416000671385973,-0.0019980019980019507,3
ARQT,2024-08-26 13:30:00+00:00,2024-09-10 13:30:00+00:00,10.579999923706056,10.869999885559082,156,1652.1304680862427,1694.0242621650696,41.893794078826886,0.025357436890171794,15
AAOI,2024-09-09 13:30:00+00:00,2024-09-10 13:30:00+00:00,13.020000457763672,12.515000343322754,122,1590.028495903015,1525.3032118434905,-64.72528405952448,-0.04070699627478403,1
ADSK,2024-09-09 13:30:00+00:00,2024-09-10 13:30:00+00:00,255.6699981689453,257.6099853515625,6,1535.5540090026855,1544.1142521972656,8.560243194580153,0.005574693657398528,1
ADMA,2024-09-09 13:30:00+00:00,2024-09-11 13:30:00+00:00,18.3799991607666,16.90999984741211,87,1600.6589869136808,1469.6988167381287,-130.9601701755521,-0.0818164088954785,2
AKRO,2024-09-10 13:30:00+00:00,2024-09-11 13:30:00+00:00,25.739999771118164,25.6200008392334,61,1571.710126024246,1561.257231142044,-10.452894882201917,-0.006650650593340178,1
AMRK,2024-09-10 13:30:00+00:00,2024-09-11 13:30:00+00:00,43.75,44.130001068115234,36,1576.5749999999998,1587.0913584136963,10.51635841369648,0.0066703825784986326,1
ANAB,2024-09-10 13:30:00+00:00,2024-09-12 13:30:00+00:00,35.13999938964844,38.29999923706055,45,1582.8812725067137,1721.7764657020568,138.89519319534315,0.08774833312379975,2
ACHC,2024-09-11 13:30:00+00:00,2024-09-12 13:30:00+00:00,77.11000061035156,77.37000274658203,20,1543.7422122192381,1545.852654876709,2.1104426574709123,0.001367095257722468,1
AEP,2024-09-09 13:30:00+00:00,2024-09-13 13:30:00+00:00,103.66000366210938,104.16999816894533,15,1556.4549549865721,1560.9874225616456,4.532467575073497,0.002912045453389044,4
ACGL,2024-09-05 13:30:00+00:00,2024-09-16 13:30:00+00:00,112.19000244140624,114.22000122070312,14,1572.2306942138669,1597.480937072754,25.250242858887077,0.016060138599133814,11
AAOI,2024-09-12 13:30:00+00:00,2024-09-16 13:30:00+00:00,14.520000457763672,13.1899995803833,111,1613.331770862579,1462.625863469124,-150.70590739345516,-0.09341284298447752,4
AHCO,2024-09-12 13:30:00+00:00,2024-09-16 13:30:00+00:00,10.789999961853027,11.43000030517578,149,1609.317704310417,1701.36697542572,92.0492711153031,0.057197699912675516,4
AMBA,2024-09-12 13:30:00+00:00,2024-09-16 13:30:00+00:00,52.83000183105469,53.36000061035156,30,1586.4849549865721,1599.1992182922363,12.71426330566419,0.008014108968194912,4
ADEA,2024-09-13 13:30:00+00:00,2024-09-16 13:30:00+00:00,11.960000038146973,12.09000015258789,136,1628.1865651931762,1642.595780731201,14.40921553802491,0.008849855321288276,3
ADI,2024-09-13 13:30:00+00:00,2024-09-16 13:30:00+00:00,225.4199981689453,223.27999877929688,7,1579.5179271697996,1561.397031463623,-18.120895706176498,-0.011472421676559095,3
AFRM,2024-09-11 13:30:00+00:00,2024-09-17 13:30:00+00:00,40.2400016784668,44.0,39,1570.929425525665,1714.284,143.3545744743351,0.09125462426573729,6
ALHC,2024-09-11 13:30:00+00:00,2024-09-17 13:30:00+00:00,10.75,11.68000030517578,147,1581.8302499999998,1715.2430848159788,133.41283481597907,0.08434080383529086,6
ADMA,2024-09-16 13:30:00+00:00,2024-09-18 13:30:00+00:00,18.200000762939453,19.31999969482422,89,1621.4198679695128,1717.7604928665162,96.34062489700341,0.05941744442643951,2
ACT,2024-09-17 13:30:00+00:00,2024-09-18 13:30:00+00:00,36.34000015258789,36.63999938964844,44,1600.5589667205809,1610.5478131713867,9.988846450805795,0.00624084876502373,1
AKRO,2024-09-17 13:30:00+00:00,2024-09-18 13:30:00+00:00,26.63999938964844,26.959999084472656,61,1626.6650027313233,1642.9153842086791,16.25038147735586,0.009989998832009014,1
AMAL,2024-09-17 13:30:00+00:00,2024-09-18 13:30:00+00:00,31.700000762939453,31.88999938964844,51,1618.316738948822,1624.7635789031985,6.446839954376628,0.003983670068545528,1
ALGN,2024-09-17 13:30:00+00:00,2024-09-19 13:30:00+00:00,253.16000366210935,257.1700134277344,6,1520.4789819946286,1541.4770604858397,20.998078491211118,0.01381017346498598,2
AAOI,2024-09-19 13:30:00+00:00,2024-09-20 13:30:00+00:00,14.199999809265137,13.829999923706056,115,1634.632978043556,1588.8595412349703,-45.77343680858576,-0.028002271716902855,1
ABNB,2024-09-19 13:30:00+00:00,2024-09-20 13:30:00+00:00,128.75,131.17999267578125,12,1546.5449999999998,1572.5857521972657,26.040752197265874,0.016838017773337263,1
ADI,2024-09-19 13:30:00+00:00,2024-09-20 13:30:00+00:00,233.4499969482422,226.77999877929688,7,1635.7841286163327,1585.872531463623,-49.911597152709646,-0.030512337343026167,1
ADTN,2024-09-19 13:30:00+00:00,2024-09-20 13:30:00+00:00,5.840000152587891,5.739999771118164,281,1642.6810829200742,1611.32699574852,-31.354087171554283,-0.019087142049397935,1
ADSK,2024-09-17 13:30:00+00:00,2024-09-23 13:30:00+00:00,266.8900146484375,268.4599914550781,6,1602.9414279785155,1609.1491887817383,6.2077608032227545,0.0038727309026203283,6
AEP,2024-09-18 13:30:00+00:00,2024-09-23 13:30:00+00:00,103.22000122070312,102.52999877929688,15,1549.8483183288572,1536.4120317077636,-13.436286621093586,-0.008669420395656154,5
AAL,2024-09-20 13:30:00+00:00,2024-09-23 13:30:00+00:00,11.010000228881836,10.979999542236328,147,1620.0885036792754,1612.4458727760316,-7.6426309032437985,-0.004717415675678907,3
ADP,2024-09-03 13:30:00+00:00,2024-09-24 13:30:00+00:00,275.54998779296875,276.6400146484375,5,1379.1276889038083,1381.8168731689452,2.6891842651368734,0.0019499168110201281,21
ABNB,2024-09-23 13:30:00+00:00,2024-09-24 13:30:00+00:00,129.02999877929688,131.47999572753906,12,1549.908345336914,1576.1821887817382,26.27384344482425,0.016951869137212066,1
ACT,2024-09-23 13:30:00+00:00,2024-09-24 13:30:00+00:00,36.380001068115234,35.939998626708984,44,1602.3207670440672,1579.7785796356202,-22.542187408447035,-0.01406846111720343,1
ADTN,2024-09-23 13:30:00+00:00,2024-09-24 13:30:00+00:00,5.619999885559082,6.019999980926514,289,1625.8041468935012,1738.0402144932748,112.2360675997736,0.06903418706012543,1
ADMA,2024-09-24 13:30:00+00:00,2024-09-25 13:30:00+00:00,19.290000915527344,19.489999771118164,84,1621.980436981201,1635.5228207931518,13.542383811950913,0.008349289241216582,1
AMRK,2024-09-18 13:30:00+00:00,2024-09-26 13:30:00+00:00,43.2599983215332,44.72999954223633,37,1602.220557834625,1653.3549730796815,51.134415245056516,0.031914716731736265,8
ADSK,2024-09-24 13:30:00+00:00,2024-09-26 13:30:00+00:00,269.6499938964844,273.3599853515625,6,1619.517863342285,1638.5197521972657,19.001888854980734,0.011733052956739562,2
ALGN,2024-09-25 13:30:00+00:00,2024-09-26 13:30:00+00:00,242.4499969482422,249.4600067138672,6,1456.1546816711425,1495.26328024292,39.10859857177752,0.02685744795113037,1
AMD,2024-09-25 13:30:00+00:00,2024-09-26 13:30:00+00:00,162.02000427246094,167.49000549316406,10,1621.8202427673339,1673.225154876709,51.40491210937512,0.03169581360118075,1
APLD,2024-09-25 13:30:00+00:00,2024-09-26 13:30:00+00:00,7.670000076293945,8.25,212,1627.6660561904905,1747.251,119.58494380950947,0.07347019577799323,1
AMBA,2024-09-17 13:30:00+00:00,2024-09-27 13:30:00+00:00,54.31999969482422,56.43999862670898,29,1576.855271141052,1635.1232002143859,58.26792907333379,0.03695198293700706,10
AMSC,2024-09-25 13:30:00+00:00,2024-09-27 13:30:00+00:00,23.350000381469727,22.979999542236328,69,1612.7611763477323,1584.0343484458924,-28.726827901839897,-0.017812202031608194,2
APGE,2024-09-24 13:30:00+00:00,2024-09-30 13:30:00+00:00,59.91999816894531,58.7400016784668,27,1619.4577905120848,1584.394065273285,-35.06372523879986,-0.021651521542721066,6
ADSK,2024-09-27 13:30:00+00:00,2024-09-30 13:30:00+00:00,271.8999938964844,275.4800109863281,6,1633.031363342285,1651.2271858520508,18.195822509765776,0.011142359490588616,3
AFRM,2024-09-27 13:30:00+00:00,2024-09-30 13:30:00+00:00,41.15999984741211,40.81999969482422,40,1648.0463938903806,1631.1671878051757,-16.87920608520494,-0.01024194837462061,3
ABNB,2024-09-26 13:30:00+00:00,2024-10-01 13:30:00+00:00,129.25,125.47000122070312,12,1552.551,1504.134374633789,-48.41662536621084,-0.031185207678337677,5
AKRO,2024-09-27 13:30:00+00:00,2024-10-01 13:30:00+00:00,28.239999771118164,28.82999992370605,58,1639.5579067115782,1670.467855579376,30.909948867797766,0.01885261187864545,4
AMAT,2024-09-30 13:30:00+00:00,2024-10-01 13:30:00+00:00,202.0500030517578,197.1999969482422,8,1618.0164244384764,1576.0223756103517,-41.99404882812473,-0.025954031240874784,1
AMSC,2024-09-30 13:30:00+00:00,2024-10-01 13:30:00+00:00,23.600000381469727,21.32999992370605,71,1677.2756271114347,1512.9155645885464,-164.36006252288826,-0.0979922797816751,1
ACLX,2024-10-01 13:30:00+00:00,2024-10-02 13:30:00+00:00,81.44000244140625,76.2300033569336,20,1630.428848876953,1523.0754670715332,-107.35338180541976,-0.06584364713576141,1
ALNY,2024-10-01 13:30:00+00:00,2024-10-02 13:30:00+00:00,276.0599975585937,271.54998779296875,5,1381.6802877807613,1356.392189025879,-25.288098754882412,-0.018302424213853308,1
ALGT,2024-09-27 13:30:00+00:00,2024-10-03 13:30:00+00:00,52.900001525878906,55.0,31,1641.5399473495481,1703.295,61.755052650451944,0.03762019483605163,6
ADI,2024-10-02 13:30:00+00:00,2024-10-03 13:30:00+00:00,227.72999572753903,226.55999755859372,7,1595.7040800628658,1584.334062927246,-11.370017135619946,-0.00712539203081564,1
AMSC,2024-10-02 13:30:00+00:00,2024-10-03 13:30:00+00:00,21.8799991607666,21.51000022888184,75,1642.6409369945525,1611.6367671489718,-31.00416984558069,-0.018874587347316008,1
ADPT,2024-09-27 13:30:00+00:00,2024-10-04 13:30:00+00:00,5.0,5.519999980926514,332,1661.6599999999999,1830.807353673935,169.14735367393519,0.10179420198713046,7
ALAB,2024-10-01 13:30:00+00:00,2024-10-04 13:30:00+00:00,50.68000030517578,52.34000015258789,32,1623.3817697753905,1673.2051248779296,49.82335510253915,0.030691089446835827,3
AMZN,2024-10-02 13:30:00+00:00,2024-10-04 13:30:00+00:00,184.75999450683597,186.50999450683597,8,1479.5580360107422,1490.587876098633,11.029840087890761,0.007454820844763862,2
ADP,2024-10-03 13:30:00+00:00,2024-10-07 13:30:00+00:00,284.6199951171875,282.1199951171875,5,1424.5230755615232,1409.1893756103516,-15.333699951171639,-0.010764093761785746,4
AKRO,2024-10-03 13:30:00+00:00,2024-10-07 13:30:00+00:00,27.649999618530277,26.75,58,1605.3036778526307,1549.9485,-55.35517785263073,-0.03448268300654352,4
AAON,2024-09-23 13:30:00+00:00,2024-10-08 13:30:00+00:00,107.81999969482422,109.1500015258789,15,1618.9172954177855,1635.6127728652955,16.69547744751003,0.010312742655085116,15
ALKS,2024-10-07 13:30:00+00:00,2024-10-08 13:30:00+00:00,27.790000915527344,27.11000061035156,58,1613.4318731536864,1570.80765536499,-42.62421778869634,-0.026418356112787787,1
AMZN,2024-10-07 13:30:00+00:00,2024-10-09 13:30:00+00:00,180.8000030517578,185.1699981689453,9,1628.827227493286,1664.8634535369872,36.03622604370116,0.022124032208842546,2
ACLX,2024-10-08 13:30:00+00:00,2024-10-09 13:30:00+00:00,80.8499984741211,82.94000244140625,20,1618.6169694519042,1657.1412487792968,38.524279327392605,0.023800738565367748,1
AMSC,2024-10-04 13:30:00+00:00,2024-10-10 13:30:00+00:00,23.959999084472656,22.170000076293945,69,1654.8931767654417,1528.2002752590179,-126.69290150642382,-0.07655654351905083,6
AAL,2024-10-08 13:30:00+00:00,2024-10-10 13:30:00+00:00,11.920000076293944,11.760000228881836,138,1646.6049705390926,1621.2571515541076,-25.347818984984997,-0.015393989110020852,2
AAON,2024-10-09 13:30:00+00:00,2024-10-10 13:30:00+00:00,109.4800033569336,108.58999633789062,15,1643.8422504043576,1627.221095123291,-16.62115528106665,-0.010111161990743408,1
AAPL,2024-10-09 13:30:00+00:00,2024-10-10 13:30:00+00:00,229.5399932861328,229.0399932861328,7,1608.3867329559325,1601.6766730499266,-6.710059906005881,-0.004171919457252653,1
ALHC,2024-10-02 13:30:00+00:00,2024-10-11 13:30:00+00:00,11.265000343322754,11.449999809265137,145,1635.058474831581,1658.5897223711013,23.531247539520336,0.014391685619649885,9
APGE,2024-10-07 13:30:00+00:00,2024-10-11 13:30:00+00:00,55.22999954223633,56.93999862670898,29,1603.271656711578,1649.6087002143859,46.337043502807774,0.02890155471085186,4
AAL,2024-10-11 13:30:00+00:00,2024-10-14 13:30:00+00:00,11.789999961853027,11.869999885559082,140,1652.250594654083,1660.1381839942933,7.8875893402102975,0.004773845665863811,3
ADEA,2024-10-11 13:30:00+00:00,2024-10-14 13:30:00+00:00,11.880000114440918,11.880000114440918,139,1652.9713359231946,1649.6686958913804,-3.302640031814235,-0.0019980019980017924,3
AEIS,2024-10-11 13:30:00+00:00,2024-10-14 13:30:00+00:00,109.31999969482422,111.0999984741211,15,1641.4397954177855,1664.8334771347045,23.39368171691899,0.014251927961186503,3
AMBA,2024-10-04 13:30:00+00:00,2024-10-16 13:30:00+00:00,56.20000076293945,57.27999877929688,29,1631.4298221473691,1659.4588446350099,28.02902248764076,0.01718064859863084,12
AKRO,2024-10-11 13:30:00+00:00,2024-10-16 13:30:00+00:00,29.6299991607666,31.049999237060547,56,1660.9392329559325,1737.0611573181152,76.12192436218265,0.0458306498225768,5
AAOI,2024-10-15 13:30:00+00:00,2024-10-16 13:30:00+00:00,17.399999618530273,18.96999931335449,95,1654.6529637241363,1800.3477848339078,145.6948211097715,0.08805158803925592,1
ALNY,2024-10-15 13:30:00+00:00,2024-10-16 13:30:00+00:00,287.3599853515625,300.54998779296875,5,1438.2367266845702,1501.247189025879,63.01046234130877,0.04381091177289066,1
ADP,2024-10-10 13:30:00+00:00,2024-10-17 13:30:00+00:00,286.9100036621094,291.9599914550781,5,1435.9845683288572,1458.3401573181152,22.355588989257967,0.0155681262057534,7
ADPT,2024-10-10 13:30:00+00:00,2024-10-17 13:30:00+00:00,4.909999847412109,4.639999866485596,334,1641.5798889846799,1548.2101954507827,-93.36969353389713,-0.05687794676361835,7
AAPL,2024-10-14 13:30:00+00:00,2024-10-18 13:30:00+00:00,231.3000030517578,235.0,7,1620.7191213836668,1643.355,22.63587861633323,0.013966564790701153,4
ADSK,2024-10-14 13:30:00+00:00,2024-10-18 13:30:00+00:00,285.3099975585937,292.989990234375,5,1427.9765377807614,1463.4850012207032,35.508463439941806,0.024866279312352017,4
AEIS,2024-10-15 13:30:00+00:00,2024-10-18 13:30:00+00:00,106.62999725341795,110.47000122070312,15,1601.0494087600705,1655.3929682922362,54.34355953216573,0.0339424625091689,3
ADTN,2024-10-17 13:30:00+00:00,2024-10-18 13:30:00+00:00,6.309999942779541,6.320000171661377,267,1686.4547547068594,1685.752605787754,-0.7021489191054116,-0.00041634613507758145,1
ALAB,2024-10-18 13:30:00+00:00,2024-10-21 13:30:00+00:00,66.87000274658203,67.18000030517578,25,1673.421818733215,1677.820507621765,4.398688888549941,0.002628559541478765,3
AMPH,2024-10-21 13:30:00+00:00,2024-10-22 13:30:00+00:00,50.81999969482422,50.380001068115234,33,1678.7370499191281,1660.877495212555,-17.859554706573135,-0.010638685020643052,1
AMSC,2024-10-21 13:30:00+00:00,2024-10-22 13:30:00+00:00,23.850000381469727,23.36000061035156,71,1695.0433771114347,1656.9014832916257,-38.141893819808956,-0.02250201637011054,1
ABNB,2024-10-04 13:30:00+00:00,2024-10-23 13:30:00+00:00,129.85000610351562,131.9199981689453,12,1559.7582733154295,1581.4569380493165,21.69866473388697,0.013911556107834702,19
ADP,2024-10-21 13:30:00+00:00,2024-10-23 13:30:00+00:00,290.9100036621094,290.0400085449219,5,1456.0045683288572,1448.7498426818847,-7.254725646972474,-0.004982625607623714,2
ADSK,2024-10-21 13:30:00+00:00,2024-10-23 13:30:00+00:00,289.7799987792969,286.29998779296875,5,1450.3488938903806,1430.068439025879,-20.280454864501735,-0.013983156018481826,2
ADEA,2024-10-23 13:30:00+00:00,2024-10-24 13:30:00+00:00,12.18000030517578,12.1899995803833,138,1682.5208821563717,1680.5377221508027,-1.9831600055690615,-0.0011786837397390166,1
ALAB,2024-10-23 13:30:00+00:00,2024-10-24 13:30:00+00:00,67.80000305175781,70.30000305175781,24,1628.8272733154295,1685.5128731689454,56.685599853515896,0.03480148004774874,1
ALLT,2024-10-17 13:30:00+00:00,2024-10-25 13:30:00+00:00,3.240000009536743,3.4600000381469727,520,1686.4848049640655,1797.4008198165893,110.91601485252386,0.0657675743807767,8
AMBA,2024-10-18 13:30:00+00:00,2024-10-25 13:30:00+00:00,58.2599983215332,57.75,29,1691.2294912757873,1673.07525,-18.15424127578717,-0.010734345261501105,7
AAOI,2024-10-22 13:30:00+00:00,2024-10-25 13:30:00+00:00,17.6299991607666,17.440000534057617,96,1694.1723993530272,1672.5658112182616,-21.606588134765616,-0.012753476649139584,3
ALMS,2024-10-24 13:30:00+00:00,2024-10-25 13:30:00+00:00,11.970000267028809,11.899999618530272,141,1689.4578076887128,1676.2220462665555,-13.235761422157339,-0.007834324930709406,1
AURA,2024-10-25 13:30:00+00:00,2024-10-28 13:30:00+00:00,10.920000076293944,10.979999542236328,155,1694.2926118373866,1700.1980291175842,5.9054172801975255,0.0034854766165764942,3
ALVO,2024-10-17 13:30:00+00:00,2024-10-29 13:30:00+00:00,12.399999618530272,12.960000038146973,136,1688.086348068237,1760.7974451828004,72.71109711456347,0.043073091135279,12
AMBA,2024-10-28 13:30:00+00:00,2024-10-29 13:30:00+00:00,59.33000183105469,61.52999877929688,28,1662.9012913208005,1721.1171258544923,58.215834533691805,0.03500859301603671,1
AMWD,2024-10-28 13:30:00+00:00,2024-10-29 13:30:00+00:00,96.08999633789062,91.6500015258789,17,1635.1634676818846,1556.4919759140014,-78.67149176788325,-0.04811231006733115,1
ASLE,2024-10-28 13:30:00+00:00,2024-10-29 13:30:00+00:00,5.53000020980835,5.449999809265137,306,1693.8722442655562,1666.0322416934966,-27.840002572059575,-0.016435715660557793,1
CELC,2024-10-28 13:30:00+00:00,2024-10-29 13:30:00+00:00,15.739999771118164,15.90999984741211,107,1685.864155485153,1700.6676136894225,14.803458204269418,0.008780931818322766,1
ARQQ,2024-10-25 13:30:00+00:00,2024-10-30 13:30:00+00:00,7.159999847412109,5.96999979019165,236,1691.4497239532468,1407.5110305347444,-283.93869341850245,-0.1678670606625437,5
AKRO,2024-10-29 13:30:00+00:00,2024-10-30 13:30:00+00:00,31.729999542236328,30.700000762939453,53,1683.3716657142638,1625.4729403953552,-57.898725318908646,-0.034394499146058695,1
CG,2024-10-28 13:30:00+00:00,2024-10-31 13:30:00+00:00,50.91999816894531,50.02999877929688,33,1682.0402995147704,1649.3389697570803,-32.70132975769002,-0.019441466275881496,3
ALVO,2024-10-30 13:30:00+00:00,2024-10-31 13:30:00+00:00,12.770000457763672,12.979999542236328,130,1661.7601595687865,1685.712540550232,23.952380981445458,0.014413861617467655,1
AMBA,2024-10-30 13:30:00+00:00,2024-10-31 13:30:00+00:00,59.220001220703125,56.18999862670898,28,1659.818194213867,1571.7466415863034,-88.0715526275635,-0.05306096350466653,1
ATRC,2024-10-30 13:30:00+00:00,2024-10-31 13:30:00+00:00,34.83000183105469,33.18000030517578,47,1638.6470961456298,1557.9005543289184,-80.74654181671144,-0.0492763463265768,1
ALHC,2024-10-31 13:30:00+00:00,2024-11-01 13:30:00+00:00,12.399999618530272,12.949999809265137,131,1626.0243499774929,1694.753525038719,68.72917506122621,0.042268232368216106,1
ARGX,2024-10-31 13:30:00+00:00,2024-11-01 13:30:00+00:00,586.2999877929688,595.5800170898438,2,1173.7725755615234,1189.9688741455077,16.196298583984344,0.013798498040590329,1
AAL,2024-10-17 13:30:00+00:00,2024-11-04 14:30:00+00:00,12.8100004196167,12.989999771118164,131,1679.7881650247573,1699.988280046463,20.200115021705642,0.012025394298100633,18
ARLP,2024-11-01 13:30:00+00:00,2024-11-04 14:30:00+00:00,26.3700008392334,26.459999084472656,62,1636.574992084503,1638.8794232940675,2.3044312095644273,0.0014080816465545992,3
AVPT,2024-11-01 13:30:00+00:00,2024-11-04 14:30:00+00:00,12.380000114440918,12.31999969482422,133,1648.1865552358624,1636.9213994522097,-11.265155783652745,-0.006834879066247845,3
ATGL,2024-10-30 13:30:00+00:00,2024-11-05 14:30:00+00:00,9.5,8.510000228881836,175,1664.1625,1487.760790014267,-176.40170998573285,-0.10600029142931226,6
BAND,2024-11-01 13:30:00+00:00,2024-11-05 14:30:00+00:00,18.700000762939453,19.559999465942383,88,1647.2456672058104,1719.5586730499267,72.31300584411633,0.043899344999813794,4
ALAB,2024-11-04 14:30:00+00:00,2024-11-05 14:30:00+00:00,69.6500015258789,95.91000366210938,23,1603.55198513031,2203.7241541442872,600.1721690139773,0.3742767148052299,1
AURA,2024-10-30 13:30:00+00:00,2024-11-06 14:30:00+00:00,10.359999656677246,11.0,160,1659.2575450134275,1758.24,98.98245498657252,0.05965466619937625,7
AEIS,2024-11-01 13:30:00+00:00,2024-11-06 14:30:00+00:00,109.56999969482422,117.95999908447266,15,1645.1935454177856,1767.6305862808229,122.43704086303728,0.07442105593232512,5
ALKT,2024-11-05 14:30:00+00:00,2024-11-06 14:30:00+00:00,37.369998931884766,39.86000061035156,45,1683.331601886749,1791.9063274383545,108.57472555160552,0.0644999033047977,1
ALMS,2024-11-05 14:30:00+00:00,2024-11-06 14:30:00+00:00,11.949999809265137,12.34000015258789,142,1698.5968728885648,1750.527741645813,51.93086875724816,0.030572803698229255,1
ASLE,2024-11-05 14:30:00+00:00,2024-11-06 14:30:00+00:00,5.710000038146973,5.960000038146973,298,1703.2815913791655,1774.30393135643,71.02233997726444,0.04169735664186735,1
AGYS,2024-11-06 14:30:00+00:00,2024-11-07 14:30:00+00:00,115.7300033569336,117.25,15,1737.6860004043576,1756.99125,19.305249595642408,0.011109745714214248,1
AAL,2024-11-06 14:30:00+00:00,2024-11-08 14:30:00+00:00,14.0,13.8100004196167,125,1751.7499999999998,1724.5238023996353,-27.226197600364458,-0.01554228491529297,2
ADSK,2024-11-07 14:30:00+00:00,2024-11-08 14:30:00+00:00,305.510009765625,305.5599975585937,5,1529.077598876953,1526.2721878051755,-2.8054110717775984,-0.0018347081101953635,1
ALMS,2024-11-07 14:30:00+00:00,2024-11-08 14:30:00+00:00,11.699999809265137,12.020000457763672,148,1733.3315717430112,1777.1811076812744,43.849535938263216,0.02529783490539482,1
ALGT,2024-11-06 14:30:00+00:00,2024-11-11 14:30:00+00:00,73.87000274658203,74.83000183105469,23,1700.709073234558,1719.3689520721437,18.659878837585666,0.01097182294799937,5
ALKS,2024-11-07 14:30:00+00:00,2024-11-11 14:30:00+00:00,28.96999931335449,30.07999992370605,59,1710.9391894474024,1772.9452755031584,62.006086055755986,0.03624096428335519,4
AIP,2024-11-08 14:30:00+00:00,2024-11-11 14:30:00+00:00,8.3100004196167,8.479999542236328,212,1763.4818090476988,1795.9621430511475,32.48033400344866,0.018418298298743682,3
AMAL,2024-11-07 14:30:00+00:00,2024-11-12 14:30:00+00:00,35.31999969482422,36.68999862670898,49,1732.410665031433,1796.012122776031,63.601457744598065,0.03671269118136263,5
ADAM,2024-11-11 14:30:00+00:00,2024-11-12 14:30:00+00:00,6.03000020980835,5.78000020980835,296,1786.6649421653747,1709.1691820411681,-77.49576012420653,-0.04337453447219063,1
ALMS,2024-11-11 14:30:00+00:00,2024-11-12 14:30:00+00:00,11.84000015258789,11.350000381469728,151,1789.6278630638121,1712.136207544327,-77.49165551948522,-0.04330042972555246,1
ADTN,2024-11-07 14:30:00+00:00,2024-11-13 14:30:00+00:00,7.550000190734863,7.989999771118164,229,1730.678993721962,1827.8802376384735,97.20124391651166,0.056163646909166386,6
AAON,2024-11-12 14:30:00+00:00,2024-11-13 14:30:00+00:00,137.72999572753906,134.6300048828125,12,1654.412708679199,1613.9444985351563,-40.468210144042814,-0.024460770841364377,1
AIP,2024-11-12 14:30:00+00:00,2024-11-13 14:30:00+00:00,8.319999694824219,8.279999732971191,212,1765.6037752380369,1753.6045834465026,-11.999191791534258,-0.006796084127038378,1
ALKT,2024-11-07 14:30:00+00:00,2024-11-14 14:30:00+00:00,37.7599983215332,36.900001525878906,45,1700.899124393463,1658.8395685958862,-42.05955579757665,-0.024727836703763956,7
AGYS,2024-11-12 14:30:00+00:00,2024-11-14 14:30:00+00:00,123.75,120.83999633789062,14,1734.2324999999998,1690.0681887817382,-44.16431121826167,-0.025466199727119446,2
AEIS,2024-11-13 14:30:00+00:00,2024-11-14 14:30:00+00:00,112.80999755859376,112.1500015258789,15,1693.8421133422853,1680.5677728652954,-13.274340476989892,-0.007836822790287693,1
AMAL,2024-11-13 14:30:00+00:00,2024-11-15 14:30:00+00:00,36.66999816894531,35.560001373291016,48,1761.9200720214842,1705.173185852051,-56.74688616943331,-0.03220741228308191,2
ADP,2024-11-14 14:30:00+00:00,2024-11-15 14:30:00+00:00,301.989990234375,297.6400146484375,5,1511.4599011230466,1486.7118731689452,-24.748027954101417,-0.01637359213811303,1
AAL,2024-11-11 14:30:00+00:00,2024-11-18 14:30:00+00:00,14.15999984741211,14.289999961853027,126,1785.9441407546994,1798.739455198288,12.795314443588495,0.0071644538883402515,7
ALRM,2024-11-13 14:30:00+00:00,2024-11-18 14:30:00+00:00,60.95000076293945,59.34999847412109,28,1708.3066213836669,1660.138157318115,-48.168464065551916,-0.028196614976846016,5
ALAB,2024-11-15 14:30:00+00:00,2024-11-18 14:30:00+00:00,86.44999694824219,90.37999725341795,20,1730.7289389038085,1805.7923451232907,75.0634062194822,0.04337097770320123,3
ACIC,2024-10-24 13:30:00+00:00,2024-11-19 14:30:00+00:00,12.649999618530272,13.100000381469728,134,1696.7950488319393,1753.6446510658266,56.84960223388725,0.03350410662326136,26
AGIO,2024-11-15 14:30:00+00:00,2024-11-19 14:30:00+00:00,53.77999877929688,54.40999984741211,32,1722.6809208984375,1739.3788751220702,16.697954223632678,0.009693004677223753,4
ADAM,2024-11-18 14:30:00+00:00,2024-11-19 14:30:00+00:00,5.960000038146973,5.940000057220459,291,1736.0943711118696,1726.8114766345025,-9.282894477367108,-0.005346998776006596,1
ADMA,2024-11-14 14:30:00+00:00,2024-11-20 14:30:00+00:00,20.200000762939453,21.3700008392334,86,1738.9372656784055,1835.9822521018982,97.04498642349267,0.055807065809031844,6
AIP,2024-11-15 14:30:00+00:00,2024-11-20 14:30:00+00:00,7.800000190734863,8.100000381469727,221,1725.523842194557,1788.3099842205047,62.78614202594781,0.03638671369854565,5
AAL,2024-11-19 14:30:00+00:00,2024-11-20 14:30:00+00:00,14.329999923706056,14.460000038146973,122,1750.0082506828307,1762.3558846492767,12.347633966445983,0.007055757572358927,1
ACAD,2024-11-19 14:30:00+00:00,2024-11-21 14:30:00+00:00,16.209999084472656,16.18000030517578,108,1752.4305810241697,1745.6925929260253,-6.737988098144342,-0.0038449386646782165,2
ALAB,2024-11-19 14:30:00+00:00,2024-11-21 14:30:00+00:00,95.18000030517578,104.12000274658205,18,1714.953245498657,1872.2858893890384,157.3326438903814,0.09174165202657393,2
AGIO,2024-11-21 14:30:00+00:00,2024-11-22 14:30:00+00:00,55.540000915527344,55.68000030517578,32,1779.0573093261717,1779.9782497558595,0.9209404296877892,0.0005176564154847832,1
AAON,2024-11-14 14:30:00+00:00,2024-11-25 14:30:00+00:00,133.17999267578125,137.58999633789062,13,1733.0712446899413,1786.8812824401855,53.81003775024419,0.031048947303877972,11
AKRO,2024-11-20 14:30:00+00:00,2024-11-25 14:30:00+00:00,30.63500022888184,31.770000457763672,57,1747.9412080593108,1809.0791360664368,61.13792800712599,0.03497710776840469,5
AAOI,2024-11-22 14:30:00+00:00,2024-11-25 14:30:00+00:00,37.9900016784668,37.90999984741211,48,1825.3436006469724,1817.8603126831056,-7.483287963866815,-0.004099659900313808,3
AGYS,2024-11-22 14:30:00+00:00,2024-11-25 14:30:00+00:00,137.47999572753906,137.8000030517578,13,1789.0271844024655,1789.6086396331787,0.581455230713118,0.00032501195945064626,3
AEIS,2024-11-21 14:30:00+00:00,2024-11-26 14:30:00+00:00,112.52999877929688,117.20999908447266,15,1689.6379316711425,1756.3918362808226,66.75390460968015,0.03950781605835338,5
ABNB,2024-11-25 14:30:00+00:00,2024-11-26 14:30:00+00:00,140.92999267578125,139.6699981689453,13,1833.9219946899411,1813.8942662200927,-20.027728469848398,-0.010920709020251683,1
ALHC,2024-11-20 14:30:00+00:00,2024-11-27 14:30:00+00:00,11.949999809265137,12.829999923706056,148,1770.3685717430112,1896.9411487197879,126.57257697677665,0.07149504289502834,7
ADBE,2024-11-26 14:30:00+00:00,2024-11-27 14:30:00+00:00,525.2999877929688,513.6799926757812,3,1577.475863342285,1539.4989380493164,-37.976925292968644,-0.024074488982991374,1
AKRO,2024-11-26 14:30:00+00:00,2024-11-27 14:30:00+00:00,31.15999984741211,32.16999816894531,58,1809.087271141052,1863.9940339050293,54.90676276397721,0.030350532912293213,1
ALGT,2024-11-26 14:30:00+00:00,2024-11-27 14:30:00+00:00,80.73999786376953,81.0199966430664,22,1778.0562329559325,1780.6574862213135,2.6012532653810467,0.0014629758143568884,1
AAOI,2024-11-27 14:30:00+00:00,2024-11-29 14:30:00+00:00,36.41999816894531,41.220001220703125,50,1822.8209083557126,2058.9390609741213,236.11815261840866,0.12953447677501162,2
AAON,2024-11-27 14:30:00+00:00,2024-11-29 14:30:00+00:00,136.02999877929688,136.33999633789062,13,1770.15837411499,1770.6475324401856,0.48915832519560354,0.0002763359100228326,2
AFRM,2024-11-18 14:30:00+00:00,2024-12-02 14:30:00+00:00,62.060001373291016,68.38999938964844,27,1677.2956571159361,1844.6834535369874,167.38779642105123,0.09979623789694296,14
ADAM,2024-11-29 14:30:00+00:00,2024-12-02 14:30:00+00:00,6.139999866485596,6.170000076293945,304,1868.4265193710326,1873.804343170166,5.377823799133466,0.0028782634710964178,3
ADMA,2024-11-29 14:30:00+00:00,2024-12-03 14:30:00+00:00,20.11000061035156,19.920000076293945,92,1851.9701762084956,1830.8073670120239,-21.1628091964717,-0.011427186824248935,4
AMAL,2024-11-20 14:30:00+00:00,2024-12-04 14:30:00+00:00,35.54999923706055,35.90999984741211,49,1743.6919125785826,1757.8304025306702,14.138489952087639,0.008108364700263793,14
ADTN,2024-11-21 14:30:00+00:00,2024-12-04 14:30:00+00:00,8.15999984741211,8.770000457763672,220,1796.9951663970946,1927.4707006072997,130.47553421020507,0.07260761556293077,13
AAON,2024-12-02 14:30:00+00:00,2024-12-04 14:30:00+00:00,132.2899932861328,136.0,14,1853.911965911865,1902.096,48.18403408813492,0.02599046501349654,2
ADSK,2024-12-02 14:30:00+00:00,2024-12-04 14:30:00+00:00,296.6499938964844,304.2300109863281,6,1781.679863342285,1823.5546858520509,41.87482250976586,0.023503000382578347,2
ALAB,2024-12-03 14:30:00+00:00,2024-12-04 14:30:00+00:00,116.51000213623048,115.2699966430664,16,1866.0241942138673,1842.4756263427735,-23.548567871093837,-0.012619647668081043,1
AEIS,2024-11-29 14:30:00+00:00,2024-12-05 14:30:00+00:00,115.04000091552734,114.6999969482422,16,1842.4806546630857,1833.3647512207033,-9.115903442382432,-0.004947625050668094,6
AGYS,2024-12-03 14:30:00+00:00,2024-12-06 14:30:00+00:00,132.99000549316406,133.66000366210938,14,1863.721936981201,1869.3688112182617,5.646874237060729,0.0030298909536941765,3
ADAM,2024-12-04 14:30:00+00:00,2024-12-06 14:30:00+00:00,6.090000152587891,6.309999942779541,309,1883.6918571968076,1947.8401923365593,64.14833513975168,0.034054580049633604,2
ADSK,2024-12-05 14:30:00+00:00,2024-12-06 14:30:00+00:00,305.1700134277344,307.7099914550781,6,1832.8511006469726,1844.4136887817383,11.562588134765747,0.006308525624740768,1
AFRM,2024-12-05 14:30:00+00:00,2024-12-06 14:30:00+00:00,68.3499984741211,71.87999725341797,27,1847.2954087600706,1938.819165916443,91.52375715637231,0.049544732652047396,1
ACAD,2024-12-06 14:30:00+00:00,2024-12-09 14:30:00+00:00,17.280000686645508,18.76000022888184,111,1919.9981562938688,2080.2776653804785,160.27950908660978,0.08347899114444665,3
ADPT,2024-11-29 14:30:00+00:00,2024-12-10 14:30:00+00:00,5.940000057220459,6.710000038146973,314,1867.0251779851912,2104.8330719661712,237.80789398098,0.12737262292178164,11
AAON,2024-12-09 14:30:00+00:00,2024-12-10 14:30:00+00:00,129.05999755859375,129.1699981689453,15,1937.835863342285,1935.6124225616454,-2.223440780639521,-0.0011473834408269432,1
AAPL,2024-12-09 14:30:00+00:00,2024-12-11 14:30:00+00:00,246.75,246.4900054931641,7,1728.97725,1723.7046084136964,-5.272641586303507,-0.0030495725645340375,2
AGYS,2024-12-09 14:30:00+00:00,2024-12-11 14:30:00+00:00,129.05999755859375,132.8300018310547,15,1937.835863342285,1990.4575774383545,52.62171409606958,0.027154887104478605,2
AMCX,2024-11-26 14:30:00+00:00,2024-12-12 14:30:00+00:00,9.15999984741211,9.920000076293944,199,1824.6628096046445,1972.105935167312,147.44312556266755,0.08080568354139608,16
ADTN,2024-12-05 14:30:00+00:00,2024-12-12 14:30:00+00:00,8.399999618530273,8.859999656677246,222,1866.6647152290343,1964.9530038585663,98.28828862953196,0.05265449538294416,7
ADEA,2024-12-10 14:30:00+00:00,2024-12-12 14:30:00+00:00,13.600000381469728,14.300000190734863,141,1919.5176538410187,2014.2837268667222,94.76607302570346,0.04936973246173246,2
ALLT,2024-12-09 14:30:00+00:00,2024-12-13 14:30:00+00:00,4.78000020980835,5.269999980926514,405,1937.8359850573538,2132.215642282963,194.3796572256092,0.10030758987059278,4
ALAB,2024-12-11 14:30:00+00:00,2024-12-13 14:30:00+00:00,122.62000274658205,132.13999938964844,15,1841.1393412399293,1980.1178908538818,138.9785496139525,0.07548507953795412,2
ADPT,2024-12-12 14:30:00+00:00,2024-12-13 14:30:00+00:00,6.159999847412109,6.300000190734863,320,1973.1711511230467,2013.9840609741211,40.81290985107444,0.020683917777657265,1
AFRM,2024-12-12 14:30:00+00:00,2024-12-13 14:30:00+00:00,68.7699966430664,70.69999694824219,28,1927.485465911865,1977.6203146362304,50.13484872436538,0.02601049378115405,1
AAL,2024-12-05 14:30:00+00:00,2024-12-16 14:30:00+00:00,17.3799991607666,16.520000457763672,107,1861.5195701122282,1765.8724089317323,-95.64716118049591,-0.05138122785071204,11
AAOI,2024-12-05 14:30:00+00:00,2024-12-16 14:30:00+00:00,34.47999954223633,35.09000015258789,54,1863.7818952560422,1892.9651482315064,29.183252975464256,0.01565808373272943,11
AMBA,2024-12-11 14:30:00+00:00,2024-12-16 14:30:00+00:00,72.30999755859375,76.22000122070312,27,1954.322304016113,2055.8820929260255,101.55978890991241,0.05196675527941735,5
ADTN,2024-12-13 14:30:00+00:00,2024-12-16 14:30:00+00:00,8.539999961853027,8.609999656677246,235,2008.9068910264966,2021.3265693998337,12.419678373337092,0.006182306620985792,3
AGYS,2024-12-13 14:30:00+00:00,2024-12-16 14:30:00+00:00,132.92999267578125,139.22000122070312,15,1995.9438400268552,2086.211718292236,90.26787826538089,0.04522566038940572,3
AMZN,2024-12-13 14:30:00+00:00,2024-12-17 14:30:00+00:00,227.4600067138672,231.1499938964844,8,1821.4997337646482,1847.3507512207034,25.85101745605516,0.014192160985182615,4
ACIC,2024-12-16 14:30:00+00:00,2024-12-17 14:30:00+00:00,13.989999771118164,13.829999923706056,144,2016.5745270080565,1989.5284690246585,-27.046057983397986,-0.013411881198125405,1
ADUS,2024-12-16 14:30:00+00:00,2024-12-17 14:30:00+00:00,130.41000366210938,130.72999572753906,15,1958.106204986572,1958.988985977173,0.8827809906008497,0.00045083407036489295,1
ALAB,2024-12-16 14:30:00+00:00,2024-12-17 14:30:00+00:00,130.47999572753906,127.94000244140624,15,1959.157135848999,1917.1809365844724,-41.976199264526485,-0.021425641923477536,1
ALGM,2024-12-17 14:30:00+00:00,2024-12-18 14:30:00+00:00,22.06999969482422,21.040000915527344,91,2010.3783422012327,1912.7254432296752,-97.65289897155753,-0.04857438867185268,1
ANGO,2024-12-16 14:30:00+00:00,2024-12-19 14:30:00+00:00,9.329999923706056,8.579999923706055,217,2026.6345934276583,1859.9981234607696,-166.63646996688863,-0.08222324365097086,3
ADTN,2024-12-17 14:30:00+00:00,2024-12-19 14:30:00+00:00,8.399999618530273,8.390000343322754,239,2009.6075087375639,2003.204871972084,-6.402636765479883,-0.003186013556200346,2
AMBA,2024-12-17 14:30:00+00:00,2024-12-19 14:30:00+00:00,73.83000183105469,68.63999938964844,27,1995.403459487915,1851.4267035369874,-143.97675595092755,-0.07215420784520271,2
ADEA,2024-12-18 14:30:00+00:00,2024-12-19 14:30:00+00:00,13.760000228881836,13.729999542236328,143,1969.6477127628325,1961.4265446052552,-8.221168157577267,-0.004173928212799741,1
AOUT,2024-12-17 14:30:00+00:00,2024-12-20 14:30:00+00:00,15.149999618530272,14.979999542236328,132,2001.7997495956417,1975.38257963562,-26.417169960021738,-0.013196709593633397,3
AAOI,2024-12-18 14:30:00+00:00,2024-12-20 14:30:00+00:00,33.970001220703125,37.81999969482422,58,1972.2303308715818,2191.3664223175047,219.13609144592283,0.11111080081051217,2
ADPT,2024-12-18 14:30:00+00:00,2024-12-20 14:30:00+00:00,5.96999979019165,6.389999866485596,330,1972.0700306940078,2106.5912559843064,134.52122529029862,0.06821320906284353,2
AMPL,2024-12-18 14:30:00+00:00,2024-12-20 14:30:00+00:00,11.119999885559082,11.010000228881836,177,1970.2082197237012,1946.821270471573,-23.38694925212826,-0.011870293209622285,2
AAL,2024-12-19 14:30:00+00:00,2024-12-20 14:30:00+00:00,16.639999389648438,16.8799991607666,116,1932.1701691284177,1956.1218227462768,23.951653617859165,0.012396244389107566,1
AOSL,2024-12-17 14:30:00+00:00,2024-12-23 14:30:00+00:00,42.5099983215332,38.97999954223633,47,1999.9678910331725,1830.2279185066222,-169.73997252655022,-0.08487134882893718,6
AIP,2024-12-20 14:30:00+00:00,2024-12-23 14:30:00+00:00,9.479999542236328,9.779999732971191,209,1983.3012242317197,2041.975924246788,58.67470001506831,0.029584361315461494,3
APPF,2024-12-20 14:30:00+00:00,2024-12-23 14:30:00+00:00,251.7899932861328,249.0500030517578,7,1764.2924829559324,1741.6066713409423,-22.685811614990143,-0.012858305430730998,3
ACAD,2024-12-20 14:30:00+00:00,2024-12-24 14:30:00+00:00,16.8700008392334,17.06999969482422,117,1975.7638882884978,1995.1927743301392,19.428886041641363,0.009833607222405305,4
APLS,2024-12-20 14:30:00+00:00,2024-12-24 14:30:00+00:00,33.209999084472656,33.31999969482422,59,1961.3493359298704,1963.9141020126342,2.5647660827637537,0.0013076538869338159,4
AAPL,2024-12-23 14:30:00+00:00,2024-12-24 14:30:00+00:00,255.2700042724609,258.20001220703125,7,1788.6769199371333,1805.5926853637695,16.9157654266362,0.009457138535242427,1
AGYS,2024-12-23 14:30:00+00:00,2024-12-24 14:30:00+00:00,136.47000122070312,138.92999267578125,14,1912.4905971069334,1943.0748775634765,30.584280456543183,0.015991859255574222,1
ALGM,2024-12-23 14:30:00+00:00,2024-12-24 14:30:00+00:00,22.36000061035156,22.26000022888184,89,1992.03009437561,1979.1588803501131,-12.871214025496784,-0.006461355208356523,1
ADUS,2024-12-23 14:30:00+00:00,2024-12-26 14:30:00+00:00,128.86000061035156,130.17999267578125,15,1934.8329091644284,1950.747190246582,15.914281082153593,0.00822514492428511,3
ALKS,2024-12-23 14:30:00+00:00,2024-12-26 14:30:00+00:00,29.5,29.809999465942383,67,1978.4764999999998,1995.2726942539216,16.79619425392184,0.008489458557593099,3
ALGT,2024-12-24 14:30:00+00:00,2024-12-26 14:30:00+00:00,90.33999633789062,91.41000366210938,22,1989.467399353027,2009.0090604858399,19.541661132812806,0.009822559112638758,2
APPF,2024-12-24 14:30:00+00:00,2024-12-26 14:30:00+00:00,252.6699981689453,252.4499969482422,7,1770.4586771697996,1765.3828286590576,-5.075848510741935,-0.002866968077931098,2
ASML,2024-12-24 14:30:00+00:00,2024-12-26 14:30:00+00:00,719.7100219726562,715.8599853515625,2,1440.8594639892576,1430.2882507324218,-10.57121325683579,-0.007336741383207241,2
AAPL,2024-12-26 14:30:00+00:00,2024-12-27 14:30:00+00:00,259.0199890136719,255.58999633789065,7,1814.9530630187987,1787.3408443908693,-27.61221862792945,-0.015213737032957888,1
ACAD,2024-12-26 14:30:00+00:00,2024-12-27 14:30:00+00:00,17.3700008392334,16.950000762939453,115,1999.5476466083524,1947.3008376502992,-52.24680895805318,-0.026129314321003856,1
AOUT,2024-12-26 14:30:00+00:00,2024-12-27 14:30:00+00:00,15.399999618530272,14.9399995803833,130,2004.001950359344,1940.2577455043793,-63.744204854964664,-0.03180845449952506,1
APLS,2024-12-26 14:30:00+00:00,2024-12-27 14:30:00+00:00,32.95500183105469,32.68000030517578,60,1979.2774099731444,1958.8392182922364,-20.43819168090795,-0.010326087479160015,1
ANGO,2024-12-26 14:30:00+00:00,2024-12-30 14:30:00+00:00,9.010000228881836,9.050000190734863,222,2002.2202708625791,2007.0909423007965,4.870671438217414,0.00243263516462106,4
ADUS,2024-12-27 14:30:00+00:00,2024-12-30 14:30:00+00:00,128.24000549316406,126.27999877929688,15,1925.5236824798583,1892.3057817077636,-33.21790077209471,-0.017251359240263293,3
ALGM,2024-12-27 14:30:00+00:00,2024-12-30 14:30:00+00:00,22.290000915527344,21.57999992370605,89,1985.7938915634154,1918.6993732166288,-67.09451834678657,-0.03378725185520792,3
AMBA,2024-12-27 14:30:00+00:00,2024-12-30 14:30:00+00:00,73.51000213623047,71.70999908447266,26,1913.171315597534,1862.5955162200928,-50.57579937744117,-0.026435583141515485,3
ATAT,2024-12-27 14:30:00+00:00,2024-12-30 14:30:00+00:00,27.0,26.559999465942383,73,1972.9709999999998,1936.9410810527802,-36.029918947219585,-0.018261758002129574,3
AVGO,2024-12-27 14:30:00+00:00,2024-12-30 14:30:00+00:00,241.75,235.5800018310547,8,1935.9339999999997,1882.755374633789,-53.17862536621078,-0.027469234677530735,3
AAPL,2024-12-30 14:30:00+00:00,2024-12-30 14:30:00+00:00,252.1999969482422,252.1999969482422,7,1767.1653786163329,1763.6345786590575,-3.530799957275349,-0.0019980019980019746,0
ALAB,2024-12-30 14:30:00+00:00,2024-12-30 14:30:00+00:00,136.4199981689453,136.4199981689453,14,1911.7898543395993,1907.9700943908692,-3.819759948730052,-0.0019980019980017803,0
ALGT,2024-12-30 14:30:00+00:00,2024-12-30 14:30:00+00:00,92.23999786376952,92.23999786376952,21,1938.976995094299,1935.1029151840207,-3.8740799102781693,-0.0019980019980019204,0
ARQT,2024-12-30 14:30:00+00:00,2024-12-30 14:30:00+00:00,14.199999809265137,14.199999809265137,138,1961.5595736522673,1957.6403737049102,-3.9191999473571286,-0.0019980019980019733,0
