date,open,high,low,close,volume,ticker
2021-07-22 13:30:00+00:00,57.72999954223633,57.7400016784668,56.65999984741211,57.11000061035156,13493800,XOM
2021-07-23 13:30:00+00:00,57.290000915527344,57.290000915527344,56.470001220703125,57.040000915527344,14088200,XOM
2021-07-26 13:30:00+00:00,57.15999984741211,58.650001525878906,57.0,58.47999954223633,18387600,XOM
2021-07-27 13:30:00+00:00,58.0099983215332,58.0099983215332,57.209999084472656,57.83000183105469,16861400,XOM
2021-07-28 13:30:00+00:00,58.0,58.630001068115234,57.619998931884766,58.220001220703125,16855300,XOM
2021-07-29 13:30:00+00:00,59.0,59.33000183105469,58.560001373291016,58.93000030517578,18607800,XOM
2021-07-30 13:30:00+00:00,58.880001068115234,58.880001068115234,57.31999969482422,57.56999969482422,28652800,XOM
2021-08-02 13:30:00+00:00,57.54999923706055,59.060001373291016,57.400001525878906,57.58000183105469,20873800,XOM
2021-08-03 13:30:00+00:00,57.56999969482422,58.40999984741211,56.93000030517578,58.20000076293945,18208200,XOM
2021-08-04 13:30:00+00:00,57.189998626708984,57.880001068115234,56.810001373291016,56.84000015258789,20868300,XOM
2021-08-05 13:30:00+00:00,57.130001068115234,57.70000076293945,56.83000183105469,57.20000076293945,15180200,XOM
2021-08-06 13:30:00+00:00,57.65999984741211,58.06999969482422,57.529998779296875,57.86000061035156,14888500,XOM
2021-08-09 13:30:00+00:00,57.130001068115234,57.52000045776367,56.83000183105469,57.20000076293945,17828200,XOM
2021-08-10 13:30:00+00:00,57.41999816894531,58.36000061035156,57.29999923706055,58.18000030517578,16340200,XOM
2021-08-11 13:30:00+00:00,58.189998626708984,58.5,57.720001220703125,58.349998474121094,18278600,XOM
2021-08-12 13:30:00+00:00,57.400001525878906,57.790000915527344,56.869998931884766,57.349998474121094,19225500,XOM
2021-08-13 13:30:00+00:00,57.029998779296875,57.06999969482422,56.29999923706055,56.77000045776367,20063000,XOM
2021-08-16 13:30:00+00:00,56.02000045776367,56.09000015258789,55.27000045776367,55.939998626708984,16959500,XOM
2021-08-17 13:30:00+00:00,55.5,56.29999923706055,55.0,55.560001373291016,16243700,XOM
2021-08-18 13:30:00+00:00,55.41999816894531,55.810001373291016,54.310001373291016,54.38999938964844,21890500,XOM
2021-08-19 13:30:00+00:00,53.470001220703125,53.709999084472656,52.099998474121094,52.72999954223633,30923500,XOM
2021-08-20 13:30:00+00:00,52.27000045776367,53.13999938964844,52.11000061035156,52.7400016784668,16918300,XOM
2021-08-23 13:30:00+00:00,53.95000076293945,55.060001373291016,53.95000076293945,54.90999984741211,21632600,XOM
2021-08-24 13:30:00+00:00,55.290000915527344,55.849998474121094,55.0099983215332,55.36000061035156,17915600,XOM
2021-08-25 13:30:00+00:00,55.2400016784668,55.77000045776367,54.869998931884766,55.459999084472656,13270300,XOM
2021-08-26 13:30:00+00:00,55.20000076293945,55.540000915527344,54.630001068115234,54.709999084472656,11842600,XOM
2021-08-27 13:30:00+00:00,55.400001525878906,56.209999084472656,55.400001525878906,55.77000045776367,15822500,XOM
2021-08-30 13:30:00+00:00,56.2400016784668,56.34000015258789,55.119998931884766,55.15999984741211,14086100,XOM
2021-08-31 13:30:00+00:00,54.93000030517578,55.310001373291016,54.459999084472656,54.52000045776367,27104100,XOM
2021-09-01 13:30:00+00:00,54.4900016784668,54.7599983215332,53.599998474121094,53.77000045776367,21644100,XOM
2021-09-02 13:30:00+00:00,54.290000915527344,55.63999938964844,54.27000045776367,55.08000183105469,23293300,XOM
2021-09-03 13:30:00+00:00,55.119998931884766,55.31999969482422,54.599998474121094,54.869998931884766,13840000,XOM
2021-09-07 13:30:00+00:00,54.66999816894531,55.27000045776367,54.470001220703125,54.54999923706055,14354400,XOM
2021-09-08 13:30:00+00:00,54.790000915527344,55.18000030517578,54.0099983215332,54.04999923706055,18756700,XOM
2021-09-09 13:30:00+00:00,53.619998931884766,55.0,53.29999923706055,54.09000015258789,19110800,XOM
2021-09-10 13:30:00+00:00,55.189998626708984,55.22999954223633,53.95000076293945,53.97999954223633,15123700,XOM
2021-09-13 13:30:00+00:00,54.650001525878906,55.93000030517578,54.619998931884766,55.369998931884766,22052300,XOM
2021-09-14 13:30:00+00:00,55.689998626708984,55.77000045776367,54.40999984741211,54.58000183105469,19940300,XOM
2021-09-15 13:30:00+00:00,55.369998931884766,56.529998779296875,55.310001373291016,56.41999816894531,23240900,XOM
2021-09-16 13:30:00+00:00,56.459999084472656,56.459999084472656,55.5,55.81999969482422,17907200,XOM
2021-09-17 13:30:00+00:00,55.34000015258789,56.75,55.099998474121094,55.15999984741211,30000400,XOM
2021-09-20 13:30:00+00:00,53.779998779296875,54.16999816894531,52.959999084472656,53.689998626708984,27555100,XOM
2021-09-21 13:30:00+00:00,54.369998931884766,54.5099983215332,53.25,53.63999938964844,19696800,XOM
2021-09-22 13:30:00+00:00,54.43000030517578,55.90999984741211,54.369998931884766,55.209999084472656,25690600,XOM
2021-09-23 13:30:00+00:00,55.41999816894531,57.2400016784668,55.279998779296875,57.08000183105469,23069400,XOM
2021-09-24 13:30:00+00:00,56.70000076293945,57.81999969482422,56.68000030517578,57.59000015258789,22328600,XOM
2021-09-27 13:30:00+00:00,58.849998474121094,59.79999923706055,58.81999969482422,59.29999923706055,32972200,XOM
2021-09-28 13:30:00+00:00,59.900001525878906,60.47999954223633,59.5099983215332,59.91999816894531,37619300,XOM
2021-09-29 13:30:00+00:00,59.84000015258789,60.189998626708984,59.04999923706055,59.880001068115234,23422800,XOM
2021-09-30 13:30:00+00:00,60.119998931884766,60.16999816894531,58.810001373291016,58.81999969482422,31289600,XOM
2021-10-01 13:30:00+00:00,59.40999984741211,60.9900016784668,59.40999984741211,60.93000030517578,24407300,XOM
2021-10-04 13:30:00+00:00,61.31999969482422,62.06999969482422,60.95000076293945,61.720001220703125,33946700,XOM
2021-10-05 13:30:00+00:00,62.52000045776367,62.70000076293945,61.02000045776367,61.619998931884766,29641600,XOM
2021-10-06 13:30:00+00:00,60.470001220703125,61.119998931884766,59.75,60.4900016784668,25284900,XOM
2021-10-07 13:30:00+00:00,60.61000061035156,61.08000183105469,60.13999938964844,60.65999984741211,19513600,XOM
2021-10-08 13:30:00+00:00,61.25,62.41999816894531,61.25,62.18000030517578,22186900,XOM
2021-10-11 13:30:00+00:00,63.029998779296875,63.060001373291016,61.5,61.560001373291016,22121500,XOM
2021-10-12 13:30:00+00:00,61.56999969482422,61.97999954223633,60.849998474121094,61.2400016784668,20198600,XOM
2021-10-13 13:30:00+00:00,60.779998779296875,61.38999938964844,60.209999084472656,61.06999969482422,14991700,XOM
2021-10-14 13:30:00+00:00,61.709999084472656,62.220001220703125,61.16999816894531,62.0,18594500,XOM
2021-10-15 13:30:00+00:00,62.72999954223633,63.06999969482422,62.439998626708984,62.59000015258789,16092600,XOM
2021-10-18 13:30:00+00:00,63.09000015258789,63.13999938964844,62.27000045776367,62.560001373291016,18282800,XOM
2021-10-19 13:30:00+00:00,62.869998931884766,63.61000061035156,62.66999816894531,63.5,18933200,XOM
2021-10-20 13:30:00+00:00,62.88999938964844,63.869998931884766,62.720001220703125,63.849998474121094,14305200,XOM
2021-10-21 13:30:00+00:00,63.470001220703125,63.63999938964844,62.349998474121094,62.689998626708984,16564600,XOM
2021-10-22 13:30:00+00:00,62.77000045776367,63.220001220703125,62.349998474121094,63.119998931884766,14266800,XOM
2021-10-25 13:30:00+00:00,63.720001220703125,64.41999816894531,63.58000183105469,64.3499984741211,17939800,XOM
2021-10-26 13:30:00+00:00,64.48999786376953,65.94000244140625,64.36000061035156,65.83999633789062,25585100,XOM
2021-10-27 13:30:00+00:00,65.16000366210938,65.25,63.97999954223633,64.12999725341797,21764500,XOM
2021-10-28 13:30:00+00:00,63.81999969482422,64.47000122070312,63.630001068115234,64.30999755859375,16626400,XOM
2021-10-29 13:30:00+00:00,65.05000305175781,65.36000061035156,64.33000183105469,64.47000122070312,23966300,XOM
2021-11-01 13:30:00+00:00,65.06999969482422,66.08000183105469,65.0199966430664,65.62999725341797,19656400,XOM
2021-11-02 13:30:00+00:00,65.02999877929688,65.44999694824219,64.66000366210938,64.81999969482422,16300000,XOM
2021-11-03 13:30:00+00:00,64.04000091552734,64.44999694824219,63.65999984741211,63.93000030517578,17372800,XOM
2021-11-04 13:30:00+00:00,64.68000030517578,64.88999938964844,63.83000183105469,64.41000366210938,17720100,XOM
2021-11-05 13:30:00+00:00,65.05000305175781,65.33000183105469,64.55999755859375,65.0199966430664,18565100,XOM
2021-11-08 14:30:00+00:00,65.55000305175781,66.37999725341797,65.37999725341797,65.72000122070312,17696000,XOM
2021-11-09 14:30:00+00:00,65.7699966430664,66.37000274658203,65.30999755859375,66.36000061035156,18781300,XOM
2021-11-10 14:30:00+00:00,65.31999969482422,65.6500015258789,63.77000045776367,64.19000244140625,20177200,XOM
2021-11-11 14:30:00+00:00,64.19000244140625,64.83000183105469,64.0199966430664,64.30999755859375,13319300,XOM
2021-11-12 14:30:00+00:00,63.959999084472656,64.37000274658203,63.58000183105469,63.81999969482422,18158900,XOM
2021-11-15 14:30:00+00:00,63.7599983215332,64.7699966430664,63.220001220703125,64.37000274658203,18849200,XOM
2021-11-16 14:30:00+00:00,64.33999633789062,65.37000274658203,64.33999633789062,65.0199966430664,17028700,XOM
2021-11-17 14:30:00+00:00,64.37999725341797,65.23999786376953,64.18000030517578,64.30999755859375,15497000,XOM
2021-11-18 14:30:00+00:00,64.16000366210938,64.52999877929688,63.11000061035156,63.61000061035156,16948200,XOM
2021-11-19 14:30:00+00:00,61.88999938964844,62.029998779296875,60.40999984741211,60.66999816894531,32035500,XOM
2021-11-22 14:30:00+00:00,60.31999969482422,62.540000915527344,60.31999969482422,61.5099983215332,21994400,XOM
2021-11-23 14:30:00+00:00,62.189998626708984,63.380001068115234,61.91999816894531,63.130001068115234,21185900,XOM
2021-11-24 14:30:00+00:00,62.58000183105469,63.849998474121094,62.58000183105469,63.47999954223633,15869700,XOM
2021-11-26 14:30:00+00:00,60.52000045776367,61.41999816894531,59.540000915527344,61.25,24979600,XOM
2021-11-29 14:30:00+00:00,62.56999969482422,63.13999938964844,61.290000915527344,61.59000015258789,18946400,XOM
2021-11-30 14:30:00+00:00,60.459999084472656,61.189998626708984,59.65999984741211,59.84000015258789,34979800,XOM
2021-12-01 14:30:00+00:00,60.900001525878906,62.029998779296875,59.75,59.790000915527344,30630600,XOM
2021-12-02 14:30:00+00:00,59.7400016784668,61.58000183105469,59.13999938964844,61.279998779296875,29216000,XOM
2021-12-03 14:30:00+00:00,61.91999816894531,62.22999954223633,60.349998474121094,60.88999938964844,22014700,XOM
2021-12-06 14:30:00+00:00,61.720001220703125,62.15999984741211,61.41999816894531,61.58000183105469,19210500,XOM
2021-12-07 14:30:00+00:00,62.34000015258789,63.029998779296875,62.099998474121094,62.27000045776367,19800400,XOM
2021-12-08 14:30:00+00:00,62.61000061035156,63.189998626708984,62.34000015258789,62.45000076293945,18214400,XOM
2021-12-09 14:30:00+00:00,62.04999923706055,62.77000045776367,61.810001373291016,62.61000061035156,16910300,XOM
2021-12-10 14:30:00+00:00,63.27000045776367,63.349998474121094,62.22999954223633,63.0099983215332,17942400,XOM
2021-12-13 14:30:00+00:00,62.470001220703125,62.720001220703125,61.349998474121094,61.630001068115234,17793700,XOM
2021-12-14 14:30:00+00:00,61.2599983215332,62.470001220703125,61.220001220703125,61.540000915527344,22551100,XOM
2021-12-15 14:30:00+00:00,61.189998626708984,61.5,60.0099983215332,61.27000045776367,19961900,XOM
2021-12-16 14:30:00+00:00,61.439998626708984,62.45000076293945,61.29999923706055,61.369998931884766,21187800,XOM
2021-12-17 14:30:00+00:00,60.95000076293945,61.279998779296875,59.689998626708984,60.029998779296875,44338100,XOM
2021-12-20 14:30:00+00:00,58.790000915527344,59.25,57.959999084472656,59.15999984741211,21819300,XOM
2021-12-21 14:30:00+00:00,59.75,60.68000030517578,59.720001220703125,60.5,19798900,XOM
2021-12-22 14:30:00+00:00,60.34000015258789,61.369998931884766,59.970001220703125,60.9900016784668,14058300,XOM
2021-12-23 14:30:00+00:00,61.16999816894531,61.84000015258789,61.0,61.02000045776367,13543300,XOM
2021-12-27 14:30:00+00:00,60.93000030517578,61.95000076293945,60.41999816894531,61.88999938964844,12593700,XOM
2021-12-28 14:30:00+00:00,61.90999984741211,62.310001373291016,61.400001525878906,61.689998626708984,12781000,XOM
2021-12-29 14:30:00+00:00,61.47999954223633,61.599998474121094,60.91999816894531,61.150001525878906,12733600,XOM
2021-12-30 14:30:00+00:00,61.220001220703125,61.599998474121094,60.77000045776367,60.790000915527344,11940300,XOM
2021-12-31 14:30:00+00:00,60.7400016784668,61.470001220703125,60.70000076293945,61.189998626708984,14072000,XOM
2022-01-03 14:30:00+00:00,61.2400016784668,63.599998474121094,61.209999084472656,63.540000915527344,24282400,XOM
2022-01-04 14:30:00+00:00,64.12999725341797,66.19000244140625,64.0999984741211,65.93000030517578,38584000,XOM
2022-01-05 14:30:00+00:00,66.5,67.61000061035156,66.4800033569336,66.75,34033300,XOM
2022-01-06 14:30:00+00:00,68.0,68.4800033569336,67.06999969482422,68.31999969482422,30668500,XOM
2022-01-07 14:30:00+00:00,68.5199966430664,69.18000030517578,67.9800033569336,68.87999725341797,23985400,XOM
2022-01-10 14:30:00+00:00,68.97000122070312,69.16999816894531,67.94999694824219,68.47000122070312,22760300,XOM
2022-01-11 14:30:00+00:00,68.88999938964844,71.4000015258789,68.58000183105469,71.3499984741211,32936100,XOM
2022-01-12 14:30:00+00:00,71.13999938964844,71.80999755859375,70.63999938964844,71.13999938964844,23045100,XOM
2022-01-13 14:30:00+00:00,71.12000274658203,71.58000183105469,70.30999755859375,70.62999725341797,21043200,XOM
2022-01-14 14:30:00+00:00,70.6500015258789,72.1500015258789,70.5999984741211,71.87000274658203,23012900,XOM
2022-01-18 14:30:00+00:00,72.81999969482422,73.87999725341797,72.01000213623047,73.08000183105469,32841200,XOM
2022-01-19 14:30:00+00:00,73.75,73.86000061035156,72.55000305175781,73.11000061035156,26431600,XOM
2022-01-20 14:30:00+00:00,72.5,74.37000274658203,72.26000213623047,73.2699966430664,26774600,XOM
2022-01-21 14:30:00+00:00,73.18000030517578,73.18000030517578,71.04000091552734,72.16999816894531,35995200,XOM
2022-01-24 14:30:00+00:00,70.87999725341797,73.08000183105469,69.80999755859375,72.79000091552734,41507000,XOM
2022-01-25 14:30:00+00:00,72.58999633789062,75.23999786376953,71.38999938964844,74.93000030517578,39278400,XOM
2022-01-26 14:30:00+00:00,75.43000030517578,76.0,73.48999786376953,74.16999816894531,35252400,XOM
2022-01-27 14:30:00+00:00,75.45999908447266,76.01000213623047,73.98999786376953,75.12000274658203,29174700,XOM
2022-01-28 14:30:00+00:00,74.97000122070312,75.62000274658203,73.94999694824219,75.27999877929688,30595700,XOM
2022-01-31 14:30:00+00:00,74.97000122070312,76.41999816894531,74.2699966430664,75.95999908447266,36085500,XOM
2022-02-01 14:30:00+00:00,76.44999694824219,81.51000213623047,76.2699966430664,80.83000183105469,61033100,XOM
2022-02-02 14:30:00+00:00,80.05999755859375,80.80999755859375,79.1500015258789,80.62000274658203,30299300,XOM
2022-02-03 14:30:00+00:00,80.08999633789062,80.30999755859375,79.0199966430664,79.68000030517578,28529400,XOM
2022-02-04 14:30:00+00:00,80.87000274658203,82.52999877929688,80.87000274658203,81.41000366210938,32197500,XOM
2022-02-07 14:30:00+00:00,81.13999938964844,83.08000183105469,80.63999938964844,82.38999938964844,34949200,XOM
2022-02-08 14:30:00+00:00,82.2699966430664,82.5,79.91999816894531,80.26000213623047,34356300,XOM
2022-02-09 14:30:00+00:00,79.58000183105469,80.02999877929688,78.70999908447266,79.0,40106100,XOM
2022-02-10 14:30:00+00:00,78.72000122070312,79.68000030517578,77.79000091552734,78.23999786376953,28527700,XOM
2022-02-11 14:30:00+00:00,78.62000274658203,80.31999969482422,78.2300033569336,80.20999908447266,42002100,XOM
2022-02-14 14:30:00+00:00,79.58000183105469,79.83999633789062,77.05000305175781,78.9800033569336,34652800,XOM
2022-02-15 14:30:00+00:00,76.9000015258789,78.19000244140625,76.41999816894531,77.98999786376953,25075100,XOM
2022-02-16 14:30:00+00:00,78.79000091552734,79.7300033569336,78.04000091552734,78.3499984741211,21733800,XOM
2022-02-17 14:30:00+00:00,78.4800033569336,79.12000274658203,77.94999694824219,78.2300033569336,23738800,XOM
2022-02-18 14:30:00+00:00,77.16000366210938,78.16999816894531,76.88999938964844,77.36000061035156,23394800,XOM
2022-02-22 14:30:00+00:00,79.66999816894531,79.79000091552734,75.30999755859375,76.45999908447266,35947800,XOM
2022-02-23 14:30:00+00:00,76.45999908447266,77.47000122070312,76.12999725341797,76.7699966430664,25385000,XOM
2022-02-24 14:30:00+00:00,79.0,79.02999877929688,74.02999877929688,75.80000305175781,46199900,XOM
2022-02-25 14:30:00+00:00,76.69000244140625,77.98999786376953,76.26000213623047,77.83999633789062,28310300,XOM
2022-02-28 14:30:00+00:00,76.51000213623047,78.93000030517578,76.19999694824219,78.41999816894531,32204600,XOM
2022-03-01 14:30:00+00:00,78.7699966430664,80.6500015258789,78.33000183105469,79.16999816894531,40002300,XOM
2022-03-02 14:30:00+00:00,80.5999984741211,82.1500015258789,79.81999969482422,80.52999877929688,44321400,XOM
2022-03-03 14:30:00+00:00,79.86000061035156,81.7699966430664,79.62999725341797,81.04000091552734,30196600,XOM
2022-03-04 14:30:00+00:00,81.05000305175781,84.27999877929688,80.66000366210938,84.08999633789062,42802200,XOM
2022-03-07 14:30:00+00:00,84.91999816894531,87.2300033569336,83.9000015258789,87.12000274658203,55207900,XOM
2022-03-08 14:30:00+00:00,89.05000305175781,91.51000213623047,85.43000030517578,87.77999877929688,72082300,XOM
2022-03-09 14:30:00+00:00,84.02999877929688,86.56999969482422,81.5999984741211,82.79000091552734,65466700,XOM
2022-03-10 14:30:00+00:00,84.01000213623047,85.68000030517578,82.9000015258789,85.36000061035156,44644200,XOM
2022-03-11 14:30:00+00:00,84.06999969482422,86.2300033569336,83.97000122070312,84.91999816894531,35303400,XOM
2022-03-14 13:30:00+00:00,83.05999755859375,83.44999694824219,80.5,81.87999725341797,37462600,XOM
2022-03-15 13:30:00+00:00,78.81999969482422,79.16999816894531,76.37000274658203,77.22000122070312,47957900,XOM
2022-03-16 13:30:00+00:00,77.80999755859375,78.62000274658203,76.25,76.93000030517578,37812300,XOM
2022-03-17 13:30:00+00:00,78.18000030517578,79.1500015258789,77.06999969482422,78.9800033569336,34041900,XOM
2022-03-18 13:30:00+00:00,79.05999755859375,79.38999938964844,78.0999984741211,78.66999816894531,41461500,XOM
2022-03-21 13:30:00+00:00,80.12000274658203,82.5199966430664,79.73999786376953,82.19999694824219,33089300,XOM
2022-03-22 13:30:00+00:00,81.62999725341797,82.19999694824219,80.79000091552734,81.83999633789062,23132200,XOM
2022-03-23 13:30:00+00:00,83.33999633789062,84.2699966430664,83.05000305175781,83.12999725341797,27716300,XOM
2022-03-24 13:30:00+00:00,83.45999908447266,84.6500015258789,82.75,83.37999725341797,19871600,XOM
2022-03-25 13:30:00+00:00,82.91999816894531,85.48999786376953,82.79000091552734,85.19999694824219,22398300,XOM
2022-03-28 13:30:00+00:00,83.16999816894531,83.30999755859375,82.0199966430664,82.80999755859375,21552400,XOM
2022-03-29 13:30:00+00:00,80.80999755859375,82.48999786376953,79.76000213623047,82.37000274658203,27036300,XOM
2022-03-30 13:30:00+00:00,83.05999755859375,84.01000213623047,82.70999908447266,83.77999877929688,22079000,XOM
2022-03-31 13:30:00+00:00,82.87000274658203,84.4000015258789,82.55000305175781,82.58999633789062,27861500,XOM
2022-04-01 13:30:00+00:00,81.98999786376953,84.13999938964844,81.98999786376953,83.12000274658203,18671100,XOM
2022-04-04 13:30:00+00:00,83.55999755859375,83.66000366210938,82.05000305175781,83.16000366210938,20869400,XOM
2022-04-05 13:30:00+00:00,83.5,85.06999969482422,82.55999755859375,82.7300033569336,21753100,XOM
2022-04-06 13:30:00+00:00,83.41999816894531,84.69999694824219,82.94000244140625,83.6500015258789,24768200,XOM
2022-04-07 13:30:00+00:00,83.83000183105469,85.44000244140625,82.70999908447266,85.05000305175781,26122000,XOM
2022-04-08 13:30:00+00:00,85.16999816894531,87.20999908447266,85.16999816894531,86.83999633789062,24866500,XOM
2022-04-11 13:30:00+00:00,85.77999877929688,85.93000030517578,83.5,83.8499984741211,21800100,XOM
2022-04-12 13:30:00+00:00,85.70999908447266,86.81999969482422,85.37999725341797,85.5999984741211,22444200,XOM
2022-04-13 13:30:00+00:00,86.61000061035156,87.11000061035156,85.19000244140625,86.80999755859375,19306800,XOM
2022-04-14 13:30:00+00:00,86.66999816894531,88.45999908447266,86.2300033569336,87.83000183105469,24566400,XOM
2022-04-18 13:30:00+00:00,88.5,88.88999938964844,87.75,88.55000305175781,19032300,XOM
2022-04-19 13:30:00+00:00,88.01000213623047,88.66000366210938,87.2699966430664,87.76000213623047,20382600,XOM
2022-04-20 13:30:00+00:00,87.97000122070312,88.5,87.30000305175781,87.95999908447266,20689400,XOM
2022-04-21 13:30:00+00:00,88.94999694824219,89.80000305175781,86.79000091552734,87.02999877929688,29010900,XOM
2022-04-22 13:30:00+00:00,86.66000366210938,88.12000274658203,85.0,85.12999725341797,23591600,XOM
2022-04-25 13:30:00+00:00,82.37000274658203,82.66000366210938,79.29000091552734,82.26000213623047,37698300,XOM
2022-04-26 13:30:00+00:00,82.7300033569336,84.72000122070312,82.18000030517578,82.29000091552734,28941500,XOM
2022-04-27 13:30:00+00:00,83.38999938964844,85.4800033569336,82.27999877929688,84.63999938964844,32773000,XOM
2022-04-28 13:30:00+00:00,84.87999725341797,88.13999938964844,84.06999969482422,87.19999694824219,33683800,XOM
2022-04-29 13:30:00+00:00,88.13999938964844,88.13999938964844,84.69999694824219,85.25,34656500,XOM
2022-05-02 13:30:00+00:00,85.01000213623047,87.04000091552734,84.62999725341797,86.41000366210938,36335200,XOM
2022-05-03 13:30:00+00:00,86.26000213623047,88.77999877929688,86.12000274658203,88.19000244140625,33908100,XOM
2022-05-04 13:30:00+00:00,89.5,91.87999725341797,88.91000366210938,91.69999694824219,46188400,XOM
2022-05-05 13:30:00+00:00,92.04000091552734,92.05000305175781,88.38999938964844,90.30999755859375,41013400,XOM
2022-05-06 13:30:00+00:00,90.9800033569336,91.81999969482422,89.3499984741211,91.69000244140625,29619300,XOM
2022-05-09 13:30:00+00:00,89.44000244140625,89.55999755859375,84.0199966430664,84.45999908447266,45851600,XOM
2022-05-10 13:30:00+00:00,85.63999938964844,86.88999938964844,83.5199966430664,85.0199966430664,34483200,XOM
2022-05-11 13:30:00+00:00,86.43000030517578,88.94000244140625,86.27999877929688,86.79000091552734,33020600,XOM
2022-05-12 13:30:00+00:00,85.94999694824219,86.37999725341797,83.4000015258789,86.30000305175781,29491500,XOM
2022-05-13 13:30:00+00:00,87.36000061035156,88.94999694824219,86.3499984741211,88.86000061035156,25798400,XOM
2022-05-16 13:30:00+00:00,88.9800033569336,91.9800033569336,88.97000122070312,90.94999694824219,26101200,XOM
2022-05-17 13:30:00+00:00,91.7300033569336,92.44999694824219,91.12000274658203,92.11000061035156,23120700,XOM
2022-05-18 13:30:00+00:00,92.51000213623047,92.91999816894531,89.83000183105469,90.6500015258789,25451200,XOM
2022-05-19 13:30:00+00:00,89.0,92.30000305175781,89.0,91.13999938964844,24387400,XOM
2022-05-20 13:30:00+00:00,91.93000030517578,93.58999633789062,90.4000015258789,91.86000061035156,28795000,XOM
2022-05-23 13:30:00+00:00,92.66000366210938,94.7699966430664,92.55000305175781,93.88999938964844,27239300,XOM
2022-05-24 13:30:00+00:00,92.81999969482422,94.79000091552734,92.31999969482422,94.4000015258789,24293300,XOM
2022-05-25 13:30:00+00:00,94.58000183105469,96.52999877929688,94.47000122070312,96.30000305175781,29947800,XOM
2022-05-26 13:30:00+00:00,96.5999984741211,97.43000030517578,96.19999694824219,96.63999938964844,24314800,XOM
2022-05-27 13:30:00+00:00,95.94999694824219,97.93000030517578,95.30000305175781,97.58999633789062,25588800,XOM
2022-05-31 13:30:00+00:00,98.55999755859375,99.77999877929688,95.70999908447266,96.0,44888100,XOM
2022-06-01 13:30:00+00:00,97.0199966430664,98.70999908447266,96.62000274658203,97.83999633789062,25815400,XOM
2022-06-02 13:30:00+00:00,97.29000091552734,98.0999984741211,96.79000091552734,97.66999816894531,19089100,XOM
2022-06-03 13:30:00+00:00,97.9000015258789,99.66000366210938,97.9000015258789,99.08999633789062,21038200,XOM
2022-06-06 13:30:00+00:00,99.18000030517578,99.77999877929688,98.66999816894531,98.83999633789062,20682100,XOM
2022-06-07 13:30:00+00:00,99.69999694824219,103.43000030517578,99.48999786376953,103.37000274658203,37810200,XOM
2022-06-08 13:30:00+00:00,103.48999786376953,105.56999969482422,102.9800033569336,104.58999633789062,31613200,XOM
2022-06-09 13:30:00+00:00,103.41999816894531,104.56999969482422,102.16000366210938,102.33000183105469,26607000,XOM
2022-06-10 13:30:00+00:00,101.94000244140625,103.3499984741211,99.79000091552734,100.45999908447266,30950500,XOM
2022-06-13 13:30:00+00:00,97.5199966430664,97.7699966430664,93.91999816894531,95.8499984741211,33421000,XOM
2022-06-14 13:30:00+00:00,97.41000366210938,98.66999816894531,95.2699966430664,96.0999984741211,31264000,XOM
2022-06-15 13:30:00+00:00,95.98999786376953,96.56999969482422,93.2699966430664,94.88999938964844,29620800,XOM
2022-06-16 13:30:00+00:00,92.41000366210938,93.12999725341797,90.27999877929688,91.38999938964844,35696700,XOM
2022-06-17 13:30:00+00:00,90.95999908447266,91.3499984741211,85.66000366210938,86.12000274658203,64610200,XOM
2022-06-21 13:30:00+00:00,88.58000183105469,92.52999877929688,88.5199966430664,91.4800033569336,35951500,XOM
2022-06-22 13:30:00+00:00,87.54000091552734,89.76000213623047,87.52999877929688,87.86000061035156,29727200,XOM
2022-06-23 13:30:00+00:00,88.66000366210938,89.05000305175781,83.5199966430664,85.20999908447266,35757200,XOM
2022-06-24 13:30:00+00:00,86.94999694824219,88.4000015258789,85.80999755859375,86.9000015258789,26639000,XOM
2022-06-27 13:30:00+00:00,87.80999755859375,90.04000091552734,87.66999816894531,89.02999877929688,25478700,XOM
2022-06-28 13:30:00+00:00,91.12000274658203,93.23999786376953,90.3499984741211,91.5,33096900,XOM
2022-06-29 13:30:00+00:00,92.9800033569336,93.19999694824219,87.76000213623047,88.12000274658203,25400900,XOM
2022-06-30 13:30:00+00:00,86.13999938964844,87.5999984741211,84.66999816894531,85.63999938964844,39948100,XOM
2022-07-01 13:30:00+00:00,86.73999786376953,87.87999725341797,84.70999908447266,87.55000305175781,26327900,XOM
2022-07-05 13:30:00+00:00,86.33999633789062,86.69999694824219,83.01000213623047,84.80999755859375,34591100,XOM
2022-07-06 13:30:00+00:00,83.76000213623047,85.2300033569336,81.01000213623047,83.27999877929688,33375700,XOM
2022-07-07 13:30:00+00:00,85.37999725341797,86.76000213623047,85.30000305175781,85.94000244140625,23817400,XOM
2022-07-08 13:30:00+00:00,86.94999694824219,87.30000305175781,84.93000030517578,86.08000183105469,17673800,XOM
2022-07-11 13:30:00+00:00,85.16999816894531,86.12000274658203,84.36000061035156,85.63999938964844,15603800,XOM
2022-07-12 13:30:00+00:00,83.77999877929688,85.05000305175781,82.86000061035156,84.5,21013000,XOM
2022-07-13 13:30:00+00:00,83.37999725341797,86.30999755859375,83.30000305175781,84.83999633789062,19928600,XOM
2022-07-14 13:30:00+00:00,81.8499984741211,83.30999755859375,80.69000244140625,83.13999938964844,26343000,XOM
2022-07-15 13:30:00+00:00,84.80000305175781,84.87999725341797,82.9000015258789,84.54000091552734,17243700,XOM
2022-07-18 13:30:00+00:00,86.58000183105469,87.94000244140625,85.75,86.0999984741211,19395800,XOM
2022-07-19 13:30:00+00:00,86.41999816894531,88.5199966430664,86.25,88.2699966430664,18248900,XOM
2022-07-20 13:30:00+00:00,87.58000183105469,89.6500015258789,87.25,89.23999786376953,16584400,XOM
2022-07-21 13:30:00+00:00,86.93000030517578,87.80000305175781,85.20999908447266,87.75,21375700,XOM
2022-07-22 13:30:00+00:00,87.55000305175781,88.47000122070312,86.62999725341797,87.08000183105469,15479500,XOM
2022-07-25 13:30:00+00:00,88.16000366210938,90.12999725341797,87.41999816894531,89.9800033569336,17536400,XOM
2022-07-26 13:30:00+00:00,91.12999725341797,91.27999877929688,89.0,89.62999725341797,15141200,XOM
2022-07-27 13:30:00+00:00,90.27999877929688,92.0,89.4000015258789,91.56999969482422,18047000,XOM
2022-07-28 13:30:00+00:00,92.18000030517578,93.25,91.01000213623047,92.63999938964844,20353100,XOM
2022-07-29 13:30:00+00:00,94.44999694824219,97.5199966430664,94.0999984741211,96.93000030517578,29825800,XOM
2022-08-01 13:30:00+00:00,94.79000091552734,95.3499984741211,93.2300033569336,94.4800033569336,20793200,XOM
2022-08-02 13:30:00+00:00,94.69000244140625,95.19999694824219,93.81999969482422,94.06999969482422,16722500,XOM
2022-08-03 13:30:00+00:00,94.41999816894531,94.41999816894531,90.79000091552734,91.0199966430664,23580800,XOM
2022-08-04 13:30:00+00:00,90.30999755859375,90.33999633789062,86.43000030517578,87.19000244140625,31821500,XOM
2022-08-05 13:30:00+00:00,86.36000061035156,89.69000244140625,86.27999877929688,88.44999694824219,17408000,XOM
2022-08-08 13:30:00+00:00,88.61000061035156,89.5999984741211,88.22000122070312,88.94999694824219,14458500,XOM
2022-08-09 13:30:00+00:00,90.05000305175781,91.61000061035156,89.94999694824219,90.58999633789062,19083400,XOM
2022-08-10 13:30:00+00:00,90.68000030517578,91.79000091552734,89.19000244140625,91.44999694824219,18302000,XOM
2022-08-11 13:30:00+00:00,91.83999633789062,94.30000305175781,91.44000244140625,93.19000244140625,18797900,XOM
2022-08-12 13:30:00+00:00,92.4800033569336,94.0199966430664,92.11000061035156,94.0,15058200,XOM
2022-08-15 13:30:00+00:00,90.52999877929688,92.7300033569336,89.66000366210938,92.31999969482422,20755200,XOM
2022-08-16 13:30:00+00:00,92.02999877929688,92.88999938964844,91.29000091552734,91.45999908447266,14038200,XOM
2022-08-17 13:30:00+00:00,91.2699966430664,93.20999908447266,90.91999816894531,92.19999694824219,13678000,XOM
2022-08-18 13:30:00+00:00,93.1500015258789,95.30999755859375,93.08999633789062,94.37999725341797,17770400,XOM
2022-08-19 13:30:00+00:00,94.16000366210938,95.19999694824219,93.80000305175781,94.08000183105469,16128600,XOM
2022-08-22 13:30:00+00:00,93.41999816894531,94.48999786376953,91.86000061035156,94.01000213623047,16019900,XOM
2022-08-23 13:30:00+00:00,95.55000305175781,98.41000366210938,95.44999694824219,98.0,23764700,XOM
2022-08-24 13:30:00+00:00,98.01000213623047,98.97000122070312,97.36000061035156,98.58000183105469,17050300,XOM
2022-08-25 13:30:00+00:00,98.91999816894531,99.86000061035156,98.0999984741211,99.08999633789062,15305700,XOM
2022-08-26 13:30:00+00:00,98.7699966430664,99.91000366210938,97.41999816894531,97.87000274658203,15531400,XOM
2022-08-29 13:30:00+00:00,98.18000030517578,101.55999755859375,98.13999938964844,100.12000274658203,23059200,XOM
2022-08-30 13:30:00+00:00,98.36000061035156,98.62000274658203,95.81999969482422,96.30999755859375,17086800,XOM
2022-08-31 13:30:00+00:00,94.02999877929688,96.83999633789062,93.58999633789062,95.58999633789062,18340900,XOM
2022-09-01 13:30:00+00:00,94.41999816894531,95.06999969482422,92.29000091552734,93.87000274658203,16423000,XOM
2022-09-02 13:30:00+00:00,96.3499984741211,96.79000091552734,95.11000061035156,95.58999633789062,18206800,XOM
2022-09-06 13:30:00+00:00,96.16000366210938,96.58999633789062,94.51000213623047,94.94999694824219,19201500,XOM
2022-09-07 13:30:00+00:00,93.19000244140625,94.58999633789062,92.30000305175781,94.13999938964844,16274700,XOM
2022-09-08 13:30:00+00:00,94.66000366210938,95.41999816894531,93.72000122070312,94.91000366210938,18759200,XOM
2022-09-09 13:30:00+00:00,96.5199966430664,97.0,95.31999969482422,96.5,17158000,XOM
2022-09-12 13:30:00+00:00,97.6500015258789,99.19000244140625,96.87999725341797,97.61000061035156,16118900,XOM
2022-09-13 13:30:00+00:00,96.61000061035156,97.77999877929688,94.91000366210938,95.33000183105469,18229100,XOM
2022-09-14 13:30:00+00:00,96.19000244140625,98.55999755859375,96.1500015258789,97.66999816894531,22655700,XOM
2022-09-15 13:30:00+00:00,96.22000122070312,96.54000091552734,94.05000305175781,94.83000183105469,21092300,XOM
2022-09-16 13:30:00+00:00,95.06999969482422,95.33999633789062,92.0,93.20999908447266,37874700,XOM
2022-09-19 13:30:00+00:00,91.01000213623047,93.48999786376953,91.0,93.19999694824219,15342100,XOM
2022-09-20 13:30:00+00:00,92.7300033569336,92.93000030517578,91.63999938964844,92.44000244140625,14712500,XOM
2022-09-21 13:30:00+00:00,93.56999969482422,93.87999725341797,90.87000274658203,90.94999694824219,17332400,XOM
2022-09-22 13:30:00+00:00,92.19999694824219,92.66000366210938,90.5199966430664,90.56999969482422,16139400,XOM
2022-09-23 13:30:00+00:00,87.5,87.5,84.8499984741211,85.75,27738800,XOM
2022-09-26 13:30:00+00:00,84.9000015258789,86.22000122070312,83.88999938964844,83.9800033569336,22043400,XOM
2022-09-27 13:30:00+00:00,85.61000061035156,86.95999908447266,84.80999755859375,85.73999786376953,17307300,XOM
2022-09-28 13:30:00+00:00,86.12000274658203,89.30000305175781,85.91999816894531,88.86000061035156,19543300,XOM
2022-09-29 13:30:00+00:00,88.18000030517578,89.36000061035156,87.12999725341797,88.68000030517578,17896000,XOM
2022-09-30 13:30:00+00:00,88.16999816894531,89.04000091552734,87.30999755859375,87.30999755859375,21357600,XOM
2022-10-03 13:30:00+00:00,90.04000091552734,92.36000061035156,89.72000122070312,91.91999816894531,23881300,XOM
2022-10-04 13:30:00+00:00,93.23999786376953,95.36000061035156,92.70999908447266,95.2699966430664,22133700,XOM
2022-10-05 13:30:00+00:00,95.75,99.98999786376953,95.66000366210938,99.12000274658203,34857700,XOM
2022-10-06 13:30:00+00:00,98.47000122070312,102.18000030517578,98.33000183105469,102.05999755859375,29124700,XOM
2022-10-07 13:30:00+00:00,102.19000244140625,103.31999969482422,100.18000030517578,101.02999877929688,24507600,XOM
2022-10-10 13:30:00+00:00,101.48999786376953,102.02999877929688,98.72000122070312,98.83999633789062,16786100,XOM
2022-10-11 13:30:00+00:00,97.22000122070312,99.76000213623047,96.75,98.0,17804100,XOM
2022-10-12 13:30:00+00:00,97.5,98.91000366210938,97.2300033569336,98.43000030517578,12635800,XOM
2022-10-13 13:30:00+00:00,97.55000305175781,102.44999694824219,97.4000015258789,101.87000274658203,22019100,XOM
2022-10-14 13:30:00+00:00,101.12000274658203,102.23999786376953,99.04000091552734,99.19000244140625,15222000,XOM
2022-10-17 13:30:00+00:00,101.06999969482422,101.97000122070312,100.5,100.62000274658203,14283200,XOM
2022-10-18 13:30:00+00:00,101.54000091552734,102.3499984741211,99.2300033569336,100.80000305175781,14065400,XOM
2022-10-19 13:30:00+00:00,101.25,103.98999786376953,101.2300033569336,103.79000091552734,20921700,XOM
2022-10-20 13:30:00+00:00,104.31999969482422,105.0,103.41000366210938,103.93000030517578,17649000,XOM
2022-10-21 13:30:00+00:00,104.44999694824219,106.4000015258789,103.91000366210938,105.86000061035156,22814100,XOM
2022-10-24 13:30:00+00:00,105.66000366210938,107.68000030517578,105.12000274658203,106.5999984741211,17024200,XOM
2022-10-25 13:30:00+00:00,106.41000366210938,107.33000183105469,105.06999969482422,105.87999725341797,15719800,XOM
2022-10-26 13:30:00+00:00,106.26000213623047,107.83000183105469,106.0,107.13999938964844,17383800,XOM
2022-10-27 13:30:00+00:00,108.41000366210938,109.58000183105469,107.41999816894531,107.55000305175781,18214000,XOM
2022-10-28 13:30:00+00:00,109.45999908447266,111.20999908447266,108.12000274658203,110.69999694824219,28169400,XOM
2022-10-31 13:30:00+00:00,109.5,112.91000366210938,109.44000244140625,110.80999755859375,26401800,XOM
2022-11-01 13:30:00+00:00,112.37000274658203,112.56999969482422,110.6500015258789,111.91000366210938,22213100,XOM
2022-11-02 13:30:00+00:00,111.58000183105469,112.0999984741211,109.30999755859375,109.61000061035156,20654200,XOM
2022-11-03 13:30:00+00:00,108.58000183105469,111.81999969482422,108.30999755859375,111.0999984741211,17103700,XOM
2022-11-04 13:30:00+00:00,113.0,113.5,110.80000305175781,112.30999755859375,17541500,XOM
2022-11-07 14:30:00+00:00,112.41000366210938,113.98999786376953,112.12999725341797,113.63999938964844,16008000,XOM
2022-11-08 14:30:00+00:00,113.4800033569336,114.66000366210938,112.5999984741211,114.0,14661000,XOM
2022-11-09 14:30:00+00:00,113.0999984741211,113.27999877929688,108.56999969482422,108.9000015258789,19522800,XOM
2022-11-10 14:30:00+00:00,110.19000244140625,110.69999694824219,107.56999969482422,110.5,20146700,XOM
2022-11-11 14:30:00+00:00,112.58000183105469,114.5,112.48999786376953,113.94999694824219,20518900,XOM
2022-11-14 14:30:00+00:00,112.62999725341797,114.63999938964844,112.48999786376953,113.37000274658203,20858300,XOM
2022-11-15 14:30:00+00:00,113.80000305175781,114.52999877929688,112.87000274658203,114.12999725341797,19373800,XOM
2022-11-16 14:30:00+00:00,113.44000244140625,114.26000213623047,111.86000061035156,112.91000366210938,13591000,XOM
2022-11-17 14:30:00+00:00,111.29000091552734,113.19999694824219,110.75,113.05999755859375,12425900,XOM
2022-11-18 14:30:00+00:00,110.9000015258789,112.4800033569336,109.61000061035156,112.08000183105469,15415000,XOM
2022-11-21 14:30:00+00:00,109.98999786376953,111.19999694824219,107.4800033569336,110.97000122070312,20973000,XOM
2022-11-22 14:30:00+00:00,112.20999908447266,114.47000122070312,111.43000030517578,114.18000030517578,17719100,XOM
2022-11-23 14:30:00+00:00,112.31999969482422,113.94999694824219,112.0999984741211,113.61000061035156,11546700,XOM
2022-11-25 14:30:00+00:00,113.87999725341797,114.61000061035156,113.05999755859375,113.20999908447266,7136000,XOM
2022-11-28 14:30:00+00:00,110.66000366210938,111.45999908447266,109.62000274658203,109.80999755859375,23015500,XOM
2022-11-29 14:30:00+00:00,110.61000061035156,111.80000305175781,109.79000091552734,110.54000091552734,14453200,XOM
2022-11-30 14:30:00+00:00,111.54000091552734,111.9000015258789,109.77999877929688,111.33999633789062,23158100,XOM
2022-12-01 14:30:00+00:00,111.63999938964844,112.06999969482422,110.18000030517578,110.80000305175781,14398300,XOM
2022-12-02 14:30:00+00:00,109.51000213623047,111.70999908447266,109.19999694824219,109.86000061035156,15248400,XOM
2022-12-05 14:30:00+00:00,110.69999694824219,111.36000061035156,105.94000244140625,106.8499984741211,19287700,XOM
2022-12-06 14:30:00+00:00,105.9000015258789,107.04000091552734,103.1500015258789,103.87999725341797,21197000,XOM
2022-12-07 14:30:00+00:00,103.77999877929688,104.8499984741211,102.37000274658203,103.6500015258789,20061700,XOM
2022-12-08 14:30:00+00:00,106.27999877929688,106.80000305175781,103.70999908447266,104.41999816894531,21128800,XOM
2022-12-09 14:30:00+00:00,104.58999633789062,105.94999694824219,103.30000305175781,103.54000091552734,21298200,XOM
2022-12-12 14:30:00+00:00,103.83000183105469,106.23999786376953,103.58999633789062,106.08999633789062,20413200,XOM
2022-12-13 14:30:00+00:00,107.80000305175781,108.54000091552734,107.0199966430664,107.25,24305300,XOM
2022-12-14 14:30:00+00:00,107.98999786376953,108.30000305175781,105.75,106.45999908447266,17597300,XOM
2022-12-15 14:30:00+00:00,105.33000183105469,106.16999816894531,103.69999694824219,105.44000244140625,15365100,XOM
2022-12-16 14:30:00+00:00,103.69000244140625,105.58000183105469,103.12999725341797,104.69999694824219,54596600,XOM
2022-12-19 14:30:00+00:00,105.26000213623047,106.19999694824219,104.37999725341797,105.16999816894531,13611100,XOM
2022-12-20 14:30:00+00:00,105.16999816894531,107.51000213623047,105.06999969482422,106.69000244140625,14680000,XOM
2022-12-21 14:30:00+00:00,108.29000091552734,108.58999633789062,107.16000366210938,108.05999755859375,13565400,XOM
2022-12-22 14:30:00+00:00,107.88999938964844,108.19000244140625,104.0999984741211,105.87999725341797,13213000,XOM
2022-12-23 14:30:00+00:00,106.94999694824219,108.73999786376953,106.9000015258789,108.68000030517578,11539400,XOM
2022-12-27 14:30:00+00:00,109.2699966430664,110.47000122070312,108.83000183105469,110.19000244140625,11962100,XOM
2022-12-28 14:30:00+00:00,109.91000366210938,110.0,107.9000015258789,108.37999725341797,10702100,XOM
2022-12-29 14:30:00+00:00,107.98999786376953,109.72000122070312,107.98999786376953,109.19999694824219,10534000,XOM
2022-12-30 14:30:00+00:00,108.61000061035156,110.5,108.61000061035156,110.30000305175781,11799600,XOM
2023-01-03 14:30:00+00:00,109.77999877929688,110.0199966430664,105.48999786376953,106.51000213623047,15146200,XOM
2023-01-04 14:30:00+00:00,104.80000305175781,107.16000366210938,104.76000213623047,106.81999969482422,18058400,XOM
2023-01-05 14:30:00+00:00,106.33999633789062,109.94999694824219,106.30999755859375,109.20999908447266,15946600,XOM
2023-01-06 14:30:00+00:00,110.08000183105469,111.98999786376953,109.66999816894531,110.52999877929688,16348100,XOM
2023-01-09 14:30:00+00:00,111.63999938964844,111.63999938964844,107.80999755859375,108.47000122070312,17964600,XOM
2023-01-10 14:30:00+00:00,109.79000091552734,110.33000183105469,108.01000213623047,110.08999633789062,15104600,XOM
2023-01-11 14:30:00+00:00,110.98999786376953,111.44999694824219,109.08999633789062,111.37000274658203,16710400,XOM
2023-01-12 14:30:00+00:00,111.81999969482422,113.73999786376953,111.73999786376953,113.22000122070312,15357300,XOM
2023-01-13 14:30:00+00:00,113.11000061035156,113.48999786376953,112.16000366210938,113.1500015258789,12011400,XOM
2023-01-17 14:30:00+00:00,113.41000366210938,114.08000183105469,112.66999816894531,112.93000030517578,16542200,XOM
2023-01-18 14:30:00+00:00,113.26000213623047,114.12000274658203,110.4000015258789,110.61000061035156,16399700,XOM
2023-01-19 14:30:00+00:00,110.06999969482422,112.12999725341797,109.58000183105469,111.31999969482422,12928000,XOM
2023-01-20 14:30:00+00:00,111.36000061035156,113.44000244140625,110.61000061035156,113.3499984741211,16515600,XOM
2023-01-23 14:30:00+00:00,113.63999938964844,114.58999633789062,112.63999938964844,112.76000213623047,16584400,XOM
2023-01-24 14:30:00+00:00,109.16000366210938,114.0199966430664,104.87000274658203,113.80999755859375,13583000,XOM
2023-01-25 14:30:00+00:00,113.2300033569336,113.6500015258789,111.38999938964844,113.20999908447266,11914700,XOM
2023-01-26 14:30:00+00:00,114.72000122070312,117.77999877929688,114.33999633789062,117.76000213623047,21019700,XOM
2023-01-27 14:30:00+00:00,116.94999694824219,117.66999816894531,115.38999938964844,115.61000061035156,15179200,XOM
2023-01-30 14:30:00+00:00,115.08999633789062,115.48999786376953,113.1500015258789,113.55999755859375,18672100,XOM
2023-01-31 14:30:00+00:00,112.0999984741211,116.4000015258789,110.43000030517578,116.01000213623047,27861800,XOM
2023-02-01 14:30:00+00:00,115.83000183105469,117.37999725341797,113.33999633789062,114.73999786376953,19464900,XOM
2023-02-02 14:30:00+00:00,114.8499984741211,115.06999969482422,109.83000183105469,111.1500015258789,24562100,XOM
2023-02-03 14:30:00+00:00,111.9000015258789,114.11000061035156,111.55999755859375,111.91999816894531,20226600,XOM
2023-02-06 14:30:00+00:00,112.36000061035156,113.08999633789062,110.31999969482422,111.7300033569336,13855200,XOM
2023-02-07 14:30:00+00:00,112.38999938964844,115.30999755859375,112.0199966430664,114.91999816894531,16013300,XOM
2023-02-08 14:30:00+00:00,115.05000305175781,115.83000183105469,113.8499984741211,113.91999816894531,18459700,XOM
2023-02-09 14:30:00+00:00,114.62000274658203,116.23999786376953,114.18000030517578,114.3499984741211,17439300,XOM
2023-02-10 14:30:00+00:00,116.51000213623047,119.62999725341797,116.16000366210938,119.16999816894531,24918600,XOM
2023-02-13 14:30:00+00:00,117.72000122070312,118.18000030517578,115.9000015258789,117.80000305175781,14536200,XOM
2023-02-14 14:30:00+00:00,117.01000213623047,117.80999755859375,116.0199966430664,116.41999816894531,12079000,XOM
2023-02-15 14:30:00+00:00,115.72000122070312,116.08999633789062,114.13999938964844,116.06999969482422,13663400,XOM
2023-02-16 14:30:00+00:00,115.30999755859375,116.77999877929688,114.80000305175781,115.7300033569336,11360600,XOM
2023-02-17 14:30:00+00:00,114.19000244140625,114.19000244140625,110.9800033569336,111.27999877929688,20758300,XOM
2023-02-21 14:30:00+00:00,110.80999755859375,112.37999725341797,110.80999755859375,111.16999816894531,14469400,XOM
2023-02-22 14:30:00+00:00,110.4800033569336,110.97000122070312,108.63999938964844,109.7300033569336,13973800,XOM
2023-02-23 14:30:00+00:00,110.7300033569336,111.83000183105469,109.9000015258789,110.73999786376953,11289400,XOM
2023-02-24 14:30:00+00:00,109.33000183105469,110.95999908447266,109.0199966430664,110.75,14351000,XOM
2023-02-27 14:30:00+00:00,110.80000305175781,111.26000213623047,109.95999908447266,110.55000305175781,11710500,XOM
2023-02-28 14:30:00+00:00,111.23999786376953,111.36000061035156,109.22000122070312,109.91000366210938,18107000,XOM
2023-03-01 14:30:00+00:00,109.30999755859375,111.86000061035156,109.23999786376953,110.88999938964844,13200000,XOM
2023-03-02 14:30:00+00:00,110.62000274658203,111.69999694824219,110.16999816894531,111.4000015258789,10339900,XOM
2023-03-03 14:30:00+00:00,110.05000305175781,113.37000274658203,109.94999694824219,112.80999755859375,13006700,XOM
2023-03-06 14:30:00+00:00,111.98999786376953,113.83999633789062,111.87000274658203,113.80999755859375,14347400,XOM
2023-03-07 14:30:00+00:00,112.80999755859375,113.16999816894531,111.16999816894531,111.61000061035156,11525300,XOM
2023-03-08 14:30:00+00:00,111.2300033569336,112.41999816894531,109.06999969482422,109.9800033569336,13509800,XOM
2023-03-09 14:30:00+00:00,110.87000274658203,112.2300033569336,109.02999877929688,109.12999725341797,12961200,XOM
2023-03-10 14:30:00+00:00,109.55999755859375,111.04000091552734,107.1500015258789,107.77999877929688,15795700,XOM
2023-03-13 13:30:00+00:00,105.33999633789062,107.86000061035156,103.72000122070312,106.54000091552734,20745600,XOM
2023-03-14 13:30:00+00:00,106.3499984741211,109.01000213623047,104.95999908447266,106.94000244140625,18263500,XOM
2023-03-15 13:30:00+00:00,102.81999969482422,104.19999694824219,100.22000122070312,101.62000274658203,25733800,XOM
2023-03-16 13:30:00+00:00,99.11000061035156,101.68000030517578,98.0199966430664,101.02999877929688,27465200,XOM
2023-03-17 13:30:00+00:00,100.5999984741211,101.61000061035156,99.13999938964844,99.83999633789062,43199500,XOM
2023-03-20 13:30:00+00:00,99.62999725341797,102.4800033569336,99.5,102.44999694824219,32042100,XOM
2023-03-21 13:30:00+00:00,104.16999816894531,107.27999877929688,104.12999725341797,107.04000091552734,31592300,XOM
2023-03-22 13:30:00+00:00,106.80000305175781,107.18000030517578,104.55999755859375,104.58999633789062,14952700,XOM
2023-03-23 13:30:00+00:00,105.36000061035156,106.33999633789062,102.44000244140625,103.41000366210938,14385900,XOM
2023-03-24 13:30:00+00:00,101.47000122070312,103.8499984741211,100.91000366210938,103.52999877929688,13401600,XOM
2023-03-27 13:30:00+00:00,104.73999786376953,106.4800033569336,103.91000366210938,105.80000305175781,14805900,XOM
2023-03-28 13:30:00+00:00,105.44000244140625,107.6500015258789,105.19000244140625,107.12000274658203,11047600,XOM
2023-03-29 13:30:00+00:00,108.05999755859375,109.16000366210938,107.48999786376953,108.95999908447266,14219100,XOM
2023-03-30 13:30:00+00:00,109.55000305175781,109.56999969482422,108.5199966430664,109.48999786376953,11578200,XOM
2023-03-31 13:30:00+00:00,109.68000030517578,110.16999816894531,109.05000305175781,109.66000366210938,14418000,XOM
2023-04-03 13:30:00+00:00,113.38999938964844,116.8499984741211,113.12000274658203,116.12999725341797,28087700,XOM
2023-04-04 13:30:00+00:00,116.26000213623047,116.69999694824219,114.16999816894531,115.0199966430664,16365500,XOM
2023-04-05 13:30:00+00:00,115.3499984741211,117.0,114.30999755859375,116.98999786376953,16479500,XOM
2023-04-06 13:30:00+00:00,116.86000061035156,117.18000030517578,114.7699966430664,115.05000305175781,15778000,XOM
2023-04-10 13:30:00+00:00,114.77999877929688,116.18000030517578,114.16999816894531,114.54000091552734,13006600,XOM
2023-04-11 13:30:00+00:00,114.95999908447266,116.19999694824219,114.37999725341797,115.3499984741211,11758500,XOM
2023-04-12 13:30:00+00:00,116.16000366210938,116.58999633789062,114.93000030517578,115.2300033569336,10919000,XOM
2023-04-13 13:30:00+00:00,114.5999984741211,115.88999938964844,114.12999725341797,115.7699966430664,12399700,XOM
2023-04-14 13:30:00+00:00,115.9000015258789,116.66000366210938,115.12000274658203,116.05000305175781,11530800,XOM
2023-04-17 13:30:00+00:00,115.48999786376953,116.51000213623047,114.41999816894531,114.69999694824219,13260400,XOM
2023-04-18 13:30:00+00:00,114.38999938964844,117.20999908447266,114.30000305175781,116.94000244140625,17436100,XOM
2023-04-19 13:30:00+00:00,116.08000183105469,116.9000015258789,115.7699966430664,116.56999969482422,10682600,XOM
2023-04-20 13:30:00+00:00,115.12999725341797,115.68000030517578,113.2300033569336,115.63999938964844,17038700,XOM
2023-04-21 13:30:00+00:00,116.48999786376953,116.87999725341797,115.26000213623047,116.01000213623047,14315300,XOM
2023-04-24 13:30:00+00:00,115.91999816894531,118.88999938964844,115.87999725341797,118.19999694824219,15831300,XOM
2023-04-25 13:30:00+00:00,117.55000305175781,117.73999786376953,115.62999725341797,116.5199966430664,12179800,XOM
2023-04-26 13:30:00+00:00,116.02999877929688,117.08999633789062,114.68000030517578,115.44999694824219,15566100,XOM
2023-04-27 13:30:00+00:00,115.62000274658203,117.01000213623047,114.87999725341797,116.83000183105469,16279200,XOM
2023-04-28 13:30:00+00:00,117.25,119.91999816894531,116.83000183105469,118.33999633789062,24381900,XOM
2023-05-01 13:30:00+00:00,115.98999786376953,117.30000305175781,114.44999694824219,114.66999816894531,17355000,XOM
2023-05-02 13:30:00+00:00,113.94000244140625,113.94000244140625,109.29000091552734,110.0999984741211,24324100,XOM
2023-05-03 13:30:00+00:00,109.08000183105469,109.80999755859375,107.76000213623047,107.93000030517578,16212300,XOM
2023-05-04 13:30:00+00:00,107.9000015258789,108.75,105.91000366210938,106.04000091552734,17177200,XOM
2023-05-05 13:30:00+00:00,108.55000305175781,109.43000030517578,107.52999877929688,108.68000030517578,14968200,XOM
2023-05-08 13:30:00+00:00,110.5,110.97000122070312,109.04000091552734,109.11000061035156,11187800,XOM
2023-05-09 13:30:00+00:00,108.33999633789062,110.2300033569336,108.20999908447266,109.13999938964844,11370800,XOM
2023-05-10 13:30:00+00:00,109.73999786376953,110.01000213623047,106.70999908447266,107.73999786376953,14884800,XOM
2023-05-11 13:30:00+00:00,106.48999786376953,106.81999969482422,104.93000030517578,105.79000091552734,17165900,XOM
2023-05-12 13:30:00+00:00,106.30999755859375,107.01000213623047,104.77999877929688,105.77999877929688,12613300,XOM
2023-05-15 13:30:00+00:00,105.51000213623047,105.93000030517578,104.58000183105469,105.06999969482422,13715600,XOM
2023-05-16 13:30:00+00:00,104.62999725341797,104.80999755859375,102.0199966430664,102.5199966430664,14795200,XOM
2023-05-17 13:30:00+00:00,103.38999938964844,105.2300033569336,102.8499984741211,104.81999969482422,14064700,XOM
2023-05-18 13:30:00+00:00,104.55000305175781,105.91000366210938,104.12999725341797,105.7699966430664,12005600,XOM
2023-05-19 13:30:00+00:00,106.56999969482422,107.05000305175781,105.81999969482422,106.26000213623047,13359600,XOM
2023-05-22 13:30:00+00:00,105.83999633789062,107.04000091552734,104.87999725341797,104.97000122070312,12882000,XOM
2023-05-23 13:30:00+00:00,105.98999786376953,108.22000122070312,105.75,106.4000015258789,14394400,XOM
2023-05-24 13:30:00+00:00,107.37999725341797,108.51000213623047,106.7300033569336,107.58999633789062,16340300,XOM
2023-05-25 13:30:00+00:00,105.94000244140625,106.43000030517578,104.70999908447266,105.66000366210938,14316500,XOM
2023-05-26 13:30:00+00:00,106.47000122070312,106.94999694824219,104.83000183105469,104.97000122070312,12370300,XOM
2023-05-30 13:30:00+00:00,103.29000091552734,104.12000274658203,102.61000061035156,104.04000091552734,11938000,XOM
2023-05-31 13:30:00+00:00,102.29000091552734,103.04000091552734,101.73999786376953,102.18000030517578,24926100,XOM
2023-06-01 13:30:00+00:00,101.75,105.58000183105469,101.26000213623047,103.36000061035156,13551900,XOM
2023-06-02 13:30:00+00:00,105.16000366210938,106.12999725341797,104.52999877929688,105.76000213623047,14112000,XOM
2023-06-05 13:30:00+00:00,107.19000244140625,107.19000244140625,105.08999633789062,105.29000091552734,10628000,XOM
2023-06-06 13:30:00+00:00,104.1500015258789,106.2699966430664,103.9800033569336,106.1500015258789,12209800,XOM
2023-06-07 13:30:00+00:00,106.79000091552734,108.88999938964844,106.7300033569336,108.52999877929688,16027100,XOM
2023-06-08 13:30:00+00:00,108.7699966430664,109.13999938964844,105.9000015258789,108.19000244140625,13517100,XOM
2023-06-09 13:30:00+00:00,108.45999908447266,108.61000061035156,107.16000366210938,107.38999938964844,12251600,XOM
2023-06-12 13:30:00+00:00,105.80999755859375,107.05999755859375,105.55999755859375,106.41999816894531,14112000,XOM
2023-06-13 13:30:00+00:00,107.37999725341797,108.33999633789062,106.27999877929688,106.44000244140625,13533800,XOM
2023-06-14 13:30:00+00:00,107.44999694824219,108.11000061035156,104.38999938964844,105.16000366210938,16627700,XOM
2023-06-15 13:30:00+00:00,105.5,107.02999877929688,105.44000244140625,105.88999938964844,16224100,XOM
2023-06-16 13:30:00+00:00,106.36000061035156,106.7699966430664,104.95999908447266,105.12999725341797,43128900,XOM
2023-06-20 13:30:00+00:00,104.68000030517578,104.7699966430664,102.12000274658203,102.72000122070312,17514100,XOM
2023-06-21 13:30:00+00:00,102.5,104.62999725341797,102.33000183105469,103.87000274658203,13285700,XOM
2023-06-22 13:30:00+00:00,102.83999633789062,103.88999938964844,102.6500015258789,103.30000305175781,12455300,XOM
2023-06-23 13:30:00+00:00,102.58999633789062,102.81999969482422,101.62000274658203,102.4000015258789,17933600,XOM
2023-06-26 13:30:00+00:00,102.19999694824219,104.91000366210938,102.19999694824219,104.29000091552734,14283400,XOM
2023-06-27 13:30:00+00:00,104.05000305175781,104.61000061035156,103.2699966430664,104.55000305175781,13227500,XOM
2023-06-28 13:30:00+00:00,104.30999755859375,105.81999969482422,103.19999694824219,105.4000015258789,13084100,XOM
2023-06-29 13:30:00+00:00,105.66000366210938,106.7300033569336,105.12999725341797,106.69999694824219,11364400,XOM
2023-06-30 13:30:00+00:00,107.31999969482422,107.87999725341797,106.80999755859375,107.25,13544700,XOM
2023-07-03 13:30:00+00:00,107.48999786376953,108.45999908447266,107.06999969482422,107.45999908447266,7397000,XOM
2023-07-05 13:30:00+00:00,107.62999725341797,107.91999816894531,106.0999984741211,106.91000366210938,12491200,XOM
2023-07-06 13:30:00+00:00,105.08999633789062,105.72000122070312,102.43000030517578,102.91999816894531,17961400,XOM
2023-07-07 13:30:00+00:00,101.91999816894531,104.0,101.55999755859375,103.16000366210938,21929200,XOM
2023-07-10 13:30:00+00:00,102.97000122070312,104.75,102.75,104.69000244140625,14877600,XOM
2023-07-11 13:30:00+00:00,105.26000213623047,106.16000366210938,104.80999755859375,105.97000122070312,12576500,XOM
2023-07-12 13:30:00+00:00,107.0,107.6500015258789,106.12999725341797,106.48999786376953,13238200,XOM
2023-07-13 13:30:00+00:00,105.97000122070312,106.2300033569336,103.31999969482422,104.54000091552734,26826800,XOM
2023-07-14 13:30:00+00:00,104.05000305175781,104.05000305175781,100.52999877929688,100.94000244140625,28181900,XOM
2023-07-17 13:30:00+00:00,100.72000122070312,101.66999816894531,100.22000122070312,101.37999725341797,18051300,XOM
2023-07-18 13:30:00+00:00,100.91999816894531,102.19999694824219,100.33999633789062,100.91999816894531,24617800,XOM
2023-07-19 13:30:00+00:00,101.05000305175781,102.4000015258789,100.80000305175781,101.62000274658203,15556500,XOM
2023-07-20 13:30:00+00:00,102.54000091552734,103.66000366210938,102.36000061035156,103.41000366210938,15740200,XOM
2023-07-21 13:30:00+00:00,104.16000366210938,104.37999725341797,103.26000213623047,103.88999938964844,17121500,XOM
2023-07-24 13:30:00+00:00,104.36000061035156,106.16000366210938,103.95999908447266,105.5199966430664,15090900,XOM
2023-07-25 13:30:00+00:00,105.05999755859375,106.08999633789062,104.54000091552734,105.68000030517578,14116100,XOM
2023-07-26 13:30:00+00:00,105.11000061035156,105.72000122070312,104.63999938964844,105.08999633789062,15159600,XOM
2023-07-27 13:30:00+00:00,106.0,106.98999786376953,104.73999786376953,105.41999816894531,17677900,XOM
2023-07-28 13:30:00+00:00,105.11000061035156,105.16000366210938,102.31999969482422,104.16000366210938,17566400,XOM
2023-07-31 13:30:00+00:00,105.19000244140625,107.86000061035156,105.19000244140625,107.23999786376953,24197000,XOM
2023-08-01 13:30:00+00:00,106.94999694824219,107.31999969482422,105.52999877929688,106.62000274658203,14177400,XOM
2023-08-02 13:30:00+00:00,106.26000213623047,106.37999725341797,104.56999969482422,105.29000091552734,13484100,XOM
2023-08-03 13:30:00+00:00,105.88999938964844,107.87999725341797,105.30000305175781,107.12000274658203,16280400,XOM
2023-08-04 13:30:00+00:00,107.95999908447266,109.23999786376953,107.33000183105469,107.41999816894531,14279600,XOM
2023-08-07 13:30:00+00:00,107.9000015258789,108.41999816894531,106.51000213623047,107.19999694824219,12410800,XOM
2023-08-08 13:30:00+00:00,106.04000091552734,107.75,104.83999633789062,107.7300033569336,14065600,XOM
2023-08-09 13:30:00+00:00,108.70999908447266,110.41999816894531,108.30999755859375,109.55999755859375,19919600,XOM
2023-08-10 13:30:00+00:00,110.19000244140625,111.62999725341797,109.44000244140625,110.12000274658203,15837200,XOM
2023-08-11 13:30:00+00:00,110.37000274658203,112.06999969482422,110.05000305175781,111.83000183105469,14047000,XOM
2023-08-14 13:30:00+00:00,111.68000030517578,111.9800033569336,110.77999877929688,111.91999816894531,12973400,XOM
2023-08-15 13:30:00+00:00,110.75,110.86000061035156,107.97000122070312,108.16000366210938,14909600,XOM
2023-08-16 13:30:00+00:00,108.27999877929688,109.33000183105469,106.27999877929688,106.33999633789062,13695100,XOM
2023-08-17 13:30:00+00:00,107.41999816894531,110.1500015258789,107.41999816894531,108.4000015258789,16709500,XOM
2023-08-18 13:30:00+00:00,107.63999938964844,110.19999694824219,107.62000274658203,110.04000091552734,16224000,XOM
2023-08-21 13:30:00+00:00,110.36000061035156,110.9800033569336,108.13999938964844,108.70999908447266,11092400,XOM
2023-08-22 13:30:00+00:00,109.16999816894531,109.72000122070312,107.94999694824219,108.0999984741211,10518800,XOM
2023-08-23 13:30:00+00:00,107.04000091552734,107.30000305175781,105.72000122070312,107.1500015258789,11435600,XOM
2023-08-24 13:30:00+00:00,106.41999816894531,107.7699966430664,106.06999969482422,106.3499984741211,10818500,XOM
2023-08-25 13:30:00+00:00,107.43000030517578,108.93000030517578,106.62000274658203,108.25,13579300,XOM
2023-08-28 13:30:00+00:00,108.44999694824219,110.04000091552734,108.44000244140625,109.16000366210938,10382100,XOM
2023-08-29 13:30:00+00:00,109.66000366210938,110.0199966430664,108.41999816894531,109.80999755859375,9665000,XOM
2023-08-30 13:30:00+00:00,110.44000244140625,111.13999938964844,109.9800033569336,110.87999725341797,11922100,XOM
2023-08-31 13:30:00+00:00,111.12000274658203,111.41999816894531,110.62000274658203,111.19000244140625,17479800,XOM
2023-09-01 13:30:00+00:00,112.19999694824219,113.81999969482422,112.19999694824219,113.5199966430664,14843500,XOM
2023-09-05 13:30:00+00:00,114.0999984741211,115.83000183105469,113.5,113.52999877929688,18304000,XOM
2023-09-06 13:30:00+00:00,113.4800033569336,114.58999633789062,113.2300033569336,114.51000213623047,13325500,XOM
2023-09-07 13:30:00+00:00,114.6500015258789,115.8499984741211,113.69999694824219,113.94999694824219,13248500,XOM
2023-09-08 13:30:00+00:00,114.52999877929688,116.05000305175781,114.31999969482422,115.61000061035156,14283200,XOM
2023-09-11 13:30:00+00:00,116.18000030517578,116.68000030517578,113.56999969482422,114.16000366210938,14383600,XOM
2023-09-12 13:30:00+00:00,115.33999633789062,117.66999816894531,115.2699966430664,117.48999786376953,20145800,XOM
2023-09-13 13:30:00+00:00,117.41000366210938,117.95999908447266,115.9000015258789,116.44000244140625,13472800,XOM
2023-09-14 13:30:00+00:00,117.55000305175781,118.66000366210938,117.33000183105469,118.5199966430664,15210700,XOM
2023-09-15 13:30:00+00:00,117.9000015258789,118.51000213623047,116.5,116.69999694824219,34568400,XOM
2023-09-18 13:30:00+00:00,117.52999877929688,118.23999786376953,116.69999694824219,117.63999938964844,14045300,XOM
2023-09-19 13:30:00+00:00,118.62000274658203,118.83999633789062,116.61000061035156,117.33000183105469,12562900,XOM
2023-09-20 13:30:00+00:00,116.54000091552734,118.0199966430664,116.31999969482422,116.4000015258789,11879900,XOM
2023-09-21 13:30:00+00:00,116.9800033569336,117.37000274658203,114.5999984741211,114.76000213623047,14400600,XOM
2023-09-22 13:30:00+00:00,115.70999908447266,116.68000030517578,114.80999755859375,114.94000244140625,13197300,XOM
2023-09-25 13:30:00+00:00,115.08999633789062,116.6500015258789,114.83000183105469,116.2300033569336,11316000,XOM
2023-09-26 13:30:00+00:00,115.5,116.7300033569336,115.37000274658203,116.41000366210938,11805400,XOM
2023-09-27 13:30:00+00:00,117.88999938964844,120.5,117.4000015258789,120.19999694824219,23976200,XOM
2023-09-28 13:30:00+00:00,119.9800033569336,120.69999694824219,118.19000244140625,119.47000122070312,16808100,XOM
2023-09-29 13:30:00+00:00,119.0999984741211,119.18000030517578,116.7300033569336,117.58000183105469,18813600,XOM
2023-10-02 13:30:00+00:00,117.52999877929688,117.79000091552734,114.55000305175781,115.62999725341797,14395000,XOM
2023-10-03 13:30:00+00:00,115.44000244140625,116.44000244140625,115.02999877929688,115.83000183105469,13297100,XOM
2023-10-04 13:30:00+00:00,114.05000305175781,114.08999633789062,110.5,111.5,19622200,XOM
2023-10-05 13:30:00+00:00,109.80000305175781,110.9000015258789,108.69999694824219,108.98999786376953,20128800,XOM
2023-10-06 13:30:00+00:00,105.7300033569336,108.2699966430664,105.11000061035156,107.16999816894531,25367500,XOM
2023-10-09 13:30:00+00:00,110.44000244140625,112.06999969482422,109.5199966430664,110.91999816894531,22369900,XOM
2023-10-10 13:30:00+00:00,111.0199966430664,111.44999694824219,110.12000274658203,110.44999694824219,13892000,XOM
2023-10-11 13:30:00+00:00,106.95999908447266,107.16999816894531,104.83000183105469,106.48999786376953,57939000,XOM
2023-10-12 13:30:00+00:00,107.58999633789062,107.83999633789062,106.08999633789062,106.47000122070312,31183000,XOM
2023-10-13 13:30:00+00:00,108.02999877929688,110.19999694824219,107.83999633789062,109.87000274658203,30276500,XOM
2023-10-16 13:30:00+00:00,110.5,110.68000030517578,109.12999725341797,109.94999694824219,18452000,XOM
2023-10-17 13:30:00+00:00,109.7300033569336,111.80000305175781,109.68000030517578,111.38999938964844,19775400,XOM
2023-10-18 13:30:00+00:00,111.81999969482422,113.38999938964844,111.69999694824219,112.94999694824219,23380300,XOM
2023-10-19 13:30:00+00:00,112.72000122070312,113.97000122070312,111.33000183105469,113.0199966430664,20972500,XOM
2023-10-20 13:30:00+00:00,112.91999816894531,113.31999969482422,110.79000091552734,111.08000183105469,22445300,XOM
2023-10-23 13:30:00+00:00,110.62999725341797,110.95999908447266,108.68000030517578,109.44999694824219,18185000,XOM
2023-10-24 13:30:00+00:00,109.69999694824219,109.81999969482422,108.12000274658203,108.38999938964844,16786100,XOM
2023-10-25 13:30:00+00:00,108.5199966430664,109.5,108.12999725341797,108.58999633789062,22047300,XOM
2023-10-26 13:30:00+00:00,107.44999694824219,108.33999633789062,106.5,107.5999984741211,18768300,XOM
2023-10-27 13:30:00+00:00,108.88999938964844,109.86000061035156,104.95999908447266,105.55000305175781,23092000,XOM
2023-10-30 13:30:00+00:00,105.73999786376953,106.41999816894531,105.20999908447266,105.87999725341797,19379900,XOM
2023-10-31 13:30:00+00:00,105.58000183105469,106.16000366210938,104.54000091552734,105.8499984741211,22185200,XOM
2023-11-01 13:30:00+00:00,106.52999877929688,107.16999816894531,105.45999908447266,105.63999938964844,28984900,XOM
2023-11-02 13:30:00+00:00,105.87999725341797,109.19000244140625,105.5,109.11000061035156,25212700,XOM
2023-11-03 13:30:00+00:00,108.4000015258789,108.77999877929688,106.54000091552734,107.77999877929688,30555600,XOM
2023-11-06 14:30:00+00:00,108.16999816894531,108.2699966430664,105.7699966430664,105.87000274658203,19097300,XOM
2023-11-07 14:30:00+00:00,104.47000122070312,104.86000061035156,103.29000091552734,104.20999908447266,20272500,XOM
2023-11-08 14:30:00+00:00,103.7300033569336,104.9000015258789,102.88999938964844,102.93000030517578,19184100,XOM
2023-11-09 14:30:00+00:00,103.66999816894531,103.97000122070312,102.86000061035156,102.95999908447266,18380500,XOM
2023-11-10 14:30:00+00:00,103.93000030517578,104.41000366210938,102.91000366210938,103.75,17825500,XOM
2023-11-13 14:30:00+00:00,104.05000305175781,105.13999938964844,103.80999755859375,104.83999633789062,15308400,XOM
2023-11-14 14:30:00+00:00,104.30000305175781,104.81999969482422,103.87000274658203,104.29000091552734,18260500,XOM
2023-11-15 14:30:00+00:00,103.95999908447266,105.1500015258789,103.5,103.66000366210938,20137600,XOM
2023-11-16 14:30:00+00:00,102.9000015258789,103.2699966430664,101.1500015258789,102.45999908447266,22469100,XOM
2023-11-17 14:30:00+00:00,103.05999755859375,105.43000030517578,102.75,104.95999908447266,22984900,XOM
2023-11-20 14:30:00+00:00,105.37999725341797,105.87999725341797,104.43000030517578,104.5,17458800,XOM
2023-11-21 14:30:00+00:00,104.20999908447266,104.69999694824219,103.22000122070312,104.45999908447266,14989000,XOM
2023-11-22 14:30:00+00:00,102.58000183105469,104.12000274658203,101.94000244140625,104.01000213623047,18072000,XOM
2023-11-24 14:30:00+00:00,104.0199966430664,105.47000122070312,103.91000366210938,104.56999969482422,9480800,XOM
2023-11-27 14:30:00+00:00,104.0999984741211,104.4000015258789,103.18000030517578,103.95999908447266,18013500,XOM
2023-11-28 14:30:00+00:00,104.23999786376953,104.91000366210938,103.87999725341797,103.9000015258789,20629500,XOM
2023-11-29 14:30:00+00:00,104.2699966430664,104.58000183105469,101.63999938964844,102.33999633789062,26802100,XOM
2023-11-30 14:30:00+00:00,103.11000061035156,104.4800033569336,101.80999755859375,102.73999786376953,29254700,XOM
2023-12-01 14:30:00+00:00,102.5,104.22000122070312,102.22000122070312,102.98999786376953,17845300,XOM
2023-12-04 14:30:00+00:00,102.12999725341797,103.36000061035156,101.58999633789062,102.43000030517578,21523900,XOM
2023-12-05 14:30:00+00:00,102.2699966430664,102.33999633789062,100.29000091552734,100.44000244140625,22250300,XOM
2023-12-06 14:30:00+00:00,100.0,100.72000122070312,98.33999633789062,99.11000061035156,31154800,XOM
2023-12-07 14:30:00+00:00,99.86000061035156,100.83999633789062,98.08999633789062,98.41999816894531,29990700,XOM
2023-12-08 14:30:00+00:00,99.0199966430664,99.79000091552734,98.75,99.55000305175781,22074900,XOM
2023-12-11 14:30:00+00:00,99.80000305175781,99.86000061035156,98.58000183105469,99.62000274658203,22252300,XOM
2023-12-12 14:30:00+00:00,98.68000030517578,98.68000030517578,97.4800033569336,98.05000305175781,26084000,XOM
2023-12-13 14:30:00+00:00,98.04000091552734,99.02999877929688,97.66000366210938,98.91999816894531,19915400,XOM
2023-12-14 14:30:00+00:00,99.8499984741211,102.13999938964844,99.72000122070312,101.58000183105469,26165700,XOM
2023-12-15 14:30:00+00:00,100.58999633789062,101.0,100.30999755859375,100.9000015258789,55527000,XOM
2023-12-18 14:30:00+00:00,102.12999725341797,103.11000061035156,101.5199966430664,101.6500015258789,21610400,XOM
2023-12-19 14:30:00+00:00,102.0,103.19000244140625,101.79000091552734,102.98999786376953,18904700,XOM
2023-12-20 14:30:00+00:00,103.5,103.94000244140625,101.12999725341797,101.2699966430664,20988900,XOM
2023-12-21 14:30:00+00:00,101.47000122070312,102.01000213623047,100.80999755859375,101.7300033569336,19250900,XOM
2023-12-22 14:30:00+00:00,102.30999755859375,102.94000244140625,101.81999969482422,101.91000366210938,12927800,XOM
2023-12-26 14:30:00+00:00,102.73999786376953,103.02999877929688,102.12000274658203,102.13999938964844,16835100,XOM
2023-12-27 14:30:00+00:00,102.04000091552734,102.55000305175781,101.33999633789062,101.66000366210938,14558800,XOM
2023-12-28 14:30:00+00:00,101.38999938964844,101.61000061035156,100.12999725341797,100.19000244140625,16329300,XOM
2023-12-29 14:30:00+00:00,100.37000274658203,100.58999633789062,99.62000274658203,99.9800033569336,17746400,XOM
2024-01-02 14:30:00+00:00,100.91999816894531,103.0999984741211,100.8499984741211,102.36000061035156,23483000,XOM
2024-01-03 14:30:00+00:00,102.2699966430664,103.62000274658203,101.66000366210938,103.22000122070312,23490800,XOM
2024-01-04 14:30:00+00:00,104.08000183105469,104.56999969482422,102.05000305175781,102.31999969482422,19395200,XOM
2024-01-05 14:30:00+00:00,103.16999816894531,103.4000015258789,102.12999725341797,102.62999725341797,15827400,XOM
2024-01-08 14:30:00+00:00,100.7300033569336,101.04000091552734,98.9000015258789,100.91999816894531,23370100,XOM
2024-01-09 14:30:00+00:00,101.29000091552734,101.29000091552734,99.19000244140625,99.66999816894531,19496600,XOM
2024-01-10 14:30:00+00:00,99.80000305175781,99.80000305175781,98.16000366210938,98.69000244140625,18206100,XOM
2024-01-11 14:30:00+00:00,99.04000091552734,99.5,98.55999755859375,98.66999816894531,15833400,XOM
2024-01-12 14:30:00+00:00,100.13999938964844,100.6500015258789,99.16999816894531,99.94999694824219,18041700,XOM
2024-01-16 14:30:00+00:00,99.81999969482422,100.01000213623047,97.52999877929688,97.69000244140625,20235700,XOM
2024-01-17 14:30:00+00:00,96.5999984741211,97.95999908447266,96.58000183105469,96.9800033569336,18384000,XOM
2024-01-18 14:30:00+00:00,97.0,97.08999633789062,95.81999969482422,96.80000305175781,20940300,XOM
2024-01-19 14:30:00+00:00,96.72000122070312,97.0199966430664,96.41000366210938,96.94999694824219,20088400,XOM
2024-01-22 14:30:00+00:00,96.69999694824219,97.0999984741211,95.7699966430664,96.81999969482422,19955900,XOM
2024-01-23 14:30:00+00:00,96.80999755859375,98.5,96.7300033569336,97.91000366210938,15863400,XOM
2024-01-24 14:30:00+00:00,98.31999969482422,99.6500015258789,97.73999786376953,99.5999984741211,17330600,XOM
2024-01-25 14:30:00+00:00,100.30999755859375,102.18000030517578,99.62000274658203,102.12999725341797,22089500,XOM
2024-01-26 14:30:00+00:00,101.97000122070312,103.08000183105469,101.19000244140625,103.0,20817200,XOM
2024-01-29 14:30:00+00:00,102.9800033569336,103.19999694824219,101.86000061035156,103.12999725341797,18317500,XOM
2024-01-30 14:30:00+00:00,102.41000366210938,104.87999725341797,102.0999984741211,104.8499984741211,19610900,XOM
2024-01-31 14:30:00+00:00,104.73999786376953,104.87999725341797,102.7699966430664,102.80999755859375,22415300,XOM
2024-02-01 14:30:00+00:00,103.56999969482422,104.01000213623047,101.62000274658203,102.38999938964844,19240700,XOM
2024-02-02 14:30:00+00:00,103.75,104.0,101.61000061035156,101.97000122070312,21973400,XOM
2024-02-05 14:30:00+00:00,101.44999694824219,102.37999725341797,100.5,101.55000305175781,17190900,XOM
2024-02-06 14:30:00+00:00,102.06999969482422,103.04000091552734,101.56999969482422,102.25,13347900,XOM
2024-02-07 14:30:00+00:00,102.25,102.7300033569336,101.18000030517578,102.22000122070312,13826800,XOM
2024-02-08 14:30:00+00:00,102.33999633789062,104.41999816894531,102.11000061035156,103.97000122070312,19636900,XOM
2024-02-09 14:30:00+00:00,104.0999984741211,104.83999633789062,101.69999694824219,101.7699966430664,20410500,XOM
2024-02-12 14:30:00+00:00,102.16000366210938,103.4000015258789,102.0,103.16999816894531,18173100,XOM
2024-02-13 14:30:00+00:00,102.76000213623047,103.08999633789062,100.5999984741211,101.33999633789062,18917400,XOM
2024-02-14 14:30:00+00:00,101.87000274658203,102.62000274658203,100.41999816894531,100.83999633789062,17651300,XOM
2024-02-15 14:30:00+00:00,100.5999984741211,103.94000244140625,100.5999984741211,103.7300033569336,23196300,XOM
2024-02-16 14:30:00+00:00,104.01000213623047,104.62999725341797,103.5199966430664,103.7300033569336,20151400,XOM
2024-02-20 14:30:00+00:00,103.83999633789062,104.12000274658203,102.6500015258789,102.75,17650000,XOM
2024-02-21 14:30:00+00:00,103.0199966430664,104.9800033569336,102.98999786376953,104.8499984741211,20991300,XOM
2024-02-22 14:30:00+00:00,104.16000366210938,105.41000366210938,103.44999694824219,104.76000213623047,20470700,XOM
2024-02-23 14:30:00+00:00,103.87999725341797,104.08999633789062,102.87999725341797,103.83999633789062,15975900,XOM
2024-02-26 14:30:00+00:00,103.72000122070312,104.94000244140625,103.05000305175781,104.25,13360800,XOM
2024-02-27 14:30:00+00:00,104.68000030517578,105.1500015258789,103.8499984741211,104.02999877929688,16360000,XOM
2024-02-28 14:30:00+00:00,104.47000122070312,105.43000030517578,104.0,104.31999969482422,14810500,XOM
2024-02-29 14:30:00+00:00,104.68000030517578,105.06999969482422,104.22000122070312,104.5199966430664,17566100,XOM
2024-03-01 14:30:00+00:00,105.72000122070312,106.38999938964844,105.37999725341797,105.83999633789062,18460100,XOM
2024-03-04 14:30:00+00:00,105.66000366210938,105.8499984741211,104.02999877929688,104.36000061035156,18138000,XOM
2024-03-05 14:30:00+00:00,104.52999877929688,106.2699966430664,104.31999969482422,105.63999938964844,19952700,XOM
2024-03-06 14:30:00+00:00,106.62000274658203,107.56999969482422,106.1500015258789,106.7699966430664,20472800,XOM
2024-03-07 14:30:00+00:00,106.5999984741211,107.9800033569336,106.5999984741211,107.37000274658203,15195400,XOM
2024-03-08 14:30:00+00:00,107.2300033569336,108.4000015258789,106.7699966430664,108.37999725341797,16281500,XOM
2024-03-11 13:30:00+00:00,108.25,109.12000274658203,107.33999633789062,109.0199966430664,17577300,XOM
2024-03-12 13:30:00+00:00,109.05999755859375,109.27999877929688,108.02999877929688,108.31999969482422,14957200,XOM
2024-03-13 13:30:00+00:00,109.13999938964844,110.3499984741211,109.11000061035156,109.52999877929688,17122200,XOM
2024-03-14 13:30:00+00:00,109.83000183105469,111.55000305175781,109.69000244140625,111.47000122070312,22121000,XOM
2024-03-15 13:30:00+00:00,110.8499984741211,112.30000305175781,110.8499984741211,111.2699966430664,38264400,XOM
2024-03-18 13:30:00+00:00,111.79000091552734,112.86000061035156,111.0999984741211,112.30000305175781,16770500,XOM
2024-03-19 13:30:00+00:00,112.22000122070312,113.48999786376953,112.05999755859375,113.08999633789062,14878800,XOM
2024-03-20 13:30:00+00:00,112.72000122070312,113.4000015258789,112.12999725341797,112.98999786376953,16119700,XOM
2024-03-21 13:30:00+00:00,112.91999816894531,113.91000366210938,112.56999969482422,113.48999786376953,14878000,XOM
2024-03-22 13:30:00+00:00,113.4800033569336,113.69000244140625,112.81999969482422,113.48999786376953,14701900,XOM
2024-03-25 13:30:00+00:00,113.83000183105469,115.77999877929688,113.83000183105469,114.6500015258789,14011700,XOM
2024-03-26 13:30:00+00:00,114.66000366210938,114.9800033569336,113.41000366210938,113.79000091552734,13152300,XOM
2024-03-27 13:30:00+00:00,113.4800033569336,115.05999755859375,113.41000366210938,114.97000122070312,12415700,XOM
2024-03-28 13:30:00+00:00,115.52999877929688,116.44999694824219,115.05999755859375,116.23999786376953,18482100,XOM
2024-04-01 13:30:00+00:00,116.41000366210938,117.23999786376953,115.37999725341797,116.98999786376953,13817000,XOM
2024-04-02 13:30:00+00:00,117.91999816894531,119.5999984741211,117.33000183105469,119.27999877929688,19919600,XOM
2024-04-03 13:30:00+00:00,119.4800033569336,119.75,118.7300033569336,119.30000305175781,16504300,XOM
2024-04-04 13:30:00+00:00,119.05000305175781,119.87999725341797,118.63999938964844,119.72000122070312,18467400,XOM
2024-04-05 13:30:00+00:00,119.9800033569336,122.1500015258789,119.63999938964844,121.37000274658203,21720600,XOM
2024-04-08 13:30:00+00:00,121.08000183105469,121.73999786376953,120.20999908447266,120.55000305175781,17513900,XOM
2024-04-09 13:30:00+00:00,121.0,121.6500015258789,120.33999633789062,121.18000030517578,14132300,XOM
2024-04-10 13:30:00+00:00,121.22000122070312,122.47000122070312,120.7300033569336,122.19999694824219,17409200,XOM
2024-04-11 13:30:00+00:00,122.69000244140625,122.69000244140625,120.33999633789062,121.79000091552734,17555900,XOM
2024-04-12 13:30:00+00:00,122.94999694824219,123.75,119.66999816894531,120.37000274658203,21556200,XOM
2024-04-15 13:30:00+00:00,121.08999633789062,121.69000244140625,119.44999694824219,119.68000030517578,15029500,XOM
2024-04-16 13:30:00+00:00,119.55999755859375,120.22000122070312,117.91999816894531,118.69000244140625,18082200,XOM
2024-04-17 13:30:00+00:00,118.55000305175781,119.3499984741211,117.12000274658203,118.62999725341797,14538600,XOM
2024-04-18 13:30:00+00:00,119.0,119.72000122070312,117.97000122070312,118.5199966430664,13821400,XOM
2024-04-19 13:30:00+00:00,119.16000366210938,120.93000030517578,118.94999694824219,119.87999725341797,21572400,XOM
2024-04-22 13:30:00+00:00,119.26000213623047,121.56999969482422,118.43000030517578,120.55999755859375,16340700,XOM
2024-04-23 13:30:00+00:00,120.0,121.05999755859375,119.44999694824219,121.02999877929688,13929800,XOM
2024-04-24 13:30:00+00:00,120.30000305175781,121.26000213623047,119.38999938964844,121.05000305175781,12101200,XOM
2024-04-25 13:30:00+00:00,121.02999877929688,121.76000213623047,119.4000015258789,121.33000183105469,16041000,XOM
2024-04-26 13:30:00+00:00,119.0,119.0999984741211,116.22000122070312,117.95999908447266,27289500,XOM
2024-04-29 13:30:00+00:00,117.76000213623047,120.05000305175781,117.76000213623047,119.63999938964844,17309900,XOM
2024-04-30 13:30:00+00:00,119.11000061035156,120.19999694824219,117.9800033569336,118.2699966430664,21083300,XOM
2024-05-01 13:30:00+00:00,118.27999877929688,118.47000122070312,115.66000366210938,116.02999877929688,27777700,XOM
2024-05-02 13:30:00+00:00,116.26000213623047,117.26000213623047,115.9000015258789,116.23999786376953,25513600,XOM
2024-05-03 13:30:00+00:00,116.0,116.06999969482422,114.12999725341797,116.0,28023300,XOM
2024-05-06 13:30:00+00:00,116.66999816894531,118.33999633789062,116.4000015258789,116.75,31401300,XOM
2024-05-07 13:30:00+00:00,117.27999877929688,117.58000183105469,115.93000030517578,116.16999816894531,30122000,XOM
2024-05-08 13:30:00+00:00,115.70999908447266,116.94999694824219,115.41000366210938,116.1500015258789,18957200,XOM
2024-05-09 13:30:00+00:00,116.19999694824219,118.52999877929688,116.19000244140625,118.44000244140625,17564000,XOM
2024-05-10 13:30:00+00:00,118.54000091552734,118.66000366210938,117.58000183105469,117.95999908447266,13648100,XOM
2024-05-13 13:30:00+00:00,118.41999816894531,119.04000091552734,117.12000274658203,117.91000366210938,15060600,XOM
2024-05-14 13:30:00+00:00,116.79000091552734,117.73999786376953,116.4800033569336,117.66999816894531,15079100,XOM
2024-05-15 13:30:00+00:00,117.61000061035156,118.83999633789062,116.08000183105469,118.58000183105469,18244300,XOM
2024-05-16 13:30:00+00:00,118.54000091552734,119.30000305175781,117.54000091552734,117.87000274658203,15745200,XOM
2024-05-17 13:30:00+00:00,118.30000305175781,119.83000183105469,117.95999908447266,119.63999938964844,15104500,XOM
2024-05-20 13:30:00+00:00,119.7300033569336,119.88999938964844,118.55000305175781,118.66999816894531,11551300,XOM
2024-05-21 13:30:00+00:00,118.4000015258789,119.44999694824219,117.77999877929688,117.8499984741211,14495000,XOM
2024-05-22 13:30:00+00:00,117.45999908447266,117.45999908447266,114.95999908447266,115.4800033569336,17879300,XOM
2024-05-23 13:30:00+00:00,115.5999984741211,117.51000213623047,113.36000061035156,113.51000213623047,15979800,XOM
2024-05-24 13:30:00+00:00,114.83999633789062,115.08000183105469,113.04000091552734,113.41999816894531,12212900,XOM
2024-05-28 13:30:00+00:00,113.5199966430664,115.11000061035156,113.06999969482422,114.86000061035156,13978300,XOM
2024-05-29 13:30:00+00:00,114.52999877929688,114.55000305175781,112.80999755859375,113.62999725341797,13902000,XOM
2024-05-30 13:30:00+00:00,113.2699966430664,114.12999725341797,112.95999908447266,113.98999786376953,14683700,XOM
2024-05-31 13:30:00+00:00,114.12000274658203,117.48999786376953,113.98999786376953,117.26000213623047,29037400,XOM
2024-06-03 13:30:00+00:00,116.30000305175781,116.36000061035156,113.76000213623047,114.44999694824219,19589300,XOM
2024-06-04 13:30:00+00:00,113.0,113.08999633789062,110.91999816894531,112.66999816894531,19412200,XOM
2024-06-05 13:30:00+00:00,112.88999938964844,113.19000244140625,111.4800033569336,113.12000274658203,14863500,XOM
2024-06-06 13:30:00+00:00,112.75,114.04000091552734,112.11000061035156,113.97000122070312,13154100,XOM
2024-06-07 13:30:00+00:00,113.79000091552734,114.9000015258789,112.66999816894531,112.75,13289200,XOM
2024-06-10 13:30:00+00:00,113.05999755859375,114.22000122070312,112.69999694824219,113.08000183105469,15239700,XOM
2024-06-11 13:30:00+00:00,112.48999786376953,112.66999816894531,111.30999755859375,112.16999816894531,12462400,XOM
2024-06-12 13:30:00+00:00,113.30000305175781,113.30000305175781,110.54000091552734,110.93000030517578,13606800,XOM
2024-06-13 13:30:00+00:00,110.83999633789062,110.86000061035156,109.72000122070312,110.04000091552734,14466900,XOM
2024-06-14 13:30:00+00:00,110.0199966430664,110.20999908447266,108.58999633789062,109.11000061035156,13313400,XOM
2024-06-17 13:30:00+00:00,109.16999816894531,109.45999908447266,108.18000030517578,108.36000061035156,21147900,XOM
2024-06-18 13:30:00+00:00,109.02999877929688,110.72000122070312,108.80000305175781,109.37999725341797,17762900,XOM
2024-06-20 13:30:00+00:00,109.91000366210938,112.62000274658203,109.58999633789062,111.73999786376953,17433200,XOM
2024-06-21 13:30:00+00:00,111.9000015258789,112.69999694824219,110.76000213623047,110.76000213623047,52212500,XOM
2024-06-24 13:30:00+00:00,111.63999938964844,114.52999877929688,111.63999938964844,114.05000305175781,16266700,XOM
2024-06-25 13:30:00+00:00,114.11000061035156,114.55000305175781,113.45999908447266,114.37000274658203,14188900,XOM
2024-06-26 13:30:00+00:00,114.38999938964844,114.81999969482422,113.13999938964844,114.41000366210938,15771800,XOM
2024-06-27 13:30:00+00:00,114.98999786376953,114.98999786376953,114.11000061035156,114.9000015258789,16812700,XOM
2024-06-28 13:30:00+00:00,115.86000061035156,116.54000091552734,114.68000030517578,115.12000274658203,24565900,XOM
2024-07-01 13:30:00+00:00,115.70999908447266,116.73999786376953,114.52999877929688,114.95999908447266,11972900,XOM
2024-07-02 13:30:00+00:00,115.9000015258789,115.94000244140625,113.48999786376953,114.18000030517578,13326700,XOM
2024-07-03 13:30:00+00:00,114.2699966430664,115.66000366210938,114.2699966430664,114.76000213623047,7732900,XOM
2024-07-05 13:30:00+00:00,114.61000061035156,114.62999725341797,112.69000244140625,113.37000274658203,12631000,XOM
2024-07-08 13:30:00+00:00,112.38999938964844,113.55000305175781,111.41999816894531,112.18000030517578,13350500,XOM
2024-07-09 13:30:00+00:00,111.11000061035156,112.54000091552734,110.62000274658203,110.94000244140625,11727000,XOM
2024-07-10 13:30:00+00:00,110.91999816894531,111.95999908447266,110.41999816894531,111.91999816894531,10004100,XOM
2024-07-11 13:30:00+00:00,111.43000030517578,113.31999969482422,110.93000030517578,113.25,13082700,XOM
2024-07-12 13:30:00+00:00,113.98999786376953,114.1500015258789,112.62999725341797,113.2699966430664,11684900,XOM
2024-07-15 13:30:00+00:00,114.2699966430664,116.16000366210938,113.58000183105469,115.20999908447266,13032500,XOM
2024-07-16 13:30:00+00:00,114.3499984741211,116.3499984741211,113.70999908447266,116.04000091552734,13614100,XOM
2024-07-17 13:30:00+00:00,116.73999786376953,118.18000030517578,116.55000305175781,117.63999938964844,13602800,XOM
2024-07-18 13:30:00+00:00,117.94999694824219,119.91999816894531,117.44000244140625,118.80000305175781,13033600,XOM
2024-07-19 13:30:00+00:00,118.58999633789062,118.87999725341797,115.87000274658203,116.06999969482422,16157700,XOM
2024-07-22 13:30:00+00:00,115.18000030517578,115.94000244140625,114.58000183105469,115.2699966430664,12065900,XOM
2024-07-23 13:30:00+00:00,114.80999755859375,115.16999816894531,113.16999816894531,113.41000366210938,11251700,XOM
2024-07-24 13:30:00+00:00,113.7699966430664,115.19999694824219,113.06999969482422,115.01000213623047,14925200,XOM
2024-07-25 13:30:00+00:00,115.16999816894531,118.02999877929688,114.55999755859375,117.43000030517578,17021700,XOM
2024-07-26 13:30:00+00:00,116.7699966430664,118.02999877929688,116.47000122070312,117.33000183105469,11252500,XOM
2024-07-29 13:30:00+00:00,117.31999969482422,117.38999938964844,115.37999725341797,116.0999984741211,8861800,XOM
2024-07-30 13:30:00+00:00,116.36000061035156,118.5999984741211,116.2300033569336,118.16999816894531,12483900,XOM
2024-07-31 13:30:00+00:00,119.63999938964844,119.76000213623047,118.55999755859375,118.58999633789062,15137700,XOM
2024-08-01 13:30:00+00:00,118.3499984741211,119.48999786376953,116.36000061035156,116.94999694824219,15051500,XOM
2024-08-02 13:30:00+00:00,115.97000122070312,118.87000274658203,115.41999816894531,116.87999725341797,20403800,XOM
2024-08-05 13:30:00+00:00,115.54000091552734,116.02999877929688,113.25,114.7699966430664,18025900,XOM
2024-08-06 13:30:00+00:00,114.44999694824219,115.62999725341797,113.62999725341797,114.16000366210938,13647800,XOM
2024-08-07 13:30:00+00:00,115.44999694824219,117.12000274658203,115.26000213623047,115.68000030517578,13660700,XOM
2024-08-08 13:30:00+00:00,116.08000183105469,118.11000061035156,115.7300033569336,117.88999938964844,13851000,XOM
2024-08-09 13:30:00+00:00,117.88999938964844,119.30999755859375,117.36000061035156,118.8499984741211,12151900,XOM
2024-08-12 13:30:00+00:00,119.55000305175781,120.16999816894531,118.0199966430664,119.0,13228900,XOM
2024-08-13 13:30:00+00:00,118.27999877929688,118.51000213623047,117.5,117.86000061035156,11585100,XOM
2024-08-14 13:30:00+00:00,118.0999984741211,119.9000015258789,117.62999725341797,118.94999694824219,12194500,XOM
2024-08-15 13:30:00+00:00,118.25,119.62999725341797,118.12000274658203,118.7300033569336,11579400,XOM
2024-08-16 13:30:00+00:00,117.98999786376953,118.4800033569336,117.66000366210938,118.16999816894531,10056000,XOM
2024-08-19 13:30:00+00:00,118.4000015258789,120.5,118.16999816894531,118.52999877929688,12417500,XOM
2024-08-20 13:30:00+00:00,118.6500015258789,118.6500015258789,114.51000213623047,114.58000183105469,15632000,XOM
2024-08-21 13:30:00+00:00,115.01000213623047,115.56999969482422,113.76000213623047,113.8499984741211,11752400,XOM
2024-08-22 13:30:00+00:00,113.77999877929688,115.01000213623047,113.63999938964844,114.7300033569336,10609500,XOM
2024-08-23 13:30:00+00:00,115.02999877929688,116.72000122070312,115.02999877929688,116.31999969482422,10381400,XOM
2024-08-26 13:30:00+00:00,117.76000213623047,118.94000244140625,116.91999816894531,118.80999755859375,13671000,XOM
2024-08-27 13:30:00+00:00,118.95999908447266,119.41000366210938,117.4000015258789,117.68000030517578,9991600,XOM
2024-08-28 13:30:00+00:00,117.0,117.58000183105469,116.26000213623047,116.5199966430664,10742900,XOM
2024-08-29 13:30:00+00:00,117.19999694824219,118.79000091552734,116.3499984741211,118.12999725341797,10753900,XOM
2024-08-30 13:30:00+00:00,116.79000091552734,118.0199966430664,116.29000091552734,117.94000244140625,13284700,XOM
2024-09-03 13:30:00+00:00,115.83999633789062,116.08999633789062,114.04000091552734,115.47000122070312,15725100,XOM
2024-09-04 13:30:00+00:00,115.29000091552734,116.1500015258789,113.9800033569336,114.05999755859375,12620600,XOM
2024-09-05 13:30:00+00:00,115.06999969482422,115.27999877929688,113.06999969482422,113.16999816894531,17200800,XOM
2024-09-06 13:30:00+00:00,113.58999633789062,114.18000030517578,111.7300033569336,112.63999938964844,13467700,XOM
2024-09-09 13:30:00+00:00,112.87000274658203,116.1500015258789,112.66000366210938,115.01000213623047,21645300,XOM
2024-09-10 13:30:00+00:00,115.0999984741211,115.4000015258789,110.16999816894531,110.81999969482422,20913400,XOM
2024-09-11 13:30:00+00:00,110.77999877929688,110.94999694824219,107.7699966430664,109.72000122070312,19571900,XOM
2024-09-12 13:30:00+00:00,109.9000015258789,111.33000183105469,109.76000213623047,111.2300033569336,15919500,XOM
2024-09-13 13:30:00+00:00,111.47000122070312,112.47000122070312,110.93000030517578,111.1500015258789,10035400,XOM
2024-09-16 13:30:00+00:00,112.05000305175781,113.08999633789062,111.69000244140625,112.70999908447266,11729000,XOM
2024-09-17 13:30:00+00:00,112.31999969482422,114.37000274658203,112.12000274658203,114.18000030517578,12202600,XOM
2024-09-18 13:30:00+00:00,114.11000061035156,115.62999725341797,113.80999755859375,114.58000183105469,12569900,XOM
2024-09-19 13:30:00+00:00,116.16000366210938,117.58000183105469,115.19000244140625,116.0,12660600,XOM
2024-09-20 13:30:00+00:00,115.45999908447266,115.51000213623047,114.25,115.2699966430664,36206200,XOM
2024-09-23 13:30:00+00:00,115.33000183105469,117.79000091552734,115.12000274658203,117.36000061035156,16066300,XOM
2024-09-24 13:30:00+00:00,117.83999633789062,118.16000366210938,116.83000183105469,117.05000305175781,11984900,XOM
2024-09-25 13:30:00+00:00,116.48999786376953,117.05000305175781,114.04000091552734,114.7699966430664,13816000,XOM
2024-09-26 13:30:00+00:00,111.13999938964844,113.4800033569336,111.13999938964844,112.80000305175781,16887900,XOM
2024-09-27 13:30:00+00:00,113.76000213623047,116.08999633789062,113.25,115.81999969482422,15964000,XOM
2024-09-30 13:30:00+00:00,115.45999908447266,117.38999938964844,114.95999908447266,117.22000122070312,13247600,XOM
2024-10-01 13:30:00+00:00,116.04000091552734,120.5999984741211,115.93000030517578,119.93000030517578,23235900,XOM
2024-10-02 13:30:00+00:00,121.93000030517578,122.81999969482422,120.19999694824219,121.5199966430664,17129700,XOM
2024-10-03 13:30:00+00:00,121.9000015258789,123.16999816894531,120.93000030517578,122.58000183105469,16524300,XOM
2024-10-04 13:30:00+00:00,123.19999694824219,125.19000244140625,122.43000030517578,124.83000183105469,19752300,XOM
2024-10-07 13:30:00+00:00,125.25,126.33999633789062,124.86000061035156,125.37000274658203,15714400,XOM
2024-10-08 13:30:00+00:00,123.87999725341797,124.0199966430664,121.26000213623047,122.04000091552734,14818500,XOM
2024-10-09 13:30:00+00:00,120.9000015258789,122.58000183105469,120.80000305175781,122.08999633789062,11144900,XOM
2024-10-10 13:30:00+00:00,123.16000366210938,123.69999694824219,122.29000091552734,123.13999938964844,10243300,XOM
2024-10-11 13:30:00+00:00,123.0999984741211,124.02999877929688,122.94000244140625,123.61000061035156,8294800,XOM
2024-10-14 13:30:00+00:00,123.23999786376953,124.26000213623047,122.62000274658203,124.08000183105469,9808100,XOM
2024-10-15 13:30:00+00:00,120.81999969482422,121.94999694824219,119.77999877929688,120.3499984741211,15771300,XOM
2024-10-16 13:30:00+00:00,120.88999938964844,121.44000244140625,120.5999984741211,120.66000366210938,8426800,XOM
2024-10-17 13:30:00+00:00,120.76000213623047,121.58000183105469,119.70999908447266,120.3499984741211,11204900,XOM
2024-10-18 13:30:00+00:00,120.44000244140625,120.63999938964844,119.1500015258789,120.01000213623047,12898600,XOM
2024-10-21 13:30:00+00:00,120.9800033569336,121.4800033569336,119.72000122070312,120.08000183105469,10177800,XOM
2024-10-22 13:30:00+00:00,120.26000213623047,121.19000244140625,119.94000244140625,120.69999694824219,9201400,XOM
2024-10-23 13:30:00+00:00,119.97000122070312,120.75,119.4000015258789,120.2699966430664,8320300,XOM
2024-10-24 13:30:00+00:00,120.0,120.44000244140625,119.12999725341797,119.58999633789062,9905600,XOM
2024-10-25 13:30:00+00:00,120.19999694824219,120.43000030517578,119.31999969482422,119.48999786376953,10714600,XOM
2024-10-28 13:30:00+00:00,116.79000091552734,119.01000213623047,116.7699966430664,118.9000015258789,11844500,XOM
2024-10-29 13:30:00+00:00,118.58000183105469,119.16999816894531,117.06999969482422,117.27999877929688,14731000,XOM
2024-10-30 13:30:00+00:00,117.66000366210938,118.2699966430664,116.4800033569336,116.69000244140625,12303700,XOM
2024-10-31 13:30:00+00:00,117.1500015258789,118.66999816894531,116.68000030517578,116.77999877929688,20512000,XOM
2024-11-01 13:30:00+00:00,119.93000030517578,119.94999694824219,114.83999633789062,114.94999694824219,20939300,XOM
2024-11-04 14:30:00+00:00,116.06999969482422,118.69999694824219,115.93000030517578,118.61000061035156,14965400,XOM
2024-11-05 14:30:00+00:00,119.08000183105469,119.20999908447266,118.01000213623047,118.95999908447266,10436700,XOM
2024-11-06 14:30:00+00:00,121.1500015258789,121.91000366210938,119.30000305175781,121.0,20807700,XOM
2024-11-07 14:30:00+00:00,121.30000305175781,121.5,119.61000061035156,121.1500015258789,12184400,XOM
2024-11-08 14:30:00+00:00,120.9800033569336,121.41999816894531,119.66000366210938,121.11000061035156,12836000,XOM
2024-11-11 14:30:00+00:00,121.0,121.62000274658203,120.06999969482422,120.47000122070312,11969700,XOM
2024-11-12 14:30:00+00:00,121.12999725341797,121.30999755859375,119.83999633789062,120.3499984741211,11972800,XOM
2024-11-13 14:30:00+00:00,120.56999969482422,122.05000305175781,118.80000305175781,121.47000122070312,15127900,XOM
2024-11-14 14:30:00+00:00,121.66000366210938,121.87999725341797,120.33000183105469,120.55999755859375,13041800,XOM
2024-11-15 14:30:00+00:00,120.4000015258789,121.23999786376953,119.12999725341797,119.30999755859375,19051700,XOM
2024-11-18 14:30:00+00:00,119.79000091552734,120.62000274658203,119.2699966430664,120.30999755859375,14239700,XOM
2024-11-19 14:30:00+00:00,119.75,119.75,118.19999694824219,118.62999725341797,11584400,XOM
2024-11-20 14:30:00+00:00,119.16999816894531,120.47000122070312,118.63999938964844,120.31999969482422,11360900,XOM
2024-11-21 14:30:00+00:00,121.08000183105469,122.55000305175781,120.2699966430664,121.93000030517578,14675400,XOM
2024-11-22 14:30:00+00:00,121.81999969482422,123.20999908447266,121.63999938964844,121.79000091552734,13323400,XOM
2024-11-25 14:30:00+00:00,121.43000030517578,121.87999725341797,119.61000061035156,119.97000122070312,26580300,XOM
2024-11-26 14:30:00+00:00,119.52999877929688,119.68000030517578,117.8499984741211,117.97000122070312,14827300,XOM
2024-11-27 14:30:00+00:00,118.08999633789062,118.7300033569336,117.43000030517578,117.66000366210938,11079100,XOM
2024-11-29 14:30:00+00:00,117.44000244140625,118.5,116.94999694824219,117.95999908447266,9426500,XOM
2024-12-02 14:30:00+00:00,118.05000305175781,118.19999694824219,116.81999969482422,117.8499984741211,12687300,XOM
2024-12-03 14:30:00+00:00,118.72000122070312,118.72000122070312,117.26000213623047,117.66999816894531,11756600,XOM
2024-12-04 14:30:00+00:00,117.5,117.55000305175781,113.86000061035156,114.27999877929688,19520600,XOM
2024-12-05 14:30:00+00:00,114.70999908447266,115.62000274658203,114.05999755859375,114.77999877929688,15751200,XOM
2024-12-06 14:30:00+00:00,114.54000091552734,114.7699966430664,113.5,113.56999969482422,16171100,XOM
2024-12-09 14:30:00+00:00,114.63999938964844,114.94000244140625,112.75,112.9000015258789,17412600,XOM
2024-12-10 14:30:00+00:00,113.58999633789062,113.87999725341797,111.75,112.66999816894531,20990900,XOM
2024-12-11 14:30:00+00:00,112.0,112.38999938964844,111.11000061035156,111.91999816894531,32392200,XOM
2024-12-12 14:30:00+00:00,111.58999633789062,112.37999725341797,110.77999877929688,111.81999969482422,14543300,XOM
2024-12-13 14:30:00+00:00,111.9000015258789,111.9000015258789,110.25,110.83999633789062,13106100,XOM
2024-12-16 14:30:00+00:00,110.19999694824219,110.4000015258789,108.16000366210938,108.47000122070312,20256100,XOM
2024-12-17 14:30:00+00:00,107.23999786376953,108.16999816894531,106.79000091552734,108.01000213623047,17554000,XOM
2024-12-18 14:30:00+00:00,107.56999969482422,108.83000183105469,106.30999755859375,106.41999816894531,17114500,XOM
2024-12-19 14:30:00+00:00,107.38999938964844,107.66999816894531,105.20999908447266,105.51000213623047,20565600,XOM
2024-12-20 14:30:00+00:00,105.44999694824219,106.13999938964844,104.83999633789062,105.87000274658203,40141200,XOM
2024-12-23 14:30:00+00:00,105.30999755859375,106.5999984741211,104.91999816894531,106.30000305175781,12285100,XOM
2024-12-24 14:30:00+00:00,106.5199966430664,107.19000244140625,105.69999694824219,106.4000015258789,7807000,XOM
2024-12-26 14:30:00+00:00,106.5199966430664,107.02999877929688,105.94000244140625,106.48999786376953,9652400,XOM
2024-12-27 14:30:00+00:00,106.30000305175781,107.98999786376953,105.7699966430664,106.4800033569336,11943900,XOM
2024-12-30 14:30:00+00:00,106.30000305175781,106.55999755859375,105.51000213623047,105.76000213623047,11080800,XOM
2024-12-31 14:30:00+00:00,106.16999816894531,107.9000015258789,105.77999877929688,107.56999969482422,12387800,XOM
2025-01-02 14:30:00+00:00,108.27999877929688,109.0,106.87999725341797,107.30999755859375,12685400,XOM
2025-01-03 14:30:00+00:00,108.0,108.48999786376953,107.45999908447266,107.86000061035156,14237900,XOM
2025-01-06 14:30:00+00:00,108.23999786376953,109.77999877929688,107.5199966430664,107.73999786376953,15623700,XOM
2025-01-07 14:30:00+00:00,108.94000244140625,110.05999755859375,108.27999877929688,108.75,12625900,XOM
2025-01-08 14:30:00+00:00,107.30999755859375,107.70999908447266,106.01000213623047,106.93000030517578,17858100,XOM
2025-01-10 14:30:00+00:00,108.69999694824219,110.0999984741211,105.77999877929688,106.54000091552734,19304500,XOM
2025-01-13 14:30:00+00:00,107.12999725341797,109.62999725341797,107.12999725341797,109.29000091552734,17073400,XOM
2025-01-14 14:30:00+00:00,108.79000091552734,109.76000213623047,107.83000183105469,109.72000122070312,11191200,XOM
2025-01-15 14:30:00+00:00,110.05000305175781,111.7300033569336,109.47000122070312,111.51000213623047,14521100,XOM
2025-01-16 14:30:00+00:00,111.19000244140625,111.69000244140625,110.55000305175781,111.31999969482422,10366600,XOM
2025-01-17 14:30:00+00:00,111.02999877929688,112.87000274658203,110.81999969482422,112.31999969482422,19298500,XOM
2025-01-21 14:30:00+00:00,112.05000305175781,112.18000030517578,111.12999725341797,111.47000122070312,20416300,XOM
2025-01-22 14:30:00+00:00,111.19999694824219,111.56999969482422,109.4000015258789,109.52999877929688,15718000,XOM
2025-01-23 14:30:00+00:00,110.30999755859375,111.13999938964844,109.61000061035156,110.1500015258789,13726800,XOM
2025-01-24 14:30:00+00:00,110.23999786376953,110.70999908447266,108.41000366210938,108.66000366210938,14235900,XOM
2025-01-27 14:30:00+00:00,109.01000213623047,110.44999694824219,108.38999938964844,110.16999816894531,15926700,XOM
2025-01-28 14:30:00+00:00,110.41000366210938,110.87000274658203,107.79000091552734,108.04000091552734,15862000,XOM
2025-01-29 14:30:00+00:00,107.70999908447266,108.77999877929688,107.47000122070312,108.66999816894531,12345500,XOM
2025-01-30 14:30:00+00:00,109.23999786376953,109.8499984741211,108.69999694824219,109.56999969482422,14346300,XOM
2025-01-31 14:30:00+00:00,110.55000305175781,110.55000305175781,106.0999984741211,106.83000183105469,20376500,XOM
2025-02-03 14:30:00+00:00,106.63999938964844,107.30000305175781,105.31999969482422,107.08999633789062,14623200,XOM
2025-02-04 14:30:00+00:00,106.70999908447266,110.27999877929688,106.52999877929688,109.95999908447266,14835700,XOM
2025-02-05 14:30:00+00:00,109.73999786376953,110.01000213623047,109.0999984741211,109.87999725341797,13364400,XOM
2025-02-06 14:30:00+00:00,110.7699966430664,111.05000305175781,107.98999786376953,108.43000030517578,13411400,XOM
2025-02-07 14:30:00+00:00,108.77999877929688,109.7300033569336,108.31999969482422,108.88999938964844,10051600,XOM
2025-02-10 14:30:00+00:00,110.01000213623047,111.02999877929688,109.87999725341797,110.97000122070312,12142200,XOM
2025-02-11 14:30:00+00:00,111.5999984741211,112.51000213623047,110.81999969482422,111.66999816894531,12713100,XOM
2025-02-12 14:30:00+00:00,110.05000305175781,110.2300033569336,107.18000030517578,107.3499984741211,18244100,XOM
2025-02-13 14:30:00+00:00,107.1500015258789,108.41000366210938,106.5199966430664,108.12999725341797,15460000,XOM
2025-02-14 14:30:00+00:00,108.5199966430664,110.2300033569336,108.0999984741211,108.23999786376953,15733500,XOM
2025-02-18 14:30:00+00:00,108.62999725341797,110.98999786376953,108.31999969482422,110.13999938964844,20060300,XOM
2025-02-19 14:30:00+00:00,110.76000213623047,112.12999725341797,110.05999755859375,110.30000305175781,10964700,XOM
2025-02-20 14:30:00+00:00,110.56999969482422,112.41999816894531,109.94999694824219,112.0,16325800,XOM
2025-02-21 14:30:00+00:00,111.31999969482422,111.8499984741211,110.55999755859375,110.69000244140625,14710000,XOM
2025-02-24 14:30:00+00:00,110.93000030517578,111.86000061035156,110.31999969482422,111.2699966430664,13153500,XOM
2025-02-25 14:30:00+00:00,111.30000305175781,112.12999725341797,108.88999938964844,109.7300033569336,14497000,XOM
2025-02-26 14:30:00+00:00,109.73999786376953,109.87000274658203,108.5199966430664,109.45999908447266,10446400,XOM
2025-02-27 14:30:00+00:00,110.01000213623047,111.29000091552734,109.27999877929688,110.1500015258789,15293200,XOM
2025-02-28 14:30:00+00:00,110.11000061035156,111.58000183105469,109.33999633789062,111.33000183105469,18821700,XOM
2025-03-03 14:30:00+00:00,111.69999694824219,112.16000366210938,106.51000213623047,107.76000213623047,18706900,XOM
2025-03-04 14:30:00+00:00,106.36000061035156,108.95999908447266,105.94000244140625,107.54000091552734,19394900,XOM
2025-03-05 14:30:00+00:00,105.83999633789062,106.33000183105469,103.66999816894531,105.44000244140625,24822200,XOM
2025-03-06 14:30:00+00:00,105.43000030517578,108.11000061035156,104.36000061035156,107.62000274658203,17150200,XOM
2025-03-07 14:30:00+00:00,108.41000366210938,110.4000015258789,108.30000305175781,109.0199966430664,19625000,XOM
2025-03-10 13:30:00+00:00,109.27999877929688,112.56999969482422,109.08000183105469,111.80000305175781,22749100,XOM
2025-03-11 13:30:00+00:00,111.91999816894531,112.0999984741211,108.79000091552734,109.16000366210938,19904700,XOM
2025-03-12 13:30:00+00:00,109.05000305175781,110.12999725341797,108.41999816894531,109.12999725341797,14051500,XOM
2025-03-13 13:30:00+00:00,108.33000183105469,110.81999969482422,107.62999725341797,108.66999816894531,17767800,XOM
2025-03-14 13:30:00+00:00,108.94000244140625,112.18000030517578,108.30999755859375,111.9000015258789,15890100,XOM
2025-03-17 13:30:00+00:00,111.80000305175781,114.5,111.7300033569336,113.76000213623047,19908800,XOM
2025-03-18 13:30:00+00:00,114.08999633789062,114.54000091552734,112.56999969482422,113.63999938964844,15998700,XOM
2025-03-19 13:30:00+00:00,114.19999694824219,115.81999969482422,113.83000183105469,115.41000366210938,17315000,XOM
2025-03-20 13:30:00+00:00,114.72000122070312,116.47000122070312,114.20999908447266,115.9000015258789,16230800,XOM
2025-03-21 13:30:00+00:00,115.5,115.98999786376953,114.3499984741211,115.5,41102800,XOM
2025-03-24 13:30:00+00:00,115.68000030517578,116.91000366210938,115.58000183105469,115.80000305175781,14207500,XOM
2025-03-25 13:30:00+00:00,116.43000030517578,117.63999938964844,115.95999908447266,116.58999633789062,12081800,XOM
2025-03-26 13:30:00+00:00,117.68000030517578,119.18000030517578,117.68000030517578,118.2699966430664,14110800,XOM
2025-03-27 13:30:00+00:00,118.0999984741211,119.06999969482422,117.26000213623047,117.88999938964844,12740800,XOM
2025-03-28 13:30:00+00:00,118.0999984741211,118.45999908447266,117.23999786376953,117.7300033569336,10233400,XOM
2025-03-31 13:30:00+00:00,117.79000091552734,119.91000366210938,117.79000091552734,118.93000030517578,21652300,XOM
2025-04-01 13:30:00+00:00,119.22000122070312,119.27999877929688,117.93000030517578,119.04000091552734,12425400,XOM
2025-04-02 13:30:00+00:00,118.38999938964844,118.83999633789062,117.66000366210938,118.66999816894531,12614600,XOM
2025-04-03 13:30:00+00:00,114.37000274658203,115.44999694824219,112.2300033569336,112.43000030517578,21204600,XOM
2025-04-04 13:30:00+00:00,109.87000274658203,110.83000183105469,103.83000183105469,104.33999633789062,30841300,XOM
2025-04-07 13:30:00+00:00,100.38999938964844,105.80000305175781,98.45999908447266,102.94000244140625,35068500,XOM
2025-04-08 13:30:00+00:00,105.45999908447266,105.5999984741211,99.01000213623047,100.7699966430664,27147800,XOM
2025-04-09 13:30:00+00:00,99.37000274658203,106.58000183105469,98.12999725341797,105.80000305175781,30063300,XOM
2025-04-10 13:30:00+00:00,103.70999908447266,103.77999877929688,97.80000305175781,99.93000030517578,33999300,XOM
2025-04-11 13:30:00+00:00,100.30000305175781,103.93000030517578,98.79000091552734,103.13999938964844,22884600,XOM
2025-04-14 13:30:00+00:00,105.02999877929688,105.08999633789062,102.72000122070312,103.38999938964844,18020000,XOM
2025-04-15 13:30:00+00:00,103.63999938964844,105.41000366210938,103.0,103.0999984741211,13164900,XOM
2025-04-16 13:30:00+00:00,103.94999694824219,105.58999633789062,103.69999694824219,104.19000244140625,13607000,XOM
2025-04-17 13:30:00+00:00,104.69000244140625,108.55000305175781,104.45999908447266,106.91999816894531,17916500,XOM
2025-04-21 13:30:00+00:00,105.61000061035156,105.62999725341797,104.12000274658203,105.3499984741211,16926500,XOM
2025-04-22 13:30:00+00:00,106.13999938964844,108.94000244140625,106.13999938964844,108.30000305175781,13147000,XOM
2025-04-23 13:30:00+00:00,108.80999755859375,109.30000305175781,106.47000122070312,107.37000274658203,14235700,XOM
2025-04-24 13:30:00+00:00,107.97000122070312,108.87999725341797,106.95999908447266,108.62999725341797,9849600,XOM
2025-04-25 13:30:00+00:00,108.13999938964844,108.76000213623047,107.41999816894531,108.56999969482422,11245800,XOM
2025-04-28 13:30:00+00:00,108.75,109.25,107.68000030517578,108.62999725341797,13890900,XOM
2025-04-29 13:30:00+00:00,107.73999786376953,108.83000183105469,107.5199966430664,108.36000061035156,9483100,XOM
2025-04-30 13:30:00+00:00,107.41999816894531,107.41999816894531,104.1500015258789,105.62999725341797,20379300,XOM
2025-05-01 13:30:00+00:00,105.0999984741211,106.91999816894531,104.9800033569336,105.77999877929688,18610300,XOM
2025-05-02 13:30:00+00:00,107.72000122070312,109.0,104.55000305175781,106.20999908447266,16581900,XOM
2025-05-05 13:30:00+00:00,104.6500015258789,104.66000366210938,103.06999969482422,103.2699966430664,19624000,XOM
2025-05-06 13:30:00+00:00,103.88999938964844,105.9800033569336,103.4800033569336,104.70999908447266,16303400,XOM
2025-05-07 13:30:00+00:00,104.98999786376953,105.29000091552734,104.06999969482422,104.61000061035156,12332200,XOM
2025-05-08 13:30:00+00:00,105.33999633789062,107.38999938964844,105.33999633789062,106.06999969482422,19196500,XOM
2025-05-09 13:30:00+00:00,107.13999938964844,107.75,106.37999725341797,107.30999755859375,10992100,XOM
2025-05-12 13:30:00+00:00,110.2699966430664,110.44000244140625,108.31999969482422,109.16000366210938,14244600,XOM
2025-05-13 13:30:00+00:00,109.31999969482422,110.51000213623047,109.0199966430664,109.45999908447266,13350800,XOM
2025-05-14 13:30:00+00:00,108.86000061035156,108.86000061035156,107.93000030517578,108.4800033569336,15494900,XOM
2025-05-15 13:30:00+00:00,106.48999786376953,108.6500015258789,105.97000122070312,108.58000183105469,15004300,XOM
2025-05-16 13:30:00+00:00,108.6500015258789,108.88999938964844,107.44999694824219,108.19000244140625,14042500,XOM
2025-05-19 13:30:00+00:00,107.56999969482422,107.56999969482422,105.72000122070312,106.47000122070312,16802700,XOM
2025-05-20 13:30:00+00:00,106.38999938964844,106.72000122070312,104.77999877929688,104.94999694824219,12429300,XOM
2025-05-21 13:30:00+00:00,104.52999877929688,104.97000122070312,103.63999938964844,103.66000366210938,16716100,XOM
2025-05-22 13:30:00+00:00,103.05999755859375,103.47000122070312,101.88999938964844,102.97000122070312,13417400,XOM
2025-05-23 13:30:00+00:00,102.5999984741211,103.47000122070312,102.06999969482422,103.02999877929688,12061600,XOM
2025-05-27 13:30:00+00:00,103.48999786376953,103.86000061035156,102.9000015258789,103.5199966430664,13043600,XOM
2025-05-28 13:30:00+00:00,104.29000091552734,104.43000030517578,101.79000091552734,102.11000061035156,14292400,XOM
2025-05-29 13:30:00+00:00,102.27999877929688,102.8499984741211,101.75,102.69000244140625,13825300,XOM
2025-05-30 13:30:00+00:00,102.16000366210938,102.38999938964844,101.19000244140625,102.30000305175781,28645800,XOM
2025-06-02 13:30:00+00:00,103.75,103.8499984741211,102.22000122070312,103.05000305175781,17290500,XOM
2025-06-03 13:30:00+00:00,102.9000015258789,104.66000366210938,102.20999908447266,103.80000305175781,19194300,XOM
2025-06-04 13:30:00+00:00,103.91999816894531,104.91999816894531,102.30000305175781,102.30000305175781,15648500,XOM
2025-06-05 13:30:00+00:00,102.9800033569336,103.05000305175781,101.7300033569336,101.83000183105469,13924800,XOM
2025-06-06 13:30:00+00:00,102.76000213623047,104.5,102.68000030517578,104.2699966430664,15487800,XOM
2025-06-09 13:30:00+00:00,104.33000183105469,105.8499984741211,103.83000183105469,104.97000122070312,17087300,XOM
2025-06-10 13:30:00+00:00,106.08000183105469,107.6500015258789,105.93000030517578,107.22000122070312,17634800,XOM
2025-06-11 13:30:00+00:00,107.76000213623047,109.38999938964844,106.45999908447266,109.30999755859375,22648200,XOM
2025-06-12 13:30:00+00:00,108.91999816894531,110.19000244140625,108.22000122070312,109.7300033569336,17469400,XOM
2025-06-13 13:30:00+00:00,112.3499984741211,112.52999877929688,110.68000030517578,112.12000274658203,28540200,XOM
2025-06-16 13:30:00+00:00,111.81999969482422,113.16000366210938,111.12999725341797,112.4800033569336,22986100,XOM
2025-06-17 13:30:00+00:00,113.94999694824219,114.93000030517578,113.11000061035156,114.0,19451700,XOM
2025-06-18 13:30:00+00:00,114.61000061035156,115.23999786376953,112.94000244140625,113.19000244140625,17968900,XOM
2025-06-20 13:30:00+00:00,113.44999694824219,115.04000091552734,113.18000030517578,114.69999694824219,36273300,XOM
2025-06-23 13:30:00+00:00,116.69999694824219,116.94999694824219,111.16000366210938,111.73999786376953,26631100,XOM
2025-06-24 13:30:00+00:00,109.25,110.94000244140625,107.91000366210938,108.33999633789062,24828300,XOM
2025-06-25 13:30:00+00:00,108.11000061035156,109.23999786376953,107.69999694824219,108.37000274658203,17483200,XOM
2025-06-26 13:30:00+00:00,108.94000244140625,110.44000244140625,108.55000305175781,109.98999786376953,18304800,XOM
2025-06-27 13:30:00+00:00,109.94000244140625,110.0999984741211,108.37000274658203,109.37999725341797,22002100,XOM
2025-06-30 13:30:00+00:00,108.63999938964844,108.83999633789062,107.72000122070312,107.80000305175781,19199000,XOM
2025-07-01 13:30:00+00:00,108.12999725341797,109.63999938964844,107.1500015258789,109.23999786376953,15536900,XOM
2025-07-02 13:30:00+00:00,110.0,111.36000061035156,108.83000183105469,111.05000305175781,11892200,XOM
2025-07-03 13:30:00+00:00,110.86000061035156,112.47000122070312,110.62000274658203,112.19999694824219,11223600,XOM
2025-07-07 13:30:00+00:00,111.54000091552734,112.05000305175781,110.22000122070312,111.11000061035156,15415900,XOM
2025-07-08 13:30:00+00:00,110.88999938964844,114.45999908447266,110.8499984741211,114.19000244140625,17913400,XOM
2025-07-09 13:30:00+00:00,113.91999816894531,114.2699966430664,113.2699966430664,113.80000305175781,10652100,XOM
2025-07-10 13:30:00+00:00,113.70999908447266,115.2699966430664,113.06999969482422,114.93000030517578,14901700,XOM
2025-07-11 13:30:00+00:00,114.8499984741211,115.76000213623047,114.51000213623047,115.43000030517578,11683900,XOM
2025-07-14 13:30:00+00:00,115.2300033569336,115.2300033569336,113.22000122070312,113.91999816894531,13220300,XOM
2025-07-15 13:30:00+00:00,113.66000366210938,114.05999755859375,112.5999984741211,112.91000366210938,10959300,XOM
2025-07-16 13:30:00+00:00,112.87999725341797,113.5,112.0999984741211,112.2300033569336,11158900,XOM
2025-07-17 13:30:00+00:00,111.48999786376953,112.2300033569336,111.08999633789062,111.66000366210938,13151400,XOM
2025-07-18 13:30:00+00:00,111.11000061035156,111.7300033569336,107.33999633789062,107.7699966430664,32366600,XOM
2025-07-21 13:30:00+00:00,107.5999984741211,108.7699966430664,107.44000244140625,108.05000305175781,17010400,XOM
2025-07-22 13:30:00+00:00,107.9800033569336,109.44000244140625,107.61000061035156,108.54000091552734,13970900,XOM
2025-07-23 13:30:00+00:00,108.93000030517578,110.0,108.8499984741211,109.93000030517578,12002700,XOM
2025-07-24 13:30:00+00:00,109.66000366210938,110.94999694824219,109.12999725341797,110.79000091552734,15647200,XOM
2025-07-25 13:30:00+00:00,110.7300033569336,110.9800033569336,109.69999694824219,110.4000015258789,10548900,XOM
2025-07-28 13:30:00+00:00,111.0,112.11000061035156,110.83999633789062,111.44000244140625,12353000,XOM
2025-07-29 13:30:00+00:00,111.9000015258789,113.0,111.41000366210938,112.87999725341797,15928000,XOM
2025-07-30 13:30:00+00:00,112.41000366210938,112.61000061035156,111.26000213623047,111.9000015258789,12996900,XOM
2025-07-31 13:30:00+00:00,110.36000061035156,112.5,110.36000061035156,111.63999938964844,17233700,XOM
2025-08-01 13:30:00+00:00,112.0,112.54000091552734,108.86000061035156,109.63999938964844,19652000,XOM
2025-08-04 13:30:00+00:00,109.22000122070312,109.91999816894531,107.08999633789062,107.37000274658203,19129500,XOM
2025-08-05 13:30:00+00:00,107.22000122070312,107.81999969482422,106.06999969482422,107.23999786376953,21314300,XOM
2025-08-06 13:30:00+00:00,108.30999755859375,109.05000305175781,106.37000274658203,106.51000213623047,15321800,XOM
2025-08-07 13:30:00+00:00,107.13999938964844,108.05999755859375,105.88999938964844,105.94999694824219,13468300,XOM
2025-08-08 13:30:00+00:00,106.5,107.51000213623047,105.94999694824219,106.80000305175781,14417700,XOM
2025-08-11 13:30:00+00:00,107.11000061035156,107.52999877929688,105.52999877929688,105.83000183105469,13570700,XOM
2025-08-12 13:30:00+00:00,106.33999633789062,107.27999877929688,105.77999877929688,106.12999725341797,14109400,XOM
2025-08-13 13:30:00+00:00,106.0,107.5999984741211,105.73999786376953,107.5999984741211,17958700,XOM
2025-08-14 13:30:00+00:00,107.55000305175781,107.58999633789062,106.44000244140625,107.37999725341797,13683500,XOM
2025-08-15 13:30:00+00:00,106.19000244140625,107.55999755859375,105.94999694824219,106.48999786376953,19271900,XOM
2025-08-18 13:30:00+00:00,106.0999984741211,107.2300033569336,105.66999816894531,106.72000122070312,13040000,XOM
2025-08-19 13:30:00+00:00,106.19999694824219,107.45999908447266,106.1500015258789,107.41999816894531,16113600,XOM
2025-08-20 13:30:00+00:00,107.87999725341797,109.33000183105469,107.68000030517578,108.52999877929688,18959700,XOM
2025-08-21 13:30:00+00:00,108.41999816894531,109.56999969482422,107.95999908447266,109.2300033569336,12194900,XOM
2025-08-22 13:30:00+00:00,109.5999984741211,111.41000366210938,109.5999984741211,111.27999877929688,13586700,XOM
2025-08-25 13:30:00+00:00,110.9000015258789,111.91999816894531,110.54000091552734,111.73999786376953,9744900,XOM
2025-08-26 13:30:00+00:00,111.37000274658203,111.80999755859375,110.36000061035156,111.48999786376953,18143900,XOM
2025-08-27 13:30:00+00:00,111.41999816894531,112.9800033569336,111.41999816894531,112.75,15262600,XOM
2025-08-28 13:30:00+00:00,112.87000274658203,113.6500015258789,112.06999969482422,113.3499984741211,14189800,XOM
2025-08-29 13:30:00+00:00,113.72000122070312,114.79000091552734,113.58000183105469,114.29000091552734,14597900,XOM
2025-09-02 13:30:00+00:00,114.18000030517578,115.23999786376953,113.33000183105469,114.69000244140625,15206700,XOM
2025-09-03 13:30:00+00:00,113.97000122070312,114.43000030517578,111.45999908447266,111.91000366210938,14920100,XOM
2025-09-04 13:30:00+00:00,112.11000061035156,113.12999725341797,111.37999725341797,112.4000015258789,12864400,XOM
2025-09-05 13:30:00+00:00,111.5999984741211,111.77999877929688,109.0199966430664,109.2300033569336,16826700,XOM
2025-09-08 13:30:00+00:00,109.7300033569336,110.05000305175781,108.3499984741211,109.8499984741211,15440500,XOM
2025-09-09 13:30:00+00:00,110.52999877929688,112.51000213623047,110.52999877929688,110.6500015258789,14899500,XOM
2025-09-10 13:30:00+00:00,111.16000366210938,112.55999755859375,110.83999633789062,112.5,15837600,XOM
2025-09-11 13:30:00+00:00,111.4000015258789,112.7699966430664,110.87000274658203,112.13999938964844,11534500,XOM
2025-09-12 13:30:00+00:00,112.86000061035156,113.22000122070312,111.87999725341797,112.16000366210938,11105700,XOM
2025-09-15 13:30:00+00:00,112.18000030517578,112.45999908447266,111.31999969482422,112.3499984741211,12880500,XOM
2025-09-16 13:30:00+00:00,112.95999908447266,115.31999969482422,112.77999877929688,114.68000030517578,17208000,XOM
2025-09-17 13:30:00+00:00,114.52999877929688,115.48999786376953,114.05000305175781,115.29000091552734,13302000,XOM
2025-09-18 13:30:00+00:00,115.16999816894531,115.3499984741211,113.4000015258789,113.93000030517578,14628700,XOM
2025-09-19 13:30:00+00:00,113.9000015258789,113.9800033569336,112.63999938964844,112.81999969482422,38746500,XOM
2025-09-22 13:30:00+00:00,112.44999694824219,112.80000305175781,111.55999755859375,112.0199966430664,15611500,XOM
2025-09-23 13:30:00+00:00,112.72000122070312,114.75,112.4800033569336,113.94999694824219,25369100,XOM
2025-09-24 13:30:00+00:00,114.56999969482422,115.76000213623047,114.47000122070312,114.55999755859375,14756100,XOM
2025-09-25 13:30:00+00:00,114.63999938964844,115.9000015258789,114.41000366210938,115.58999633789062,15012600,XOM
2025-09-26 13:30:00+00:00,115.95999908447266,118.36000061035156,115.91999816894531,117.22000122070312,18568900,XOM
2025-09-29 13:30:00+00:00,116.05999755859375,116.5,113.66999816894531,114.22000122070312,19189300,XOM
2025-09-30 13:30:00+00:00,113.3499984741211,113.48999786376953,111.94000244140625,112.75,18076200,XOM
2025-10-01 13:30:00+00:00,112.55999755859375,113.0199966430664,111.29000091552734,111.98999786376953,16614000,XOM
2025-10-02 13:30:00+00:00,111.97000122070312,113.08999633789062,111.02999877929688,111.29000091552734,13062600,XOM
2025-10-03 13:30:00+00:00,111.9000015258789,113.75,111.9000015258789,113.26000213623047,12950100,XOM
2025-10-06 13:30:00+00:00,113.29000091552734,114.7699966430664,113.18000030517578,114.19999694824219,12036800,XOM
2025-10-07 13:30:00+00:00,114.06999969482422,114.51000213623047,111.73999786376953,114.26000213623047,11945000,XOM
2025-10-08 13:30:00+00:00,114.37999725341797,115.01000213623047,113.41000366210938,114.0199966430664,12301000,XOM
2025-10-09 13:30:00+00:00,114.43000030517578,115.51000213623047,112.73999786376953,112.91000366210938,10976200,XOM
2025-10-10 13:30:00+00:00,112.26000213623047,112.62000274658203,110.70999908447266,110.7300033569336,13811600,XOM
2025-10-13 13:30:00+00:00,111.54000091552734,112.30000305175781,111.31999969482422,112.23999786376953,10296500,XOM
2025-10-14 13:30:00+00:00,110.76000213623047,112.95999908447266,110.70999908447266,112.29000091552734,11167200,XOM
2025-10-15 13:30:00+00:00,112.80000305175781,113.56999969482422,110.97000122070312,111.61000061035156,12182900,XOM
2025-10-16 13:30:00+00:00,111.87999725341797,112.19000244140625,110.38999938964844,110.63999938964844,11782200,XOM
2025-10-17 13:30:00+00:00,111.62999725341797,112.91000366210938,111.18000030517578,112.23999786376953,13460100,XOM
2025-10-20 13:30:00+00:00,112.0,113.1500015258789,111.9800033569336,112.69999694824219,9523600,XOM
2025-10-21 13:30:00+00:00,112.88999938964844,113.36000061035156,111.98999786376953,112.70999908447266,9202300,XOM
2025-10-22 13:30:00+00:00,113.44999694824219,115.18000030517578,113.08000183105469,114.70999908447266,12938800,XOM
2025-10-23 13:30:00+00:00,116.62999725341797,116.8499984741211,115.36000061035156,115.9800033569336,15001100,XOM
2025-10-24 13:30:00+00:00,116.3499984741211,116.47000122070312,115.18000030517578,115.38999938964844,9919400,XOM
2025-10-27 13:30:00+00:00,115.69999694824219,115.98999786376953,115.0999984741211,115.94000244140625,10975400,XOM
2025-10-28 13:30:00+00:00,115.48999786376953,116.18000030517578,114.98999786376953,115.02999877929688,9535200,XOM
2025-10-29 13:30:00+00:00,114.91999816894531,117.05000305175781,114.80999755859375,116.44999694824219,12570600,XOM
2025-10-30 13:30:00+00:00,116.43000030517578,116.5199966430664,114.52999877929688,114.69000244140625,16172900,XOM
2025-10-31 13:30:00+00:00,113.9800033569336,115.2300033569336,112.62000274658203,114.36000061035156,20213400,XOM
2025-11-03 14:30:00+00:00,114.5,114.98999786376953,113.63999938964844,113.76000213623047,12290300,XOM
2025-11-04 14:30:00+00:00,113.37999725341797,114.3499984741211,112.51000213623047,114.13999938964844,16860700,XOM
2025-11-05 14:30:00+00:00,114.08999633789062,115.18000030517578,113.66999816894531,113.68000030517578,12400900,XOM
2025-11-06 14:30:00+00:00,113.63999938964844,114.94000244140625,113.63999938964844,114.5,14219700,XOM
2025-11-07 14:30:00+00:00,115.20999908447266,117.51000213623047,114.9000015258789,117.22000122070312,17181100,XOM
2025-11-10 14:30:00+00:00,117.44000244140625,118.44999694824219,115.45999908447266,118.22000122070312,13048000,XOM
2025-11-11 14:30:00+00:00,118.83000183105469,120.80999755859375,118.83000183105469,119.77999877929688,16077100,XOM
2025-11-12 14:30:00+00:00,119.0999984741211,119.27999877929688,117.79000091552734,118.12000274658203,13790900,XOM
2025-11-13 14:30:00+00:00,118.62999725341797,119.76000213623047,118.27999877929688,118.79000091552734,17291900,XOM
2025-11-14 14:30:00+00:00,118.44999694824219,119.4800033569336,116.66000366210938,119.29000091552734,17064300,XOM
2025-11-17 14:30:00+00:00,118.97000122070312,119.5,117.11000061035156,117.68000030517578,16034900,XOM
2025-11-18 14:30:00+00:00,117.26000213623047,119.4800033569336,116.4800033569336,119.02999877929688,15808500,XOM
2025-11-19 14:30:00+00:00,116.8499984741211,118.18000030517578,115.93000030517578,117.3499984741211,15919200,XOM
2025-11-20 14:30:00+00:00,117.9800033569336,119.01000213623047,116.73999786376953,117.0199966430664,14401000,XOM
2025-11-21 14:30:00+00:00,116.98999786376953,117.37999725341797,115.6500015258789,117.08000183105469,15667600,XOM
2025-11-24 14:30:00+00:00,117.19999694824219,117.19999694824219,114.73999786376953,115.97000122070312,18034900,XOM
2025-11-25 14:30:00+00:00,115.18000030517578,115.9000015258789,114.19000244140625,114.51000213623047,14434600,XOM
2025-11-26 14:30:00+00:00,114.41000366210938,115.73999786376953,114.30999755859375,114.7699966430664,11650600,XOM
2025-11-28 14:30:00+00:00,114.94999694824219,118.73999786376953,114.81999969482422,115.91999816894531,7240800,XOM
2025-12-01 14:30:00+00:00,116.0999984741211,117.41000366210938,116.0999984741211,116.62999725341797,12658100,XOM
2025-12-02 14:30:00+00:00,116.44000244140625,116.5999984741211,114.69000244140625,115.37999725341797,14607700,XOM
2025-12-03 14:30:00+00:00,115.94999694824219,117.9800033569336,115.87999725341797,117.80000305175781,16819100,XOM
2025-12-04 14:30:00+00:00,117.5,118.33999633789062,116.66000366210938,117.13999938964844,13686900,XOM
2025-12-05 14:30:00+00:00,116.75,118.77999877929688,116.41000366210938,116.54000091552734,12516900,XOM
2025-12-08 14:30:00+00:00,115.83000183105469,117.0,115.04000091552734,115.9800033569336,14904200,XOM
2025-12-09 14:30:00+00:00,116.9000015258789,120.47000122070312,116.88999938964844,118.25,23790800,XOM
2025-12-10 14:30:00+00:00,118.7300033569336,119.87000274658203,118.37000274658203,119.54000091552734,19845200,XOM
2025-12-11 14:30:00+00:00,119.11000061035156,120.36000061035156,119.06999969482422,119.54000091552734,14781800,XOM
2025-12-12 14:30:00+00:00,119.44000244140625,119.91999816894531,118.30999755859375,118.81999969482422,14459500,XOM
2025-12-15 14:30:00+00:00,119.01000213623047,119.02999877929688,116.8499984741211,117.76000213623047,16358700,XOM
2025-12-16 14:30:00+00:00,116.7699966430664,116.83999633789062,114.61000061035156,114.68000030517578,17638700,XOM
2025-12-17 14:30:00+00:00,115.20999908447266,117.62000274658203,115.16999816894531,117.41000366210938,18502200,XOM
2025-12-18 14:30:00+00:00,116.98999786376953,116.98999786376953,115.62999725341797,116.54000091552734,13705600,XOM
2025-12-19 14:30:00+00:00,116.75,117.56999969482422,115.95999908447266,116.69000244140625,45412800,XOM
2025-12-22 14:30:00+00:00,117.33999633789062,118.45999908447266,117.33999633789062,118.1500015258789,11768600,XOM
2025-12-23 14:30:00+00:00,118.47000122070312,120.02999877929688,118.31999969482422,119.41999816894531,12567600,XOM
2025-12-24 14:30:00+00:00,119.33000183105469,120.05000305175781,119.12000274658203,119.22000122070312,6137400,XOM
2025-12-26 14:30:00+00:00,118.88999938964844,119.55000305175781,118.52999877929688,119.11000061035156,8066100,XOM
2025-12-29 14:30:00+00:00,120.1500015258789,121.30000305175781,119.4000015258789,120.52999877929688,14782500,XOM
2025-12-30 14:30:00+00:00,121.0999984741211,121.80000305175781,120.62999725341797,120.98999786376953,11150500,XOM
2025-12-31 14:30:00+00:00,121.18000030517578,121.26000213623047,119.87000274658203,120.33999633789062,10559900,XOM
2026-01-02 14:30:00+00:00,120.08999633789062,122.68000030517578,119.61000061035156,122.6500015258789,14175100,XOM
2026-01-05 14:30:00+00:00,125.20999908447266,125.93000030517578,122.38999938964844,125.36000061035156,30112200,XOM
2026-01-06 14:30:00+00:00,125.3499984741211,125.80000305175781,121.0,121.05000305175781,23328600,XOM
2026-01-07 14:30:00+00:00,119.80000305175781,120.12000274658203,118.2699966430664,118.48999786376953,20353000,XOM
2026-01-08 14:30:00+00:00,118.9800033569336,123.62999725341797,118.66000366210938,122.91000366210938,20232700,XOM
2026-01-09 14:30:00+00:00,123.2300033569336,124.86000061035156,123.0999984741211,124.61000061035156,16137700,XOM
2026-01-12 14:30:00+00:00,124.45999908447266,124.5,122.55999755859375,124.02999877929688,15314900,XOM
2026-01-13 14:30:00+00:00,125.0,127.13999938964844,124.80999755859375,126.54000091552734,21619700,XOM
2026-01-14 14:30:00+00:00,127.3499984741211,131.72000122070312,127.12999725341797,130.1999969482422,27593900,XOM
2026-01-15 14:30:00+00:00,129.1300048828125,130.1999969482422,128.3000030517578,129.1300048828125,17400000,XOM
2026-01-16 14:30:00+00:00,128.91000366210938,130.16000366210938,128.8699951171875,129.88999938964844,16592400,XOM
2026-01-20 14:30:00+00:00,131.50999450683594,131.94000244140625,130.07000732421875,130.4600067138672,16477300,XOM
2026-01-21 14:30:00+00:00,131.91000366210938,133.72999572753906,131.91000366210938,133.61000061035156,18879900,XOM
2026-01-22 14:30:00+00:00,133.0500030517578,134.17999267578125,131.85000610351562,133.63999938964844,16600100,XOM
2026-01-23 14:30:00+00:00,135.08999633789062,135.97999572753906,134.47999572753906,134.97000122070312,17758200,XOM
2026-01-26 14:30:00+00:00,136.92999267578125,136.94000244140625,134.1699981689453,134.83999633789062,16056100,XOM
2026-01-27 14:30:00+00:00,135.25,136.92999267578125,134.7100067138672,136.8300018310547,14517000,XOM
2026-01-28 14:30:00+00:00,137.69000244140625,138.00999450683594,136.6699981689453,137.5800018310547,15637300,XOM
2026-01-29 14:30:00+00:00,140.32000732421875,142.33999633789062,139.11000061035156,140.50999450683594,35760600,XOM
2026-01-30 14:30:00+00:00,138.74000549316406,142.2100067138672,137.8300018310547,141.39999389648438,29657700,XOM
2026-02-02 14:30:00+00:00,139.8300018310547,140.32000732421875,138.05999755859375,138.39999389648438,27735600,XOM
2026-02-03 14:30:00+00:00,138.63999938964844,145.00999450683594,138.30999755859375,143.72999572753906,37577800,XOM
2026-02-04 14:30:00+00:00,144.1199951171875,147.83999633789062,144.1199951171875,147.58999633789062,29426200,XOM
2026-02-05 14:30:00+00:00,146.5800018310547,146.72999572753906,143.8000030517578,146.0800018310547,18431700,XOM
2026-02-06 14:30:00+00:00,146.6199951171875,149.57000732421875,146.08999633789062,149.0500030517578,17216000,XOM
2026-02-09 14:30:00+00:00,149.25999450683594,151.5500030517578,148.6300048828125,151.2100067138672,21297300,XOM
2026-02-10 14:30:00+00:00,151.35000610351562,151.77999877929688,149.82000732421875,151.58999633789062,15800300,XOM
2026-02-11 14:30:00+00:00,153.97000122070312,156.92999267578125,153.57000732421875,155.55999755859375,23091500,XOM
2026-02-12 14:30:00+00:00,153.88999938964844,155.25,149.8800048828125,149.92999267578125,30652500,XOM
2026-02-13 14:30:00+00:00,150.5500030517578,151.66000366210938,147.97999572753906,148.4499969482422,20166000,XOM
2026-02-17 14:30:00+00:00,148.1999969482422,149.1300048828125,145.14999389648438,146.19000244140625,19766600,XOM
2026-02-18 14:30:00+00:00,148.14999389648438,150.97999572753906,147.61000061035156,150.67999267578125,19849700,XOM
2026-02-19 14:30:00+00:00,152.1999969482422,153.3800048828125,150.83999633789062,150.97000122070312,20305000,XOM
2026-02-20 14:30:00+00:00,150.49000549316406,150.80999755859375,146.4600067138672,147.27999877929688,25908600,XOM
2026-02-23 14:30:00+00:00,148.14999389648438,151.27000427246094,148.1300048828125,150.75999450683594,16073100,XOM
2026-02-24 14:30:00+00:00,150.4199981689453,150.72000122070312,148.02999877929688,149.25999450683594,14185500,XOM
2026-02-25 14:30:00+00:00,149.91000366210938,150.17999267578125,147.3300018310547,149.05999755859375,15225700,XOM
2026-02-26 14:30:00+00:00,147.80999755859375,150.9600067138672,146.77000427246094,148.5399932861328,15632100,XOM
2026-02-27 14:30:00+00:00,151.0,153.64999389648438,149.25,152.5,30275100,XOM
2026-03-02 14:30:00+00:00,159.35000610351562,159.61000061035156,153.02999877929688,154.22000122070312,31493100,XOM
2026-03-03 14:30:00+00:00,155.42999267578125,156.0500030517578,150.3000030517578,151.8300018310547,25198900,XOM
2026-03-04 14:30:00+00:00,150.72000122070312,151.16000366210938,147.86000061035156,149.82000732421875,16764800,XOM
2026-03-05 14:30:00+00:00,151.0,152.3300018310547,149.47000122070312,150.75999450683594,22969300,XOM
2026-03-06 14:30:00+00:00,153.14999389648438,153.8000030517578,149.9600067138672,151.2100067138672,21136400,XOM
2026-03-09 13:30:00+00:00,152.02000427246094,153.88999938964844,149.47000122070312,150.44000244140625,25532700,XOM
2026-03-10 13:30:00+00:00,149.25,150.39999389648438,147.6999969482422,148.1300048828125,19617600,XOM
2026-03-11 13:30:00+00:00,147.99000549316406,151.80999755859375,147.66000366210938,151.5800018310547,15297400,XOM
2026-03-12 13:30:00+00:00,152.27000427246094,155.0,151.6300048828125,153.52999877929688,26054000,XOM
2026-03-13 13:30:00+00:00,154.3000030517578,156.88999938964844,152.97999572753906,156.1199951171875,22414100,XOM
2026-03-16 13:30:00+00:00,156.0,157.77999877929688,154.75999450683594,157.22999572753906,22835600,XOM
2026-03-17 13:30:00+00:00,158.25,160.4499969482422,156.8000030517578,158.80999755859375,21592200,XOM
2026-03-18 13:30:00+00:00,159.66000366210938,160.17999267578125,157.52999877929688,157.58999633789062,18947100,XOM
2026-03-19 13:30:00+00:00,158.25999450683594,159.55999755859375,154.83999633789062,158.16000366210938,27082700,XOM
2026-03-20 13:30:00+00:00,159.35000610351562,162.44000244140625,159.10000610351562,159.6699981689453,53942100,XOM
2026-03-23 13:30:00+00:00,156.1199951171875,161.4199981689453,155.02000427246094,161.1300048828125,25021300,XOM
2026-03-24 13:30:00+00:00,161.7100067138672,167.47999572753906,161.25,165.3800048828125,26131800,XOM
2026-03-25 13:30:00+00:00,163.8699951171875,165.0,162.92999267578125,163.25999450683594,17192300,XOM
2026-03-26 13:30:00+00:00,164.08999633789062,165.67999267578125,162.05999755859375,165.42999267578125,18625200,XOM
2026-03-27 13:30:00+00:00,165.5800018310547,171.22999572753906,164.8000030517578,170.99000549316406,30338300,XOM
2026-03-30 13:30:00+00:00,172.50999450683594,176.41000366210938,171.0500030517578,171.47000122070312,29813500,XOM
2026-03-31 13:30:00+00:00,172.6699981689453,174.3800048828125,165.97000122070312,169.66000366210938,32006700,XOM
2026-04-01 13:30:00+00:00,165.77000427246094,168.0,159.52999877929688,160.77999877929688,37927600,XOM
2026-04-02 13:30:00+00:00,164.49000549316406,166.89999389648438,159.58999633789062,160.69000244140625,25377700,XOM
2026-04-06 13:30:00+00:00,160.57000732421875,163.75,159.52999877929688,163.3699951171875,16344300,XOM
2026-04-07 13:30:00+00:00,164.22000122070312,166.24000549316406,161.77000427246094,163.91000366210938,25227500,XOM
2026-04-08 13:30:00+00:00,153.52000427246094,156.35000610351562,150.97999572753906,156.22000122070312,31311200,XOM
2026-04-09 13:30:00+00:00,156.86000061035156,159.22999572753906,154.30999755859375,155.0399932861328,25868400,XOM
2026-04-10 13:30:00+00:00,154.0399932861328,155.1199951171875,151.9199981689453,152.50999450683594,21065000,XOM
2026-04-13 13:30:00+00:00,154.27000427246094,154.6199951171875,151.27999877929688,152.63999938964844,18685600,XOM
2026-04-14 13:30:00+00:00,150.07000732421875,150.11000061035156,146.72000122070312,149.24000549316406,18528200,XOM
2026-04-15 13:30:00+00:00,148.60000610351562,150.22999572753906,146.89999389648438,149.00999450683594,15626500,XOM
2026-04-16 13:30:00+00:00,149.52999877929688,152.77999877929688,149.35000610351562,151.97999572753906,15191000,XOM
2026-04-17 13:30:00+00:00,144.86000061035156,146.8000030517578,141.97000122070312,146.44000244140625,28947400,XOM
2026-04-20 13:30:00+00:00,147.3800048828125,149.3699951171875,146.35000610351562,147.67999267578125,16354400,XOM
2026-04-21 13:30:00+00:00,147.3699951171875,148.80999755859375,146.24000549316406,148.36000061035156,17515900,XOM
2026-04-22 13:30:00+00:00,149.3699951171875,150.67999267578125,148.17999267578125,149.5,13738700,XOM
2026-04-23 13:30:00+00:00,149.85000610351562,151.22999572753906,148.5,150.52999877929688,12970400,XOM
2026-04-24 13:30:00+00:00,149.63999938964844,150.3000030517578,146.9499969482422,148.91000366210938,13735900,XOM
2026-04-27 13:30:00+00:00,149.16000366210938,151.17999267578125,147.97000122070312,148.19000244140625,13940800,XOM
2026-04-28 13:30:00+00:00,151.52999877929688,152.30999755859375,149.8300018310547,150.55999755859375,15173600,XOM
2026-04-29 13:30:00+00:00,152.02000427246094,154.9499969482422,151.00999450683594,154.6699981689453,14669100,XOM
2026-04-30 13:30:00+00:00,152.42999267578125,155.69000244140625,151.33999633789062,154.3300018310547,22885900,XOM
2026-05-01 13:30:00+00:00,152.61000061035156,155.00999450683594,151.1300048828125,152.75,15458200,XOM
2026-05-04 13:30:00+00:00,152.6699981689453,154.47000122070312,149.52000427246094,153.69000244140625,14238500,XOM
2026-05-05 13:30:00+00:00,153.10000610351562,155.2899932861328,152.41000366210938,154.8800048828125,12494600,XOM
2026-05-06 13:30:00+00:00,149.07000732421875,150.3300018310547,147.08999633789062,148.69000244140625,20527000,XOM
2026-05-07 13:30:00+00:00,146.8000030517578,147.0800018310547,144.19000244140625,146.5800018310547,22509400,XOM
2026-05-08 13:30:00+00:00,145.85000610351562,146.5,143.9199981689453,144.57000732421875,19550100,XOM
2026-05-11 13:30:00+00:00,146.02000427246094,149.72000122070312,146.0,149.67999267578125,14849500,XOM
2026-05-12 13:30:00+00:00,151.25,151.80999755859375,149.77000427246094,150.6300048828125,16443100,XOM
2026-05-13 13:30:00+00:00,150.05999755859375,151.7899932861328,149.67999267578125,151.57000732421875,15772800,XOM
2026-05-14 13:30:00+00:00,151.89999389648438,153.1199951171875,151.25999450683594,152.77999877929688,11331500,XOM
2026-05-15 13:30:00+00:00,153.75,158.0,153.0,157.9199981689453,27882400,XOM
2026-05-18 13:30:00+00:00,157.32000732421875,161.72999572753906,155.22999572753906,160.49000549316406,20065200,XOM
2026-05-19 13:30:00+00:00,161.5,163.32000732421875,159.63999938964844,162.5500030517578,20715600,XOM
2026-05-20 13:30:00+00:00,161.61000061035156,163.67999267578125,156.27000427246094,156.27999877929688,18509700,XOM
2026-05-21 13:30:00+00:00,158.4199981689453,159.38999938964844,153.4600067138672,155.2899932861328,17061700,XOM
2026-05-22 13:30:00+00:00,154.02999877929688,155.5500030517578,153.1699981689453,154.9199981689453,12948500,XOM
2026-05-26 13:30:00+00:00,153.5,154.5500030517578,149.47000122070312,149.80999755859375,13057800,XOM
2026-05-27 13:30:00+00:00,147.22999572753906,148.69000244140625,145.75,147.89999389648438,16241100,XOM
2026-05-28 13:30:00+00:00,149.33999633789062,150.2100067138672,146.8699951171875,146.9600067138672,14012500,XOM
2026-05-29 13:30:00+00:00,146.19000244140625,146.92999267578125,144.7100067138672,145.25999450683594,27959900,XOM
2026-06-01 13:30:00+00:00,147.02000427246094,149.64999389648438,147.0,149.3800048828125,16732100,XOM
2026-06-02 13:30:00+00:00,149.02999877929688,150.8300018310547,148.5,149.55999755859375,10462400,XOM
2026-06-03 13:30:00+00:00,150.61000061035156,154.91000366210938,150.02000427246094,152.52999877929688,14373000,XOM
2026-06-04 13:30:00+00:00,152.0500030517578,153.42999267578125,150.94000244140625,152.0399932861328,11799400,XOM
2026-06-05 13:30:00+00:00,152.00999450683594,152.1300048828125,149.3000030517578,149.9199981689453,16584000,XOM
2026-06-08 13:30:00+00:00,151.16000366210938,153.80999755859375,150.89999389648438,151.75,13870900,XOM
2026-06-09 13:30:00+00:00,150.91000366210938,151.1300048828125,147.77999877929688,148.91000366210938,18163500,XOM
2026-06-10 13:30:00+00:00,151.22999572753906,152.49000549316406,149.55999755859375,150.6199951171875,14596500,XOM
2026-06-11 13:30:00+00:00,152.3000030517578,152.49000549316406,146.4199981689453,146.60000610351562,17285800,XOM
2026-06-12 13:30:00+00:00,145.6300048828125,148.91000366210938,145.14999389648438,147.00999450683594,17713100,XOM
2026-06-15 13:30:00+00:00,139.74000549316406,141.97999572753906,137.72000122070312,140.9199981689453,23631400,XOM
2026-06-16 13:30:00+00:00,140.19000244140625,142.14999389648438,139.97999572753906,141.86000061035156,18925400,XOM
2026-06-17 13:30:00+00:00,141.22000122070312,142.33999633789062,140.32000732421875,140.74000549316406,16663200,XOM
2026-06-18 13:30:00+00:00,138.32000732421875,138.4600067138672,135.85000610351562,137.80999755859375,48063400,XOM
2026-06-22 13:30:00+00:00,138.5399932861328,139.0,137.02000427246094,138.47000122070312,15783300,XOM
2026-06-23 13:30:00+00:00,139.4600067138672,140.38999938964844,138.5,139.72999572753906,13699400,XOM
2026-06-24 13:30:00+00:00,137.1199951171875,137.63999938964844,135.58999633789062,136.89999389648438,16212900,XOM
2026-06-25 13:30:00+00:00,135.63999938964844,138.07000732421875,134.9499969482422,137.5500030517578,13288800,XOM
2026-06-26 13:30:00+00:00,136.97000122070312,137.5800018310547,135.9199981689453,136.5399932861328,22684200,XOM
2026-06-29 13:30:00+00:00,136.5800018310547,137.38999938964844,135.38999938964844,136.05999755859375,11972700,XOM
2026-06-30 13:30:00+00:00,136.47999572753906,137.3000030517578,135.3300018310547,136.72000122070312,28784000,XOM
2026-07-01 13:30:00+00:00,136.52999877929688,137.49000549316406,135.6300048828125,136.27999877929688,12433400,XOM
2026-07-02 13:30:00+00:00,137.14999389648438,139.13999938964844,136.3300018310547,137.08999633789062,13703300,XOM
2026-07-06 13:30:00+00:00,136.5500030517578,137.3699951171875,136.00999450683594,136.44000244140625,13915100,XOM
2026-07-07 13:30:00+00:00,138.55999755859375,141.74000549316406,138.1300048828125,141.69000244140625,14667800,XOM
2026-07-08 13:30:00+00:00,143.44000244140625,143.99000549316406,139.80999755859375,141.1300048828125,18291400,XOM
2026-07-09 13:30:00+00:00,139.66000366210938,140.0500030517578,137.1199951171875,137.4600067138672,14110200,XOM
2026-07-10 13:30:00+00:00,137.89999389648438,138.97000122070312,137.13999938964844,138.8800048828125,9753500,XOM
2026-07-13 13:30:00+00:00,140.9199981689453,145.22999572753906,140.49000549316406,144.50999450683594,18724300,XOM
2026-07-14 13:30:00+00:00,145.50999450683594,146.0,143.88999938964844,145.08999633789062,16096400,XOM
2026-07-15 13:30:00+00:00,145.08999633789062,145.08999633789062,142.02999877929688,144.50999450683594,13444500,XOM
2026-07-16 13:30:00+00:00,145.27999877929688,146.8699951171875,144.5500030517578,145.9499969482422,13518000,XOM
2026-07-17 13:30:00+00:00,149.02999877929688,150.0,147.1699981689453,147.36000061035156,19031400,XOM
2026-07-20 13:30:00+00:00,146.5,149.08999633789062,146.22999572753906,148.36000061035156,12149200,XOM
2026-07-21 13:30:00+00:00,149.00999450683594,151.75999450683594,148.47999572753906,151.7100067138672,13140400,XOM
